notebook,repo,confidence,evidence,notebook_url,repo_url
Mytilus reboot,project-myt-crass-methylation,0.2,Weak overlap: Blue mussel (Mytilus spp.),https://sr320.github.io/tumbling-oysters/posts/83-mytilus-reboot/index.html,https://github.com/RobertsLab/project-myt-crass-methylation
Gene body methylation plots,project-mytilus-methylation,0.2,"Weak overlap: DNA methylation, methylation",https://sr320.github.io/tumbling-oysters/posts/65-gbm-plots/index.html,https://github.com/RobertsLab/project-mytilus-methylation
Gene body methylation plots,project-caligus-methylation,0.2,"Weak overlap: DNA methylation, methylation",https://sr320.github.io/tumbling-oysters/posts/65-gbm-plots/index.html,https://github.com/RobertsLab/project-caligus-methylation
Gene body methylation plots,project-myt-crass-methylation,0.2,"Weak overlap: DNA methylation, methylation",https://sr320.github.io/tumbling-oysters/posts/65-gbm-plots/index.html,https://github.com/RobertsLab/project-myt-crass-methylation
Gene body methylation plots,EpiDiverse-snp,0.2,"Weak overlap: DNA methylation, methylation",https://sr320.github.io/tumbling-oysters/posts/65-gbm-plots/index.html,https://github.com/RobertsLab/EpiDiverse-snp
Gene body methylation plots,project-gigas-oa-meth,0.2,"Weak overlap: DNA methylation, methylation",https://sr320.github.io/tumbling-oysters/posts/65-gbm-plots/index.html,https://github.com/RobertsLab/project-gigas-oa-meth
Gene body methylation plots,paper-gigas-metaanalysis,0.2,"Weak overlap: DNA methylation, methylation",https://sr320.github.io/tumbling-oysters/posts/65-gbm-plots/index.html,https://github.com/RobertsLab/paper-gigas-metaanalysis
Gene methylation,project-mytilus-methylation,0.2,"Weak overlap: DNA methylation, methylation",https://sr320.github.io/tumbling-oysters/posts/61-gene-meth/index.html,https://github.com/RobertsLab/project-mytilus-methylation
Gene methylation,project-caligus-methylation,0.2,"Weak overlap: DNA methylation, methylation",https://sr320.github.io/tumbling-oysters/posts/61-gene-meth/index.html,https://github.com/RobertsLab/project-caligus-methylation
Gene methylation,project-myt-crass-methylation,0.2,"Weak overlap: DNA methylation, methylation",https://sr320.github.io/tumbling-oysters/posts/61-gene-meth/index.html,https://github.com/RobertsLab/project-myt-crass-methylation
Gene methylation,EpiDiverse-snp,0.2,"Weak overlap: DNA methylation, methylation",https://sr320.github.io/tumbling-oysters/posts/61-gene-meth/index.html,https://github.com/RobertsLab/EpiDiverse-snp
Gene methylation,project-gigas-oa-meth,0.2,"Weak overlap: DNA methylation, methylation",https://sr320.github.io/tumbling-oysters/posts/61-gene-meth/index.html,https://github.com/RobertsLab/project-gigas-oa-meth
Gene methylation,paper-gigas-metaanalysis,0.2,"Weak overlap: DNA methylation, methylation",https://sr320.github.io/tumbling-oysters/posts/61-gene-meth/index.html,https://github.com/RobertsLab/paper-gigas-metaanalysis
MEGAN,project-eDNA-yellow,0.2,Weak overlap: Metabarcoding / eDNA / taxonomy,https://sr320.github.io/tumbling-oysters/posts/42-megan/index.html,https://github.com/RobertsLab/project-eDNA-yellow
MEGAN,laby-18s,0.2,Weak overlap: Metabarcoding / eDNA / taxonomy,https://sr320.github.io/tumbling-oysters/posts/42-megan/index.html,https://github.com/RobertsLab/laby-18s
Mytilus methylation,project-caligus-methylation,0.2,"Weak overlap: DNA methylation, methylation",https://sr320.github.io/tumbling-oysters/posts/35-myt-meth/index.html,https://github.com/RobertsLab/project-caligus-methylation
Mytilus methylation,EpiDiverse-snp,0.2,"Weak overlap: DNA methylation, methylation",https://sr320.github.io/tumbling-oysters/posts/35-myt-meth/index.html,https://github.com/RobertsLab/EpiDiverse-snp
Mytilus methylation,project-gigas-oa-meth,0.2,"Weak overlap: DNA methylation, methylation",https://sr320.github.io/tumbling-oysters/posts/35-myt-meth/index.html,https://github.com/RobertsLab/project-gigas-oa-meth
Mytilus methylation,paper-gigas-metaanalysis,0.2,"Weak overlap: DNA methylation, methylation",https://sr320.github.io/tumbling-oysters/posts/35-myt-meth/index.html,https://github.com/RobertsLab/paper-gigas-metaanalysis
Bismark array,EpiDiverse-snp,0.2,Weak overlap: Bisulfite / BS-seq,https://sr320.github.io/tumbling-oysters/posts/33-bismark-array/index.html,https://github.com/RobertsLab/EpiDiverse-snp
E5 genome stats,project-lake-trout,0.2,Weak overlap: genome,https://sr320.github.io/tumbling-oysters/posts/31-e5-genome-stats/index.html,https://github.com/RobertsLab/project-lake-trout
E5 genome stats,duck-genome-viz,0.2,Weak overlap: genome,https://sr320.github.io/tumbling-oysters/posts/31-e5-genome-stats/index.html,https://github.com/RobertsLab/duck-genome-viz
E5 genome stats,project-geoduck-genome,0.2,Weak overlap: genome,https://sr320.github.io/tumbling-oysters/posts/31-e5-genome-stats/index.html,https://github.com/RobertsLab/project-geoduck-genome
Resazurin Assays - USDA M.gigas Families in Response to Temperature Stress,project-gigas-conditioning,0.2,Weak overlap: Pacific oyster (Crassostrea/Magallana gigas),https://robertslab.github.io/sams-notebook/posts/2026/2026-06-24-Resazurin-Assays---USDA-M.gigas-Families-in-Response-to-Temperature-Stress/index.html,https://github.com/RobertsLab/project-gigas-conditioning
Resazurin Assays - USDA M.gigas Families in Response to Temperature Stress,10K-seed-Cgigas,0.2,Weak overlap: Pacific oyster (Crassostrea/Magallana gigas),https://robertslab.github.io/sams-notebook/posts/2026/2026-06-24-Resazurin-Assays---USDA-M.gigas-Families-in-Response-to-Temperature-Stress/index.html,https://github.com/RobertsLab/10K-seed-Cgigas
Resazurin Assays - USDA M.gigas Families in Response to Temperature Stress,project-cod-temperature,0.2,Weak overlap: temperature,https://robertslab.github.io/sams-notebook/posts/2026/2026-06-24-Resazurin-Assays---USDA-M.gigas-Families-in-Response-to-Temperature-Stress/index.html,https://github.com/RobertsLab/project-cod-temperature
Resazurin Assays - USDA M.gigas Families in Response to Temperature Stress,project-gigas-carryover,0.2,Weak overlap: Pacific oyster (Crassostrea/Magallana gigas),https://robertslab.github.io/sams-notebook/posts/2026/2026-06-24-Resazurin-Assays---USDA-M.gigas-Families-in-Response-to-Temperature-Stress/index.html,https://github.com/RobertsLab/project-gigas-carryover
Resazurin Assays - USDA M.gigas Families in Response to Temperature Stress,pgc-edc-oyster,0.2,Weak overlap: Pacific oyster (Crassostrea/Magallana gigas),https://robertslab.github.io/sams-notebook/posts/2026/2026-06-24-Resazurin-Assays---USDA-M.gigas-Families-in-Response-to-Temperature-Stress/index.html,https://github.com/RobertsLab/pgc-edc-oyster
Resazurin Assays - USDA M.gigas Families in Response to Temperature Stress,oyster-ploidy-hardening,0.2,Weak overlap: Pacific oyster (Crassostrea/Magallana gigas),https://robertslab.github.io/sams-notebook/posts/2026/2026-06-24-Resazurin-Assays---USDA-M.gigas-Families-in-Response-to-Temperature-Stress/index.html,https://github.com/RobertsLab/oyster-ploidy-hardening
Resazurin Assays - USDA M.gigas Families in Response to Temperature Stress,project-gigas-oa-meth,0.2,Weak overlap: Pacific oyster (Crassostrea/Magallana gigas),https://robertslab.github.io/sams-notebook/posts/2026/2026-06-24-Resazurin-Assays---USDA-M.gigas-Families-in-Response-to-Temperature-Stress/index.html,https://github.com/RobertsLab/project-gigas-oa-meth
Resazurin Assays - USDA M.gigas Families in Response to Temperature Stress,project-gigas-ploidy-oa,0.2,Weak overlap: Pacific oyster (Crassostrea/Magallana gigas),https://robertslab.github.io/sams-notebook/posts/2026/2026-06-24-Resazurin-Assays---USDA-M.gigas-Families-in-Response-to-Temperature-Stress/index.html,https://github.com/RobertsLab/project-gigas-ploidy-oa
Resazurin Assays - USDA M.gigas Families in Response to Temperature Stress,project-gigas_ploidy,0.2,Weak overlap: Pacific oyster (Crassostrea/Magallana gigas),https://robertslab.github.io/sams-notebook/posts/2026/2026-06-24-Resazurin-Assays---USDA-M.gigas-Families-in-Response-to-Temperature-Stress/index.html,https://github.com/RobertsLab/project-gigas_ploidy
Resazurin Assays - USDA M.gigas Families in Response to Temperature Stress,paper-gigas-DNR-proteomics,0.2,Weak overlap: Pacific oyster (Crassostrea/Magallana gigas),https://robertslab.github.io/sams-notebook/posts/2026/2026-06-24-Resazurin-Assays---USDA-M.gigas-Families-in-Response-to-Temperature-Stress/index.html,https://github.com/RobertsLab/paper-gigas-DNR-proteomics
Resazurin Assays - USDA M.gigas Families in Response to Temperature Stress,paper-gigas-metaanalysis,0.2,Weak overlap: Pacific oyster (Crassostrea/Magallana gigas),https://robertslab.github.io/sams-notebook/posts/2026/2026-06-24-Resazurin-Assays---USDA-M.gigas-Families-in-Response-to-Temperature-Stress/index.html,https://github.com/RobertsLab/paper-gigas-metaanalysis
Heat Stress Survivorship - USDA M.gigas Families in Heat Stressed at 36C,project-gigas-conditioning,0.2,Weak overlap: Pacific oyster (Crassostrea/Magallana gigas),https://robertslab.github.io/sams-notebook/posts/2026/2026-06-09-Heat-Stress-Survivorship---USDA-M.gigas-Families-in-Heat-Stressed-at-36C/index.html,https://github.com/RobertsLab/project-gigas-conditioning
Heat Stress Survivorship - USDA M.gigas Families in Heat Stressed at 36C,10K-seed-Cgigas,0.2,Weak overlap: Pacific oyster (Crassostrea/Magallana gigas),https://robertslab.github.io/sams-notebook/posts/2026/2026-06-09-Heat-Stress-Survivorship---USDA-M.gigas-Families-in-Heat-Stressed-at-36C/index.html,https://github.com/RobertsLab/10K-seed-Cgigas
Heat Stress Survivorship - USDA M.gigas Families in Heat Stressed at 36C,project-gigas-carryover,0.2,Weak overlap: Pacific oyster (Crassostrea/Magallana gigas),https://robertslab.github.io/sams-notebook/posts/2026/2026-06-09-Heat-Stress-Survivorship---USDA-M.gigas-Families-in-Heat-Stressed-at-36C/index.html,https://github.com/RobertsLab/project-gigas-carryover
Heat Stress Survivorship - USDA M.gigas Families in Heat Stressed at 36C,pgc-edc-oyster,0.2,Weak overlap: Pacific oyster (Crassostrea/Magallana gigas),https://robertslab.github.io/sams-notebook/posts/2026/2026-06-09-Heat-Stress-Survivorship---USDA-M.gigas-Families-in-Heat-Stressed-at-36C/index.html,https://github.com/RobertsLab/pgc-edc-oyster
Heat Stress Survivorship - USDA M.gigas Families in Heat Stressed at 36C,oyster-ploidy-hardening,0.2,Weak overlap: Pacific oyster (Crassostrea/Magallana gigas),https://robertslab.github.io/sams-notebook/posts/2026/2026-06-09-Heat-Stress-Survivorship---USDA-M.gigas-Families-in-Heat-Stressed-at-36C/index.html,https://github.com/RobertsLab/oyster-ploidy-hardening
Heat Stress Survivorship - USDA M.gigas Families in Heat Stressed at 36C,project-gigas-oa-meth,0.2,Weak overlap: Pacific oyster (Crassostrea/Magallana gigas),https://robertslab.github.io/sams-notebook/posts/2026/2026-06-09-Heat-Stress-Survivorship---USDA-M.gigas-Families-in-Heat-Stressed-at-36C/index.html,https://github.com/RobertsLab/project-gigas-oa-meth
Heat Stress Survivorship - USDA M.gigas Families in Heat Stressed at 36C,project-gigas-ploidy-oa,0.2,Weak overlap: Pacific oyster (Crassostrea/Magallana gigas),https://robertslab.github.io/sams-notebook/posts/2026/2026-06-09-Heat-Stress-Survivorship---USDA-M.gigas-Families-in-Heat-Stressed-at-36C/index.html,https://github.com/RobertsLab/project-gigas-ploidy-oa
Heat Stress Survivorship - USDA M.gigas Families in Heat Stressed at 36C,project-gigas_ploidy,0.2,Weak overlap: Pacific oyster (Crassostrea/Magallana gigas),https://robertslab.github.io/sams-notebook/posts/2026/2026-06-09-Heat-Stress-Survivorship---USDA-M.gigas-Families-in-Heat-Stressed-at-36C/index.html,https://github.com/RobertsLab/project-gigas_ploidy
Heat Stress Survivorship - USDA M.gigas Families in Heat Stressed at 36C,paper-gigas-early-gametogenic-exposure,0.2,Weak overlap: Pacific oyster (Crassostrea/Magallana gigas),https://robertslab.github.io/sams-notebook/posts/2026/2026-06-09-Heat-Stress-Survivorship---USDA-M.gigas-Families-in-Heat-Stressed-at-36C/index.html,https://github.com/RobertsLab/paper-gigas-early-gametogenic-exposure
Heat Stress Survivorship - USDA M.gigas Families in Heat Stressed at 36C,paper-gigas-DNR-proteomics,0.2,Weak overlap: Pacific oyster (Crassostrea/Magallana gigas),https://robertslab.github.io/sams-notebook/posts/2026/2026-06-09-Heat-Stress-Survivorship---USDA-M.gigas-Families-in-Heat-Stressed-at-36C/index.html,https://github.com/RobertsLab/paper-gigas-DNR-proteomics
Heat Stress Survivorship - USDA M.gigas Families in Heat Stressed at 36C,paper-gigas-metaanalysis,0.2,Weak overlap: Pacific oyster (Crassostrea/Magallana gigas),https://robertslab.github.io/sams-notebook/posts/2026/2026-06-09-Heat-Stress-Survivorship---USDA-M.gigas-Families-in-Heat-Stressed-at-36C/index.html,https://github.com/RobertsLab/paper-gigas-metaanalysis
Resazurin Overview - Pacific Oyster USDA Heat Stress Raw Fluorescence,project-gigas-conditioning,0.2,Weak overlap: Pacific oyster (Crassostrea/Magallana gigas),https://robertslab.github.io/sams-notebook/posts/2026/2026-06-08-Resazurin-Overview---Pacific-Oyster-USDA-Heat-Stress-Raw-Fluorescence/index.html,https://github.com/RobertsLab/project-gigas-conditioning
Resazurin Overview - Pacific Oyster USDA Heat Stress Raw Fluorescence,10K-seed-Cgigas,0.2,Weak overlap: Pacific oyster (Crassostrea/Magallana gigas),https://robertslab.github.io/sams-notebook/posts/2026/2026-06-08-Resazurin-Overview---Pacific-Oyster-USDA-Heat-Stress-Raw-Fluorescence/index.html,https://github.com/RobertsLab/10K-seed-Cgigas
Resazurin Overview - Pacific Oyster USDA Heat Stress Raw Fluorescence,project-cod-temperature,0.2,Weak overlap: temperature,https://robertslab.github.io/sams-notebook/posts/2026/2026-06-08-Resazurin-Overview---Pacific-Oyster-USDA-Heat-Stress-Raw-Fluorescence/index.html,https://github.com/RobertsLab/project-cod-temperature
Resazurin Overview - Pacific Oyster USDA Heat Stress Raw Fluorescence,project-gigas-carryover,0.2,Weak overlap: Pacific oyster (Crassostrea/Magallana gigas),https://robertslab.github.io/sams-notebook/posts/2026/2026-06-08-Resazurin-Overview---Pacific-Oyster-USDA-Heat-Stress-Raw-Fluorescence/index.html,https://github.com/RobertsLab/project-gigas-carryover
Resazurin Overview - Pacific Oyster USDA Heat Stress Raw Fluorescence,pgc-edc-oyster,0.2,Weak overlap: Pacific oyster (Crassostrea/Magallana gigas),https://robertslab.github.io/sams-notebook/posts/2026/2026-06-08-Resazurin-Overview---Pacific-Oyster-USDA-Heat-Stress-Raw-Fluorescence/index.html,https://github.com/RobertsLab/pgc-edc-oyster
Resazurin Overview - Pacific Oyster USDA Heat Stress Raw Fluorescence,oyster-ploidy-hardening,0.2,Weak overlap: Pacific oyster (Crassostrea/Magallana gigas),https://robertslab.github.io/sams-notebook/posts/2026/2026-06-08-Resazurin-Overview---Pacific-Oyster-USDA-Heat-Stress-Raw-Fluorescence/index.html,https://github.com/RobertsLab/oyster-ploidy-hardening
Resazurin Overview - Pacific Oyster USDA Heat Stress Raw Fluorescence,project-gigas-oa-meth,0.2,Weak overlap: Pacific oyster (Crassostrea/Magallana gigas),https://robertslab.github.io/sams-notebook/posts/2026/2026-06-08-Resazurin-Overview---Pacific-Oyster-USDA-Heat-Stress-Raw-Fluorescence/index.html,https://github.com/RobertsLab/project-gigas-oa-meth
Resazurin Overview - Pacific Oyster USDA Heat Stress Raw Fluorescence,project-gigas-ploidy-oa,0.2,Weak overlap: Pacific oyster (Crassostrea/Magallana gigas),https://robertslab.github.io/sams-notebook/posts/2026/2026-06-08-Resazurin-Overview---Pacific-Oyster-USDA-Heat-Stress-Raw-Fluorescence/index.html,https://github.com/RobertsLab/project-gigas-ploidy-oa
Resazurin Overview - Pacific Oyster USDA Heat Stress Raw Fluorescence,project-gigas_ploidy,0.2,Weak overlap: Pacific oyster (Crassostrea/Magallana gigas),https://robertslab.github.io/sams-notebook/posts/2026/2026-06-08-Resazurin-Overview---Pacific-Oyster-USDA-Heat-Stress-Raw-Fluorescence/index.html,https://github.com/RobertsLab/project-gigas_ploidy
Resazurin Overview - Pacific Oyster USDA Heat Stress Raw Fluorescence,paper-gigas-early-gametogenic-exposure,0.2,Weak overlap: Pacific oyster (Crassostrea/Magallana gigas),https://robertslab.github.io/sams-notebook/posts/2026/2026-06-08-Resazurin-Overview---Pacific-Oyster-USDA-Heat-Stress-Raw-Fluorescence/index.html,https://github.com/RobertsLab/paper-gigas-early-gametogenic-exposure
Resazurin Overview - Pacific Oyster USDA Heat Stress Raw Fluorescence,paper-gigas-DNR-proteomics,0.2,Weak overlap: Pacific oyster (Crassostrea/Magallana gigas),https://robertslab.github.io/sams-notebook/posts/2026/2026-06-08-Resazurin-Overview---Pacific-Oyster-USDA-Heat-Stress-Raw-Fluorescence/index.html,https://github.com/RobertsLab/paper-gigas-DNR-proteomics
Resazurin Overview - Pacific Oyster USDA Heat Stress Raw Fluorescence,paper-gigas-metaanalysis,0.2,Weak overlap: Pacific oyster (Crassostrea/Magallana gigas),https://robertslab.github.io/sams-notebook/posts/2026/2026-06-08-Resazurin-Overview---Pacific-Oyster-USDA-Heat-Stress-Raw-Fluorescence/index.html,https://github.com/RobertsLab/paper-gigas-metaanalysis
Resazurin Overview - Pacific oyster USDA Freshwater Stress Raw Fluorescence,project-gigas-conditioning,0.2,Weak overlap: Pacific oyster (Crassostrea/Magallana gigas),https://robertslab.github.io/sams-notebook/posts/2026/2026-06-06-Resazurin-Overview---Pacific-oyster-USDA-Freshwater-Stress-Raw-Fluorescence/index.html,https://github.com/RobertsLab/project-gigas-conditioning
Resazurin Overview - Pacific oyster USDA Freshwater Stress Raw Fluorescence,10K-seed-Cgigas,0.2,Weak overlap: Pacific oyster (Crassostrea/Magallana gigas),https://robertslab.github.io/sams-notebook/posts/2026/2026-06-06-Resazurin-Overview---Pacific-oyster-USDA-Freshwater-Stress-Raw-Fluorescence/index.html,https://github.com/RobertsLab/10K-seed-Cgigas
Resazurin Overview - Pacific oyster USDA Freshwater Stress Raw Fluorescence,project-cod-temperature,0.2,Weak overlap: temperature,https://robertslab.github.io/sams-notebook/posts/2026/2026-06-06-Resazurin-Overview---Pacific-oyster-USDA-Freshwater-Stress-Raw-Fluorescence/index.html,https://github.com/RobertsLab/project-cod-temperature
Resazurin Overview - Pacific oyster USDA Freshwater Stress Raw Fluorescence,project-gigas-carryover,0.2,Weak overlap: Pacific oyster (Crassostrea/Magallana gigas),https://robertslab.github.io/sams-notebook/posts/2026/2026-06-06-Resazurin-Overview---Pacific-oyster-USDA-Freshwater-Stress-Raw-Fluorescence/index.html,https://github.com/RobertsLab/project-gigas-carryover
Resazurin Overview - Pacific oyster USDA Freshwater Stress Raw Fluorescence,pgc-edc-oyster,0.2,Weak overlap: Pacific oyster (Crassostrea/Magallana gigas),https://robertslab.github.io/sams-notebook/posts/2026/2026-06-06-Resazurin-Overview---Pacific-oyster-USDA-Freshwater-Stress-Raw-Fluorescence/index.html,https://github.com/RobertsLab/pgc-edc-oyster
Resazurin Overview - Pacific oyster USDA Freshwater Stress Raw Fluorescence,oyster-ploidy-hardening,0.2,Weak overlap: Pacific oyster (Crassostrea/Magallana gigas),https://robertslab.github.io/sams-notebook/posts/2026/2026-06-06-Resazurin-Overview---Pacific-oyster-USDA-Freshwater-Stress-Raw-Fluorescence/index.html,https://github.com/RobertsLab/oyster-ploidy-hardening
Resazurin Overview - Pacific oyster USDA Freshwater Stress Raw Fluorescence,project-gigas-oa-meth,0.2,Weak overlap: Pacific oyster (Crassostrea/Magallana gigas),https://robertslab.github.io/sams-notebook/posts/2026/2026-06-06-Resazurin-Overview---Pacific-oyster-USDA-Freshwater-Stress-Raw-Fluorescence/index.html,https://github.com/RobertsLab/project-gigas-oa-meth
Resazurin Overview - Pacific oyster USDA Freshwater Stress Raw Fluorescence,project-gigas-ploidy-oa,0.2,Weak overlap: Pacific oyster (Crassostrea/Magallana gigas),https://robertslab.github.io/sams-notebook/posts/2026/2026-06-06-Resazurin-Overview---Pacific-oyster-USDA-Freshwater-Stress-Raw-Fluorescence/index.html,https://github.com/RobertsLab/project-gigas-ploidy-oa
Resazurin Overview - Pacific oyster USDA Freshwater Stress Raw Fluorescence,project-gigas_ploidy,0.2,Weak overlap: Pacific oyster (Crassostrea/Magallana gigas),https://robertslab.github.io/sams-notebook/posts/2026/2026-06-06-Resazurin-Overview---Pacific-oyster-USDA-Freshwater-Stress-Raw-Fluorescence/index.html,https://github.com/RobertsLab/project-gigas_ploidy
Resazurin Overview - Pacific oyster USDA Freshwater Stress Raw Fluorescence,paper-gigas-early-gametogenic-exposure,0.2,Weak overlap: Pacific oyster (Crassostrea/Magallana gigas),https://robertslab.github.io/sams-notebook/posts/2026/2026-06-06-Resazurin-Overview---Pacific-oyster-USDA-Freshwater-Stress-Raw-Fluorescence/index.html,https://github.com/RobertsLab/paper-gigas-early-gametogenic-exposure
Resazurin Overview - Pacific oyster USDA Freshwater Stress Raw Fluorescence,paper-gigas-DNR-proteomics,0.2,Weak overlap: Pacific oyster (Crassostrea/Magallana gigas),https://robertslab.github.io/sams-notebook/posts/2026/2026-06-06-Resazurin-Overview---Pacific-oyster-USDA-Freshwater-Stress-Raw-Fluorescence/index.html,https://github.com/RobertsLab/paper-gigas-DNR-proteomics
Resazurin Overview - Pacific oyster USDA Freshwater Stress Raw Fluorescence,paper-gigas-metaanalysis,0.2,Weak overlap: Pacific oyster (Crassostrea/Magallana gigas),https://robertslab.github.io/sams-notebook/posts/2026/2026-06-06-Resazurin-Overview---Pacific-oyster-USDA-Freshwater-Stress-Raw-Fluorescence/index.html,https://github.com/RobertsLab/paper-gigas-metaanalysis
Resazurin Assays - USDA M.gigas Families in Response to Temperature Stress,project-gigas-conditioning,0.2,Weak overlap: Pacific oyster (Crassostrea/Magallana gigas),https://robertslab.github.io/sams-notebook/posts/2026/2026-06-04-Resazurin-Assays---USDA-M.gigas-Families-in-Response-to-Temperature-Stress/index.html,https://github.com/RobertsLab/project-gigas-conditioning
Resazurin Assays - USDA M.gigas Families in Response to Temperature Stress,10K-seed-Cgigas,0.2,Weak overlap: Pacific oyster (Crassostrea/Magallana gigas),https://robertslab.github.io/sams-notebook/posts/2026/2026-06-04-Resazurin-Assays---USDA-M.gigas-Families-in-Response-to-Temperature-Stress/index.html,https://github.com/RobertsLab/10K-seed-Cgigas
Resazurin Assays - USDA M.gigas Families in Response to Temperature Stress,project-cod-temperature,0.2,Weak overlap: temperature,https://robertslab.github.io/sams-notebook/posts/2026/2026-06-04-Resazurin-Assays---USDA-M.gigas-Families-in-Response-to-Temperature-Stress/index.html,https://github.com/RobertsLab/project-cod-temperature
Resazurin Assays - USDA M.gigas Families in Response to Temperature Stress,project-gigas-carryover,0.2,Weak overlap: Pacific oyster (Crassostrea/Magallana gigas),https://robertslab.github.io/sams-notebook/posts/2026/2026-06-04-Resazurin-Assays---USDA-M.gigas-Families-in-Response-to-Temperature-Stress/index.html,https://github.com/RobertsLab/project-gigas-carryover
Resazurin Assays - USDA M.gigas Families in Response to Temperature Stress,pgc-edc-oyster,0.2,Weak overlap: Pacific oyster (Crassostrea/Magallana gigas),https://robertslab.github.io/sams-notebook/posts/2026/2026-06-04-Resazurin-Assays---USDA-M.gigas-Families-in-Response-to-Temperature-Stress/index.html,https://github.com/RobertsLab/pgc-edc-oyster
Resazurin Assays - USDA M.gigas Families in Response to Temperature Stress,oyster-ploidy-hardening,0.2,Weak overlap: Pacific oyster (Crassostrea/Magallana gigas),https://robertslab.github.io/sams-notebook/posts/2026/2026-06-04-Resazurin-Assays---USDA-M.gigas-Families-in-Response-to-Temperature-Stress/index.html,https://github.com/RobertsLab/oyster-ploidy-hardening
Resazurin Assays - USDA M.gigas Families in Response to Temperature Stress,project-gigas-oa-meth,0.2,Weak overlap: Pacific oyster (Crassostrea/Magallana gigas),https://robertslab.github.io/sams-notebook/posts/2026/2026-06-04-Resazurin-Assays---USDA-M.gigas-Families-in-Response-to-Temperature-Stress/index.html,https://github.com/RobertsLab/project-gigas-oa-meth
Resazurin Assays - USDA M.gigas Families in Response to Temperature Stress,project-gigas-ploidy-oa,0.2,Weak overlap: Pacific oyster (Crassostrea/Magallana gigas),https://robertslab.github.io/sams-notebook/posts/2026/2026-06-04-Resazurin-Assays---USDA-M.gigas-Families-in-Response-to-Temperature-Stress/index.html,https://github.com/RobertsLab/project-gigas-ploidy-oa
Resazurin Assays - USDA M.gigas Families in Response to Temperature Stress,project-gigas_ploidy,0.2,Weak overlap: Pacific oyster (Crassostrea/Magallana gigas),https://robertslab.github.io/sams-notebook/posts/2026/2026-06-04-Resazurin-Assays---USDA-M.gigas-Families-in-Response-to-Temperature-Stress/index.html,https://github.com/RobertsLab/project-gigas_ploidy
Resazurin Assays - USDA M.gigas Families in Response to Temperature Stress,paper-gigas-early-gametogenic-exposure,0.2,Weak overlap: Pacific oyster (Crassostrea/Magallana gigas),https://robertslab.github.io/sams-notebook/posts/2026/2026-06-04-Resazurin-Assays---USDA-M.gigas-Families-in-Response-to-Temperature-Stress/index.html,https://github.com/RobertsLab/paper-gigas-early-gametogenic-exposure
Resazurin Assays - USDA M.gigas Families in Response to Temperature Stress,paper-gigas-DNR-proteomics,0.2,Weak overlap: Pacific oyster (Crassostrea/Magallana gigas),https://robertslab.github.io/sams-notebook/posts/2026/2026-06-04-Resazurin-Assays---USDA-M.gigas-Families-in-Response-to-Temperature-Stress/index.html,https://github.com/RobertsLab/paper-gigas-DNR-proteomics
Resazurin Assays - USDA M.gigas Families in Response to Temperature Stress,paper-gigas-metaanalysis,0.2,Weak overlap: Pacific oyster (Crassostrea/Magallana gigas),https://robertslab.github.io/sams-notebook/posts/2026/2026-06-04-Resazurin-Assays---USDA-M.gigas-Families-in-Response-to-Temperature-Stress/index.html,https://github.com/RobertsLab/paper-gigas-metaanalysis
Resazurin Assays - USDA M.gigas Families in Response to Freshwater Stress,project-gigas-conditioning,0.2,Weak overlap: Pacific oyster (Crassostrea/Magallana gigas),https://robertslab.github.io/sams-notebook/posts/2026/2026-06-02-Resazurin-Assays---USDA-M.gigas-Families-in-Response-to-Freshwater-Stress/index.html,https://github.com/RobertsLab/project-gigas-conditioning
Resazurin Assays - USDA M.gigas Families in Response to Freshwater Stress,10K-seed-Cgigas,0.2,Weak overlap: Pacific oyster (Crassostrea/Magallana gigas),https://robertslab.github.io/sams-notebook/posts/2026/2026-06-02-Resazurin-Assays---USDA-M.gigas-Families-in-Response-to-Freshwater-Stress/index.html,https://github.com/RobertsLab/10K-seed-Cgigas
Resazurin Assays - USDA M.gigas Families in Response to Freshwater Stress,project-cod-temperature,0.2,Weak overlap: temperature,https://robertslab.github.io/sams-notebook/posts/2026/2026-06-02-Resazurin-Assays---USDA-M.gigas-Families-in-Response-to-Freshwater-Stress/index.html,https://github.com/RobertsLab/project-cod-temperature
Resazurin Assays - USDA M.gigas Families in Response to Freshwater Stress,project-gigas-carryover,0.2,Weak overlap: Pacific oyster (Crassostrea/Magallana gigas),https://robertslab.github.io/sams-notebook/posts/2026/2026-06-02-Resazurin-Assays---USDA-M.gigas-Families-in-Response-to-Freshwater-Stress/index.html,https://github.com/RobertsLab/project-gigas-carryover
Resazurin Assays - USDA M.gigas Families in Response to Freshwater Stress,pgc-edc-oyster,0.2,Weak overlap: Pacific oyster (Crassostrea/Magallana gigas),https://robertslab.github.io/sams-notebook/posts/2026/2026-06-02-Resazurin-Assays---USDA-M.gigas-Families-in-Response-to-Freshwater-Stress/index.html,https://github.com/RobertsLab/pgc-edc-oyster
Resazurin Assays - USDA M.gigas Families in Response to Freshwater Stress,oyster-ploidy-hardening,0.2,Weak overlap: Pacific oyster (Crassostrea/Magallana gigas),https://robertslab.github.io/sams-notebook/posts/2026/2026-06-02-Resazurin-Assays---USDA-M.gigas-Families-in-Response-to-Freshwater-Stress/index.html,https://github.com/RobertsLab/oyster-ploidy-hardening
Resazurin Assays - USDA M.gigas Families in Response to Freshwater Stress,project-gigas-oa-meth,0.2,Weak overlap: Pacific oyster (Crassostrea/Magallana gigas),https://robertslab.github.io/sams-notebook/posts/2026/2026-06-02-Resazurin-Assays---USDA-M.gigas-Families-in-Response-to-Freshwater-Stress/index.html,https://github.com/RobertsLab/project-gigas-oa-meth
Resazurin Assays - USDA M.gigas Families in Response to Freshwater Stress,project-gigas-ploidy-oa,0.2,Weak overlap: Pacific oyster (Crassostrea/Magallana gigas),https://robertslab.github.io/sams-notebook/posts/2026/2026-06-02-Resazurin-Assays---USDA-M.gigas-Families-in-Response-to-Freshwater-Stress/index.html,https://github.com/RobertsLab/project-gigas-ploidy-oa
Resazurin Assays - USDA M.gigas Families in Response to Freshwater Stress,project-gigas_ploidy,0.2,Weak overlap: Pacific oyster (Crassostrea/Magallana gigas),https://robertslab.github.io/sams-notebook/posts/2026/2026-06-02-Resazurin-Assays---USDA-M.gigas-Families-in-Response-to-Freshwater-Stress/index.html,https://github.com/RobertsLab/project-gigas_ploidy
Resazurin Assays - USDA M.gigas Families in Response to Freshwater Stress,paper-gigas-early-gametogenic-exposure,0.2,Weak overlap: Pacific oyster (Crassostrea/Magallana gigas),https://robertslab.github.io/sams-notebook/posts/2026/2026-06-02-Resazurin-Assays---USDA-M.gigas-Families-in-Response-to-Freshwater-Stress/index.html,https://github.com/RobertsLab/paper-gigas-early-gametogenic-exposure
Resazurin Assays - USDA M.gigas Families in Response to Freshwater Stress,paper-gigas-DNR-proteomics,0.2,Weak overlap: Pacific oyster (Crassostrea/Magallana gigas),https://robertslab.github.io/sams-notebook/posts/2026/2026-06-02-Resazurin-Assays---USDA-M.gigas-Families-in-Response-to-Freshwater-Stress/index.html,https://github.com/RobertsLab/paper-gigas-DNR-proteomics
Resazurin Assays - USDA M.gigas Families in Response to Freshwater Stress,paper-gigas-metaanalysis,0.2,Weak overlap: Pacific oyster (Crassostrea/Magallana gigas),https://robertslab.github.io/sams-notebook/posts/2026/2026-06-02-Resazurin-Assays---USDA-M.gigas-Families-in-Response-to-Freshwater-Stress/index.html,https://github.com/RobertsLab/paper-gigas-metaanalysis
Resazurin Assays - USDA M.gigas Families in Response to Temperature Stress,project-gigas-conditioning,0.2,Weak overlap: Pacific oyster (Crassostrea/Magallana gigas),https://robertslab.github.io/sams-notebook/posts/2026/2026-06-02-Resazurin-Assays---USDA-M.gigas-Families-in-Response-to-Temperature-Stress/index.html,https://github.com/RobertsLab/project-gigas-conditioning
Resazurin Assays - USDA M.gigas Families in Response to Temperature Stress,10K-seed-Cgigas,0.2,Weak overlap: Pacific oyster (Crassostrea/Magallana gigas),https://robertslab.github.io/sams-notebook/posts/2026/2026-06-02-Resazurin-Assays---USDA-M.gigas-Families-in-Response-to-Temperature-Stress/index.html,https://github.com/RobertsLab/10K-seed-Cgigas
Resazurin Assays - USDA M.gigas Families in Response to Temperature Stress,project-cod-temperature,0.2,Weak overlap: temperature,https://robertslab.github.io/sams-notebook/posts/2026/2026-06-02-Resazurin-Assays---USDA-M.gigas-Families-in-Response-to-Temperature-Stress/index.html,https://github.com/RobertsLab/project-cod-temperature
Resazurin Assays - USDA M.gigas Families in Response to Temperature Stress,project-gigas-carryover,0.2,Weak overlap: Pacific oyster (Crassostrea/Magallana gigas),https://robertslab.github.io/sams-notebook/posts/2026/2026-06-02-Resazurin-Assays---USDA-M.gigas-Families-in-Response-to-Temperature-Stress/index.html,https://github.com/RobertsLab/project-gigas-carryover
Resazurin Assays - USDA M.gigas Families in Response to Temperature Stress,pgc-edc-oyster,0.2,Weak overlap: Pacific oyster (Crassostrea/Magallana gigas),https://robertslab.github.io/sams-notebook/posts/2026/2026-06-02-Resazurin-Assays---USDA-M.gigas-Families-in-Response-to-Temperature-Stress/index.html,https://github.com/RobertsLab/pgc-edc-oyster
Resazurin Assays - USDA M.gigas Families in Response to Temperature Stress,oyster-ploidy-hardening,0.2,Weak overlap: Pacific oyster (Crassostrea/Magallana gigas),https://robertslab.github.io/sams-notebook/posts/2026/2026-06-02-Resazurin-Assays---USDA-M.gigas-Families-in-Response-to-Temperature-Stress/index.html,https://github.com/RobertsLab/oyster-ploidy-hardening
Resazurin Assays - USDA M.gigas Families in Response to Temperature Stress,project-gigas-oa-meth,0.2,Weak overlap: Pacific oyster (Crassostrea/Magallana gigas),https://robertslab.github.io/sams-notebook/posts/2026/2026-06-02-Resazurin-Assays---USDA-M.gigas-Families-in-Response-to-Temperature-Stress/index.html,https://github.com/RobertsLab/project-gigas-oa-meth
Resazurin Assays - USDA M.gigas Families in Response to Temperature Stress,project-gigas-ploidy-oa,0.2,Weak overlap: Pacific oyster (Crassostrea/Magallana gigas),https://robertslab.github.io/sams-notebook/posts/2026/2026-06-02-Resazurin-Assays---USDA-M.gigas-Families-in-Response-to-Temperature-Stress/index.html,https://github.com/RobertsLab/project-gigas-ploidy-oa
Resazurin Assays - USDA M.gigas Families in Response to Temperature Stress,project-gigas_ploidy,0.2,Weak overlap: Pacific oyster (Crassostrea/Magallana gigas),https://robertslab.github.io/sams-notebook/posts/2026/2026-06-02-Resazurin-Assays---USDA-M.gigas-Families-in-Response-to-Temperature-Stress/index.html,https://github.com/RobertsLab/project-gigas_ploidy
Resazurin Assays - USDA M.gigas Families in Response to Temperature Stress,paper-gigas-early-gametogenic-exposure,0.2,Weak overlap: Pacific oyster (Crassostrea/Magallana gigas),https://robertslab.github.io/sams-notebook/posts/2026/2026-06-02-Resazurin-Assays---USDA-M.gigas-Families-in-Response-to-Temperature-Stress/index.html,https://github.com/RobertsLab/paper-gigas-early-gametogenic-exposure
Resazurin Assays - USDA M.gigas Families in Response to Temperature Stress,paper-gigas-DNR-proteomics,0.2,Weak overlap: Pacific oyster (Crassostrea/Magallana gigas),https://robertslab.github.io/sams-notebook/posts/2026/2026-06-02-Resazurin-Assays---USDA-M.gigas-Families-in-Response-to-Temperature-Stress/index.html,https://github.com/RobertsLab/paper-gigas-DNR-proteomics
Resazurin Assays - USDA M.gigas Families in Response to Temperature Stress,paper-gigas-metaanalysis,0.2,Weak overlap: Pacific oyster (Crassostrea/Magallana gigas),https://robertslab.github.io/sams-notebook/posts/2026/2026-06-02-Resazurin-Assays---USDA-M.gigas-Families-in-Response-to-Temperature-Stress/index.html,https://github.com/RobertsLab/paper-gigas-metaanalysis
Resazurin - Fluorescence Stability Over 96hrs Post-Heat Stress of Pacific Oysters,project-cod-temperature,0.2,Weak overlap: temperature,https://robertslab.github.io/sams-notebook/posts/2026/2026-05-28-Resazurin---Fluorescence-Stability-Over-96hrs-Post-Heat-Stress-of-Pacific-Oysters/index.html,https://github.com/RobertsLab/project-cod-temperature
Resazurin Assays - Low Salinity Selected Juvenile Ruditapes phillippinarum Exposed to 36C Acute Heat Stress,project-cod-temperature,0.2,Weak overlap: temperature,https://robertslab.github.io/sams-notebook/posts/2026/2026-05-28-Resazurin-Assays---Low-Salinity-Selected-Juvenile-Ruditapes-phillippinarum-Exposed-to-36C-Acute-Heat-Stress/index.html,https://github.com/RobertsLab/project-cod-temperature
FastQC MultiQC - Andy Dittman Preliminary RNA-seq Data on Hyak,project-sc-RNAseq,0.2,Weak overlap: RNA-seq,https://robertslab.github.io/sams-notebook/posts/2026/2026-05-19-FastQC-MultiQC---Andy-Dittman-Preliminary-RNA-seq-Data-on-Hyak/index.html,https://github.com/RobertsLab/project-sc-RNAseq
FastQC MultiQC - Andy Dittman Preliminary RNA-seq Data on Hyak,hyak_mox,0.2,Weak overlap: hyak,https://robertslab.github.io/sams-notebook/posts/2026/2026-05-19-FastQC-MultiQC---Andy-Dittman-Preliminary-RNA-seq-Data-on-Hyak/index.html,https://github.com/RobertsLab/hyak_mox
Genome Assembly - C.rogercresseyi Hembra with PacBio HiFi Reads Using hifiasm on Hyak,project-lake-trout,0.2,Weak overlap: genome,https://robertslab.github.io/sams-notebook/posts/2026/2026-05-19-Genome-Assembly---C.rogercresseyi-Hembra-with-PacBio-HiFi-Reads-Using-hifiasm-on-Hyak/index.html,https://github.com/RobertsLab/project-lake-trout
Genome Assembly - C.rogercresseyi Hembra with PacBio HiFi Reads Using hifiasm on Hyak,duck-genome-viz,0.2,Weak overlap: genome,https://robertslab.github.io/sams-notebook/posts/2026/2026-05-19-Genome-Assembly---C.rogercresseyi-Hembra-with-PacBio-HiFi-Reads-Using-hifiasm-on-Hyak/index.html,https://github.com/RobertsLab/duck-genome-viz
Genome Assembly - C.rogercresseyi Hembra with PacBio HiFi Reads Using hifiasm on Hyak,project-geoduck-genome,0.2,Weak overlap: genome,https://robertslab.github.io/sams-notebook/posts/2026/2026-05-19-Genome-Assembly---C.rogercresseyi-Hembra-with-PacBio-HiFi-Reads-Using-hifiasm-on-Hyak/index.html,https://github.com/RobertsLab/project-geoduck-genome
Genome Assembly - C.rogercresseyi Hembra with PacBio HiFi Reads Using hifiasm on Hyak,hyak_mox,0.2,Weak overlap: hyak,https://robertslab.github.io/sams-notebook/posts/2026/2026-05-19-Genome-Assembly---C.rogercresseyi-Hembra-with-PacBio-HiFi-Reads-Using-hifiasm-on-Hyak/index.html,https://github.com/RobertsLab/hyak_mox
Genome Assembly - C.rogercresseyi Macho with PacBio HiFi Reads Using hifiasm on Hyak,project-lake-trout,0.2,Weak overlap: genome,https://robertslab.github.io/sams-notebook/posts/2026/2026-05-19-Genome-Assembly---C.rogercresseyi-Macho-with-PacBio-HiFi-Reads-Using-hifiasm-on-Hyak/index.html,https://github.com/RobertsLab/project-lake-trout
Genome Assembly - C.rogercresseyi Macho with PacBio HiFi Reads Using hifiasm on Hyak,duck-genome-viz,0.2,Weak overlap: genome,https://robertslab.github.io/sams-notebook/posts/2026/2026-05-19-Genome-Assembly---C.rogercresseyi-Macho-with-PacBio-HiFi-Reads-Using-hifiasm-on-Hyak/index.html,https://github.com/RobertsLab/duck-genome-viz
Genome Assembly - C.rogercresseyi Macho with PacBio HiFi Reads Using hifiasm on Hyak,project-geoduck-genome,0.2,Weak overlap: genome,https://robertslab.github.io/sams-notebook/posts/2026/2026-05-19-Genome-Assembly---C.rogercresseyi-Macho-with-PacBio-HiFi-Reads-Using-hifiasm-on-Hyak/index.html,https://github.com/RobertsLab/project-geoduck-genome
Genome Assembly - C.rogercresseyi Macho with PacBio HiFi Reads Using hifiasm on Hyak,hyak_mox,0.2,Weak overlap: hyak,https://robertslab.github.io/sams-notebook/posts/2026/2026-05-19-Genome-Assembly---C.rogercresseyi-Macho-with-PacBio-HiFi-Reads-Using-hifiasm-on-Hyak/index.html,https://github.com/RobertsLab/hyak_mox
Resazurin Summary - Manila Clam Heat Stress Experiments,project-cod-temperature,0.2,Weak overlap: temperature,https://robertslab.github.io/sams-notebook/posts/2026/2026-05-13-Resazurin-Summary---Manila-Clam-Heat-Stress-Experiments/index.html,https://github.com/RobertsLab/project-cod-temperature
Heat Stress Survivorship - M.gigas USDA Families Heat Stressed at 33C,project-gigas-conditioning,0.2,Weak overlap: Pacific oyster (Crassostrea/Magallana gigas),https://robertslab.github.io/sams-notebook/posts/2026/2026-05-11-Heat-Stress-Survivorship---M.gigas-USDA-Families-Heat-Stressed-at-33C/index.html,https://github.com/RobertsLab/project-gigas-conditioning
Heat Stress Survivorship - M.gigas USDA Families Heat Stressed at 33C,10K-seed-Cgigas,0.2,Weak overlap: Pacific oyster (Crassostrea/Magallana gigas),https://robertslab.github.io/sams-notebook/posts/2026/2026-05-11-Heat-Stress-Survivorship---M.gigas-USDA-Families-Heat-Stressed-at-33C/index.html,https://github.com/RobertsLab/10K-seed-Cgigas
Heat Stress Survivorship - M.gigas USDA Families Heat Stressed at 33C,project-gigas-carryover,0.2,Weak overlap: Pacific oyster (Crassostrea/Magallana gigas),https://robertslab.github.io/sams-notebook/posts/2026/2026-05-11-Heat-Stress-Survivorship---M.gigas-USDA-Families-Heat-Stressed-at-33C/index.html,https://github.com/RobertsLab/project-gigas-carryover
Heat Stress Survivorship - M.gigas USDA Families Heat Stressed at 33C,pgc-edc-oyster,0.2,Weak overlap: Pacific oyster (Crassostrea/Magallana gigas),https://robertslab.github.io/sams-notebook/posts/2026/2026-05-11-Heat-Stress-Survivorship---M.gigas-USDA-Families-Heat-Stressed-at-33C/index.html,https://github.com/RobertsLab/pgc-edc-oyster
Heat Stress Survivorship - M.gigas USDA Families Heat Stressed at 33C,oyster-ploidy-hardening,0.2,Weak overlap: Pacific oyster (Crassostrea/Magallana gigas),https://robertslab.github.io/sams-notebook/posts/2026/2026-05-11-Heat-Stress-Survivorship---M.gigas-USDA-Families-Heat-Stressed-at-33C/index.html,https://github.com/RobertsLab/oyster-ploidy-hardening
Heat Stress Survivorship - M.gigas USDA Families Heat Stressed at 33C,project-gigas-oa-meth,0.2,Weak overlap: Pacific oyster (Crassostrea/Magallana gigas),https://robertslab.github.io/sams-notebook/posts/2026/2026-05-11-Heat-Stress-Survivorship---M.gigas-USDA-Families-Heat-Stressed-at-33C/index.html,https://github.com/RobertsLab/project-gigas-oa-meth
Heat Stress Survivorship - M.gigas USDA Families Heat Stressed at 33C,project-gigas-ploidy-oa,0.2,Weak overlap: Pacific oyster (Crassostrea/Magallana gigas),https://robertslab.github.io/sams-notebook/posts/2026/2026-05-11-Heat-Stress-Survivorship---M.gigas-USDA-Families-Heat-Stressed-at-33C/index.html,https://github.com/RobertsLab/project-gigas-ploidy-oa
Heat Stress Survivorship - M.gigas USDA Families Heat Stressed at 33C,project-gigas_ploidy,0.2,Weak overlap: Pacific oyster (Crassostrea/Magallana gigas),https://robertslab.github.io/sams-notebook/posts/2026/2026-05-11-Heat-Stress-Survivorship---M.gigas-USDA-Families-Heat-Stressed-at-33C/index.html,https://github.com/RobertsLab/project-gigas_ploidy
Heat Stress Survivorship - M.gigas USDA Families Heat Stressed at 33C,paper-gigas-early-gametogenic-exposure,0.2,Weak overlap: Pacific oyster (Crassostrea/Magallana gigas),https://robertslab.github.io/sams-notebook/posts/2026/2026-05-11-Heat-Stress-Survivorship---M.gigas-USDA-Families-Heat-Stressed-at-33C/index.html,https://github.com/RobertsLab/paper-gigas-early-gametogenic-exposure
Heat Stress Survivorship - M.gigas USDA Families Heat Stressed at 33C,paper-gigas-DNR-proteomics,0.2,Weak overlap: Pacific oyster (Crassostrea/Magallana gigas),https://robertslab.github.io/sams-notebook/posts/2026/2026-05-11-Heat-Stress-Survivorship---M.gigas-USDA-Families-Heat-Stressed-at-33C/index.html,https://github.com/RobertsLab/paper-gigas-DNR-proteomics
Heat Stress Survivorship - M.gigas USDA Families Heat Stressed at 33C,paper-gigas-metaanalysis,0.2,Weak overlap: Pacific oyster (Crassostrea/Magallana gigas),https://robertslab.github.io/sams-notebook/posts/2026/2026-05-11-Heat-Stress-Survivorship---M.gigas-USDA-Families-Heat-Stressed-at-33C/index.html,https://github.com/RobertsLab/paper-gigas-metaanalysis
Resazurin Assays - USDA M.gigas Families in Response to Freshwater Stress,project-gigas-conditioning,0.2,Weak overlap: Pacific oyster (Crassostrea/Magallana gigas),https://robertslab.github.io/sams-notebook/posts/2026/2026-05-11-Resazurin-Assays---USDA-M.gigas-Families-in-Response-to-Freshwater-Stress/index.html,https://github.com/RobertsLab/project-gigas-conditioning
Resazurin Assays - USDA M.gigas Families in Response to Freshwater Stress,10K-seed-Cgigas,0.2,Weak overlap: Pacific oyster (Crassostrea/Magallana gigas),https://robertslab.github.io/sams-notebook/posts/2026/2026-05-11-Resazurin-Assays---USDA-M.gigas-Families-in-Response-to-Freshwater-Stress/index.html,https://github.com/RobertsLab/10K-seed-Cgigas
Resazurin Assays - USDA M.gigas Families in Response to Freshwater Stress,project-cod-temperature,0.2,Weak overlap: temperature,https://robertslab.github.io/sams-notebook/posts/2026/2026-05-11-Resazurin-Assays---USDA-M.gigas-Families-in-Response-to-Freshwater-Stress/index.html,https://github.com/RobertsLab/project-cod-temperature
Resazurin Assays - USDA M.gigas Families in Response to Freshwater Stress,project-gigas-carryover,0.2,Weak overlap: Pacific oyster (Crassostrea/Magallana gigas),https://robertslab.github.io/sams-notebook/posts/2026/2026-05-11-Resazurin-Assays---USDA-M.gigas-Families-in-Response-to-Freshwater-Stress/index.html,https://github.com/RobertsLab/project-gigas-carryover
Resazurin Assays - USDA M.gigas Families in Response to Freshwater Stress,pgc-edc-oyster,0.2,Weak overlap: Pacific oyster (Crassostrea/Magallana gigas),https://robertslab.github.io/sams-notebook/posts/2026/2026-05-11-Resazurin-Assays---USDA-M.gigas-Families-in-Response-to-Freshwater-Stress/index.html,https://github.com/RobertsLab/pgc-edc-oyster
Resazurin Assays - USDA M.gigas Families in Response to Freshwater Stress,oyster-ploidy-hardening,0.2,Weak overlap: Pacific oyster (Crassostrea/Magallana gigas),https://robertslab.github.io/sams-notebook/posts/2026/2026-05-11-Resazurin-Assays---USDA-M.gigas-Families-in-Response-to-Freshwater-Stress/index.html,https://github.com/RobertsLab/oyster-ploidy-hardening
Resazurin Assays - USDA M.gigas Families in Response to Freshwater Stress,project-gigas-oa-meth,0.2,Weak overlap: Pacific oyster (Crassostrea/Magallana gigas),https://robertslab.github.io/sams-notebook/posts/2026/2026-05-11-Resazurin-Assays---USDA-M.gigas-Families-in-Response-to-Freshwater-Stress/index.html,https://github.com/RobertsLab/project-gigas-oa-meth
Resazurin Assays - USDA M.gigas Families in Response to Freshwater Stress,project-gigas-ploidy-oa,0.2,Weak overlap: Pacific oyster (Crassostrea/Magallana gigas),https://robertslab.github.io/sams-notebook/posts/2026/2026-05-11-Resazurin-Assays---USDA-M.gigas-Families-in-Response-to-Freshwater-Stress/index.html,https://github.com/RobertsLab/project-gigas-ploidy-oa
Resazurin Assays - USDA M.gigas Families in Response to Freshwater Stress,project-gigas_ploidy,0.2,Weak overlap: Pacific oyster (Crassostrea/Magallana gigas),https://robertslab.github.io/sams-notebook/posts/2026/2026-05-11-Resazurin-Assays---USDA-M.gigas-Families-in-Response-to-Freshwater-Stress/index.html,https://github.com/RobertsLab/project-gigas_ploidy
Resazurin Assays - USDA M.gigas Families in Response to Freshwater Stress,paper-gigas-early-gametogenic-exposure,0.2,Weak overlap: Pacific oyster (Crassostrea/Magallana gigas),https://robertslab.github.io/sams-notebook/posts/2026/2026-05-11-Resazurin-Assays---USDA-M.gigas-Families-in-Response-to-Freshwater-Stress/index.html,https://github.com/RobertsLab/paper-gigas-early-gametogenic-exposure
Resazurin Assays - USDA M.gigas Families in Response to Freshwater Stress,paper-gigas-DNR-proteomics,0.2,Weak overlap: Pacific oyster (Crassostrea/Magallana gigas),https://robertslab.github.io/sams-notebook/posts/2026/2026-05-11-Resazurin-Assays---USDA-M.gigas-Families-in-Response-to-Freshwater-Stress/index.html,https://github.com/RobertsLab/paper-gigas-DNR-proteomics
Resazurin Assays - USDA M.gigas Families in Response to Freshwater Stress,paper-gigas-metaanalysis,0.2,Weak overlap: Pacific oyster (Crassostrea/Magallana gigas),https://robertslab.github.io/sams-notebook/posts/2026/2026-05-11-Resazurin-Assays---USDA-M.gigas-Families-in-Response-to-Freshwater-Stress/index.html,https://github.com/RobertsLab/paper-gigas-metaanalysis
Data Received - RNA-seq Subset for Andy Dittman and NOAA,project-sc-RNAseq,0.2,Weak overlap: RNA-seq,https://robertslab.github.io/sams-notebook/posts/2026/2026-05-08-Data-Received---RNA-seq-Subset-for-Andy-Dittman-and-NOAA/index.html,https://github.com/RobertsLab/project-sc-RNAseq
Data Received - Sea Lice PacBio Genome Sequencing,project-lake-trout,0.2,Weak overlap: genome,https://robertslab.github.io/sams-notebook/posts/2026/2026-05-07-Data-Received---Sea-Lice-PacBio-Genome-Sequencing/index.html,https://github.com/RobertsLab/project-lake-trout
Data Received - Sea Lice PacBio Genome Sequencing,duck-genome-viz,0.2,Weak overlap: genome,https://robertslab.github.io/sams-notebook/posts/2026/2026-05-07-Data-Received---Sea-Lice-PacBio-Genome-Sequencing/index.html,https://github.com/RobertsLab/duck-genome-viz
Data Received - Sea Lice PacBio Genome Sequencing,project-geoduck-genome,0.2,Weak overlap: genome,https://robertslab.github.io/sams-notebook/posts/2026/2026-05-07-Data-Received---Sea-Lice-PacBio-Genome-Sequencing/index.html,https://github.com/RobertsLab/project-geoduck-genome
Resazurin Assays - USDA M.gigas Families in Response to 36C and Freshwater Co-stressors,project-gigas-conditioning,0.2,Weak overlap: Pacific oyster (Crassostrea/Magallana gigas),https://robertslab.github.io/sams-notebook/posts/2026/2026-05-05-Resazurin-Assays---USDA-M.gigas-Families-in-Response-to-36C-and-Freshwater-Co-stressors/index.html,https://github.com/RobertsLab/project-gigas-conditioning
Resazurin Assays - USDA M.gigas Families in Response to 36C and Freshwater Co-stressors,10K-seed-Cgigas,0.2,Weak overlap: Pacific oyster (Crassostrea/Magallana gigas),https://robertslab.github.io/sams-notebook/posts/2026/2026-05-05-Resazurin-Assays---USDA-M.gigas-Families-in-Response-to-36C-and-Freshwater-Co-stressors/index.html,https://github.com/RobertsLab/10K-seed-Cgigas
Resazurin Assays - USDA M.gigas Families in Response to 36C and Freshwater Co-stressors,project-cod-temperature,0.2,Weak overlap: temperature,https://robertslab.github.io/sams-notebook/posts/2026/2026-05-05-Resazurin-Assays---USDA-M.gigas-Families-in-Response-to-36C-and-Freshwater-Co-stressors/index.html,https://github.com/RobertsLab/project-cod-temperature
Resazurin Assays - USDA M.gigas Families in Response to 36C and Freshwater Co-stressors,manchester-hardening,0.2,Weak overlap: thermal,https://robertslab.github.io/sams-notebook/posts/2026/2026-05-05-Resazurin-Assays---USDA-M.gigas-Families-in-Response-to-36C-and-Freshwater-Co-stressors/index.html,https://github.com/RobertsLab/manchester-hardening
Resazurin Assays - USDA M.gigas Families in Response to 36C and Freshwater Co-stressors,project-gigas-carryover,0.2,Weak overlap: Pacific oyster (Crassostrea/Magallana gigas),https://robertslab.github.io/sams-notebook/posts/2026/2026-05-05-Resazurin-Assays---USDA-M.gigas-Families-in-Response-to-36C-and-Freshwater-Co-stressors/index.html,https://github.com/RobertsLab/project-gigas-carryover
Resazurin Assays - USDA M.gigas Families in Response to 36C and Freshwater Co-stressors,pgc-edc-oyster,0.2,Weak overlap: Pacific oyster (Crassostrea/Magallana gigas),https://robertslab.github.io/sams-notebook/posts/2026/2026-05-05-Resazurin-Assays---USDA-M.gigas-Families-in-Response-to-36C-and-Freshwater-Co-stressors/index.html,https://github.com/RobertsLab/pgc-edc-oyster
Resazurin Assays - USDA M.gigas Families in Response to 36C and Freshwater Co-stressors,oyster-ploidy-hardening,0.2,Weak overlap: Pacific oyster (Crassostrea/Magallana gigas),https://robertslab.github.io/sams-notebook/posts/2026/2026-05-05-Resazurin-Assays---USDA-M.gigas-Families-in-Response-to-36C-and-Freshwater-Co-stressors/index.html,https://github.com/RobertsLab/oyster-ploidy-hardening
Resazurin Assays - USDA M.gigas Families in Response to 36C and Freshwater Co-stressors,project-gigas-oa-meth,0.2,Weak overlap: Pacific oyster (Crassostrea/Magallana gigas),https://robertslab.github.io/sams-notebook/posts/2026/2026-05-05-Resazurin-Assays---USDA-M.gigas-Families-in-Response-to-36C-and-Freshwater-Co-stressors/index.html,https://github.com/RobertsLab/project-gigas-oa-meth
Resazurin Assays - USDA M.gigas Families in Response to 36C and Freshwater Co-stressors,project-gigas-ploidy-oa,0.2,Weak overlap: Pacific oyster (Crassostrea/Magallana gigas),https://robertslab.github.io/sams-notebook/posts/2026/2026-05-05-Resazurin-Assays---USDA-M.gigas-Families-in-Response-to-36C-and-Freshwater-Co-stressors/index.html,https://github.com/RobertsLab/project-gigas-ploidy-oa
Resazurin Assays - USDA M.gigas Families in Response to 36C and Freshwater Co-stressors,project-gigas_ploidy,0.2,Weak overlap: Pacific oyster (Crassostrea/Magallana gigas),https://robertslab.github.io/sams-notebook/posts/2026/2026-05-05-Resazurin-Assays---USDA-M.gigas-Families-in-Response-to-36C-and-Freshwater-Co-stressors/index.html,https://github.com/RobertsLab/project-gigas_ploidy
Resazurin Assays - USDA M.gigas Families in Response to 36C and Freshwater Co-stressors,paper-gigas-DNR-proteomics,0.2,Weak overlap: Pacific oyster (Crassostrea/Magallana gigas),https://robertslab.github.io/sams-notebook/posts/2026/2026-05-05-Resazurin-Assays---USDA-M.gigas-Families-in-Response-to-36C-and-Freshwater-Co-stressors/index.html,https://github.com/RobertsLab/paper-gigas-DNR-proteomics
Resazurin Assays - USDA M.gigas Families in Response to 36C and Freshwater Co-stressors,paper-gigas-metaanalysis,0.2,Weak overlap: Pacific oyster (Crassostrea/Magallana gigas),https://robertslab.github.io/sams-notebook/posts/2026/2026-05-05-Resazurin-Assays---USDA-M.gigas-Families-in-Response-to-36C-and-Freshwater-Co-stressors/index.html,https://github.com/RobertsLab/paper-gigas-metaanalysis
Resazurin Assays - USDA M.gigas Families in Response to Freshwater Stress,project-gigas-conditioning,0.2,Weak overlap: Pacific oyster (Crassostrea/Magallana gigas),https://robertslab.github.io/sams-notebook/posts/2026/2026-05-05-Resazurin-Assays---USDA-M.gigas-Families-in-Response-to-Freshwater-Stress/index.html,https://github.com/RobertsLab/project-gigas-conditioning
Resazurin Assays - USDA M.gigas Families in Response to Freshwater Stress,10K-seed-Cgigas,0.2,Weak overlap: Pacific oyster (Crassostrea/Magallana gigas),https://robertslab.github.io/sams-notebook/posts/2026/2026-05-05-Resazurin-Assays---USDA-M.gigas-Families-in-Response-to-Freshwater-Stress/index.html,https://github.com/RobertsLab/10K-seed-Cgigas
Resazurin Assays - USDA M.gigas Families in Response to Freshwater Stress,project-cod-temperature,0.2,Weak overlap: temperature,https://robertslab.github.io/sams-notebook/posts/2026/2026-05-05-Resazurin-Assays---USDA-M.gigas-Families-in-Response-to-Freshwater-Stress/index.html,https://github.com/RobertsLab/project-cod-temperature
Resazurin Assays - USDA M.gigas Families in Response to Freshwater Stress,project-gigas-carryover,0.2,Weak overlap: Pacific oyster (Crassostrea/Magallana gigas),https://robertslab.github.io/sams-notebook/posts/2026/2026-05-05-Resazurin-Assays---USDA-M.gigas-Families-in-Response-to-Freshwater-Stress/index.html,https://github.com/RobertsLab/project-gigas-carryover
Resazurin Assays - USDA M.gigas Families in Response to Freshwater Stress,pgc-edc-oyster,0.2,Weak overlap: Pacific oyster (Crassostrea/Magallana gigas),https://robertslab.github.io/sams-notebook/posts/2026/2026-05-05-Resazurin-Assays---USDA-M.gigas-Families-in-Response-to-Freshwater-Stress/index.html,https://github.com/RobertsLab/pgc-edc-oyster
Resazurin Assays - USDA M.gigas Families in Response to Freshwater Stress,oyster-ploidy-hardening,0.2,Weak overlap: Pacific oyster (Crassostrea/Magallana gigas),https://robertslab.github.io/sams-notebook/posts/2026/2026-05-05-Resazurin-Assays---USDA-M.gigas-Families-in-Response-to-Freshwater-Stress/index.html,https://github.com/RobertsLab/oyster-ploidy-hardening
Resazurin Assays - USDA M.gigas Families in Response to Freshwater Stress,project-gigas-oa-meth,0.2,Weak overlap: Pacific oyster (Crassostrea/Magallana gigas),https://robertslab.github.io/sams-notebook/posts/2026/2026-05-05-Resazurin-Assays---USDA-M.gigas-Families-in-Response-to-Freshwater-Stress/index.html,https://github.com/RobertsLab/project-gigas-oa-meth
Resazurin Assays - USDA M.gigas Families in Response to Freshwater Stress,project-gigas-ploidy-oa,0.2,Weak overlap: Pacific oyster (Crassostrea/Magallana gigas),https://robertslab.github.io/sams-notebook/posts/2026/2026-05-05-Resazurin-Assays---USDA-M.gigas-Families-in-Response-to-Freshwater-Stress/index.html,https://github.com/RobertsLab/project-gigas-ploidy-oa
Resazurin Assays - USDA M.gigas Families in Response to Freshwater Stress,project-gigas_ploidy,0.2,Weak overlap: Pacific oyster (Crassostrea/Magallana gigas),https://robertslab.github.io/sams-notebook/posts/2026/2026-05-05-Resazurin-Assays---USDA-M.gigas-Families-in-Response-to-Freshwater-Stress/index.html,https://github.com/RobertsLab/project-gigas_ploidy
Resazurin Assays - USDA M.gigas Families in Response to Freshwater Stress,paper-gigas-early-gametogenic-exposure,0.2,Weak overlap: Pacific oyster (Crassostrea/Magallana gigas),https://robertslab.github.io/sams-notebook/posts/2026/2026-05-05-Resazurin-Assays---USDA-M.gigas-Families-in-Response-to-Freshwater-Stress/index.html,https://github.com/RobertsLab/paper-gigas-early-gametogenic-exposure
Resazurin Assays - USDA M.gigas Families in Response to Freshwater Stress,paper-gigas-DNR-proteomics,0.2,Weak overlap: Pacific oyster (Crassostrea/Magallana gigas),https://robertslab.github.io/sams-notebook/posts/2026/2026-05-05-Resazurin-Assays---USDA-M.gigas-Families-in-Response-to-Freshwater-Stress/index.html,https://github.com/RobertsLab/paper-gigas-DNR-proteomics
Resazurin Assays - USDA M.gigas Families in Response to Freshwater Stress,paper-gigas-metaanalysis,0.2,Weak overlap: Pacific oyster (Crassostrea/Magallana gigas),https://robertslab.github.io/sams-notebook/posts/2026/2026-05-05-Resazurin-Assays---USDA-M.gigas-Families-in-Response-to-Freshwater-Stress/index.html,https://github.com/RobertsLab/paper-gigas-metaanalysis
Resazurin Assays - USDA M.gigas Families in Response to Freshwater Stress,project-gigas-conditioning,0.2,Weak overlap: Pacific oyster (Crassostrea/Magallana gigas),https://robertslab.github.io/sams-notebook/posts/2026/2026-04-29-Resazurin-Assays---USDA-M.gigas-Families-in-Response-to-Freshwater-Stress/index.html,https://github.com/RobertsLab/project-gigas-conditioning
Resazurin Assays - USDA M.gigas Families in Response to Freshwater Stress,10K-seed-Cgigas,0.2,Weak overlap: Pacific oyster (Crassostrea/Magallana gigas),https://robertslab.github.io/sams-notebook/posts/2026/2026-04-29-Resazurin-Assays---USDA-M.gigas-Families-in-Response-to-Freshwater-Stress/index.html,https://github.com/RobertsLab/10K-seed-Cgigas
Resazurin Assays - USDA M.gigas Families in Response to Freshwater Stress,project-cod-temperature,0.2,Weak overlap: temperature,https://robertslab.github.io/sams-notebook/posts/2026/2026-04-29-Resazurin-Assays---USDA-M.gigas-Families-in-Response-to-Freshwater-Stress/index.html,https://github.com/RobertsLab/project-cod-temperature
Resazurin Assays - USDA M.gigas Families in Response to Freshwater Stress,project-gigas-carryover,0.2,Weak overlap: Pacific oyster (Crassostrea/Magallana gigas),https://robertslab.github.io/sams-notebook/posts/2026/2026-04-29-Resazurin-Assays---USDA-M.gigas-Families-in-Response-to-Freshwater-Stress/index.html,https://github.com/RobertsLab/project-gigas-carryover
Resazurin Assays - USDA M.gigas Families in Response to Freshwater Stress,pgc-edc-oyster,0.2,Weak overlap: Pacific oyster (Crassostrea/Magallana gigas),https://robertslab.github.io/sams-notebook/posts/2026/2026-04-29-Resazurin-Assays---USDA-M.gigas-Families-in-Response-to-Freshwater-Stress/index.html,https://github.com/RobertsLab/pgc-edc-oyster
Resazurin Assays - USDA M.gigas Families in Response to Freshwater Stress,oyster-ploidy-hardening,0.2,Weak overlap: Pacific oyster (Crassostrea/Magallana gigas),https://robertslab.github.io/sams-notebook/posts/2026/2026-04-29-Resazurin-Assays---USDA-M.gigas-Families-in-Response-to-Freshwater-Stress/index.html,https://github.com/RobertsLab/oyster-ploidy-hardening
Resazurin Assays - USDA M.gigas Families in Response to Freshwater Stress,project-gigas-oa-meth,0.2,Weak overlap: Pacific oyster (Crassostrea/Magallana gigas),https://robertslab.github.io/sams-notebook/posts/2026/2026-04-29-Resazurin-Assays---USDA-M.gigas-Families-in-Response-to-Freshwater-Stress/index.html,https://github.com/RobertsLab/project-gigas-oa-meth
Resazurin Assays - USDA M.gigas Families in Response to Freshwater Stress,project-gigas-ploidy-oa,0.2,Weak overlap: Pacific oyster (Crassostrea/Magallana gigas),https://robertslab.github.io/sams-notebook/posts/2026/2026-04-29-Resazurin-Assays---USDA-M.gigas-Families-in-Response-to-Freshwater-Stress/index.html,https://github.com/RobertsLab/project-gigas-ploidy-oa
Resazurin Assays - USDA M.gigas Families in Response to Freshwater Stress,project-gigas_ploidy,0.2,Weak overlap: Pacific oyster (Crassostrea/Magallana gigas),https://robertslab.github.io/sams-notebook/posts/2026/2026-04-29-Resazurin-Assays---USDA-M.gigas-Families-in-Response-to-Freshwater-Stress/index.html,https://github.com/RobertsLab/project-gigas_ploidy
Resazurin Assays - USDA M.gigas Families in Response to Freshwater Stress,paper-gigas-early-gametogenic-exposure,0.2,Weak overlap: Pacific oyster (Crassostrea/Magallana gigas),https://robertslab.github.io/sams-notebook/posts/2026/2026-04-29-Resazurin-Assays---USDA-M.gigas-Families-in-Response-to-Freshwater-Stress/index.html,https://github.com/RobertsLab/paper-gigas-early-gametogenic-exposure
Resazurin Assays - USDA M.gigas Families in Response to Freshwater Stress,paper-gigas-DNR-proteomics,0.2,Weak overlap: Pacific oyster (Crassostrea/Magallana gigas),https://robertslab.github.io/sams-notebook/posts/2026/2026-04-29-Resazurin-Assays---USDA-M.gigas-Families-in-Response-to-Freshwater-Stress/index.html,https://github.com/RobertsLab/paper-gigas-DNR-proteomics
Resazurin Assays - USDA M.gigas Families in Response to Freshwater Stress,paper-gigas-metaanalysis,0.2,Weak overlap: Pacific oyster (Crassostrea/Magallana gigas),https://robertslab.github.io/sams-notebook/posts/2026/2026-04-29-Resazurin-Assays---USDA-M.gigas-Families-in-Response-to-Freshwater-Stress/index.html,https://github.com/RobertsLab/paper-gigas-metaanalysis
Heat Stress Survivorship - M.gigas USDA Families Heat Stressed at 33C,project-gigas-conditioning,0.2,Weak overlap: Pacific oyster (Crassostrea/Magallana gigas),https://robertslab.github.io/sams-notebook/posts/2026/2026-04-27-Heat-Stress-Survivorship---M.gigas-USDA-Families-Heat-Stressed-at-33C/index.html,https://github.com/RobertsLab/project-gigas-conditioning
Heat Stress Survivorship - M.gigas USDA Families Heat Stressed at 33C,10K-seed-Cgigas,0.2,Weak overlap: Pacific oyster (Crassostrea/Magallana gigas),https://robertslab.github.io/sams-notebook/posts/2026/2026-04-27-Heat-Stress-Survivorship---M.gigas-USDA-Families-Heat-Stressed-at-33C/index.html,https://github.com/RobertsLab/10K-seed-Cgigas
Heat Stress Survivorship - M.gigas USDA Families Heat Stressed at 33C,project-gigas-carryover,0.2,Weak overlap: Pacific oyster (Crassostrea/Magallana gigas),https://robertslab.github.io/sams-notebook/posts/2026/2026-04-27-Heat-Stress-Survivorship---M.gigas-USDA-Families-Heat-Stressed-at-33C/index.html,https://github.com/RobertsLab/project-gigas-carryover
Heat Stress Survivorship - M.gigas USDA Families Heat Stressed at 33C,pgc-edc-oyster,0.2,Weak overlap: Pacific oyster (Crassostrea/Magallana gigas),https://robertslab.github.io/sams-notebook/posts/2026/2026-04-27-Heat-Stress-Survivorship---M.gigas-USDA-Families-Heat-Stressed-at-33C/index.html,https://github.com/RobertsLab/pgc-edc-oyster
Heat Stress Survivorship - M.gigas USDA Families Heat Stressed at 33C,oyster-ploidy-hardening,0.2,Weak overlap: Pacific oyster (Crassostrea/Magallana gigas),https://robertslab.github.io/sams-notebook/posts/2026/2026-04-27-Heat-Stress-Survivorship---M.gigas-USDA-Families-Heat-Stressed-at-33C/index.html,https://github.com/RobertsLab/oyster-ploidy-hardening
Heat Stress Survivorship - M.gigas USDA Families Heat Stressed at 33C,project-gigas-oa-meth,0.2,Weak overlap: Pacific oyster (Crassostrea/Magallana gigas),https://robertslab.github.io/sams-notebook/posts/2026/2026-04-27-Heat-Stress-Survivorship---M.gigas-USDA-Families-Heat-Stressed-at-33C/index.html,https://github.com/RobertsLab/project-gigas-oa-meth
Heat Stress Survivorship - M.gigas USDA Families Heat Stressed at 33C,project-gigas-ploidy-oa,0.2,Weak overlap: Pacific oyster (Crassostrea/Magallana gigas),https://robertslab.github.io/sams-notebook/posts/2026/2026-04-27-Heat-Stress-Survivorship---M.gigas-USDA-Families-Heat-Stressed-at-33C/index.html,https://github.com/RobertsLab/project-gigas-ploidy-oa
Heat Stress Survivorship - M.gigas USDA Families Heat Stressed at 33C,project-gigas_ploidy,0.2,Weak overlap: Pacific oyster (Crassostrea/Magallana gigas),https://robertslab.github.io/sams-notebook/posts/2026/2026-04-27-Heat-Stress-Survivorship---M.gigas-USDA-Families-Heat-Stressed-at-33C/index.html,https://github.com/RobertsLab/project-gigas_ploidy
Heat Stress Survivorship - M.gigas USDA Families Heat Stressed at 33C,paper-gigas-early-gametogenic-exposure,0.2,Weak overlap: Pacific oyster (Crassostrea/Magallana gigas),https://robertslab.github.io/sams-notebook/posts/2026/2026-04-27-Heat-Stress-Survivorship---M.gigas-USDA-Families-Heat-Stressed-at-33C/index.html,https://github.com/RobertsLab/paper-gigas-early-gametogenic-exposure
Heat Stress Survivorship - M.gigas USDA Families Heat Stressed at 33C,paper-gigas-DNR-proteomics,0.2,Weak overlap: Pacific oyster (Crassostrea/Magallana gigas),https://robertslab.github.io/sams-notebook/posts/2026/2026-04-27-Heat-Stress-Survivorship---M.gigas-USDA-Families-Heat-Stressed-at-33C/index.html,https://github.com/RobertsLab/paper-gigas-DNR-proteomics
Heat Stress Survivorship - M.gigas USDA Families Heat Stressed at 33C,paper-gigas-metaanalysis,0.2,Weak overlap: Pacific oyster (Crassostrea/Magallana gigas),https://robertslab.github.io/sams-notebook/posts/2026/2026-04-27-Heat-Stress-Survivorship---M.gigas-USDA-Families-Heat-Stressed-at-33C/index.html,https://github.com/RobertsLab/paper-gigas-metaanalysis
Resazurin Assays - USDA M.gigas Families in Response to Temperature Stress,project-gigas-conditioning,0.2,Weak overlap: Pacific oyster (Crassostrea/Magallana gigas),https://robertslab.github.io/sams-notebook/posts/2026/2026-04-15-Resazurin-Assays---USDA-M.gigas-Families-in-Response-to-Temperature-Stress/index.html,https://github.com/RobertsLab/project-gigas-conditioning
Resazurin Assays - USDA M.gigas Families in Response to Temperature Stress,10K-seed-Cgigas,0.2,Weak overlap: Pacific oyster (Crassostrea/Magallana gigas),https://robertslab.github.io/sams-notebook/posts/2026/2026-04-15-Resazurin-Assays---USDA-M.gigas-Families-in-Response-to-Temperature-Stress/index.html,https://github.com/RobertsLab/10K-seed-Cgigas
Resazurin Assays - USDA M.gigas Families in Response to Temperature Stress,project-cod-temperature,0.2,Weak overlap: temperature,https://robertslab.github.io/sams-notebook/posts/2026/2026-04-15-Resazurin-Assays---USDA-M.gigas-Families-in-Response-to-Temperature-Stress/index.html,https://github.com/RobertsLab/project-cod-temperature
Resazurin Assays - USDA M.gigas Families in Response to Temperature Stress,project-gigas-carryover,0.2,Weak overlap: Pacific oyster (Crassostrea/Magallana gigas),https://robertslab.github.io/sams-notebook/posts/2026/2026-04-15-Resazurin-Assays---USDA-M.gigas-Families-in-Response-to-Temperature-Stress/index.html,https://github.com/RobertsLab/project-gigas-carryover
Resazurin Assays - USDA M.gigas Families in Response to Temperature Stress,pgc-edc-oyster,0.2,Weak overlap: Pacific oyster (Crassostrea/Magallana gigas),https://robertslab.github.io/sams-notebook/posts/2026/2026-04-15-Resazurin-Assays---USDA-M.gigas-Families-in-Response-to-Temperature-Stress/index.html,https://github.com/RobertsLab/pgc-edc-oyster
Resazurin Assays - USDA M.gigas Families in Response to Temperature Stress,oyster-ploidy-hardening,0.2,Weak overlap: Pacific oyster (Crassostrea/Magallana gigas),https://robertslab.github.io/sams-notebook/posts/2026/2026-04-15-Resazurin-Assays---USDA-M.gigas-Families-in-Response-to-Temperature-Stress/index.html,https://github.com/RobertsLab/oyster-ploidy-hardening
Resazurin Assays - USDA M.gigas Families in Response to Temperature Stress,project-gigas-oa-meth,0.2,Weak overlap: Pacific oyster (Crassostrea/Magallana gigas),https://robertslab.github.io/sams-notebook/posts/2026/2026-04-15-Resazurin-Assays---USDA-M.gigas-Families-in-Response-to-Temperature-Stress/index.html,https://github.com/RobertsLab/project-gigas-oa-meth
Resazurin Assays - USDA M.gigas Families in Response to Temperature Stress,project-gigas-ploidy-oa,0.2,Weak overlap: Pacific oyster (Crassostrea/Magallana gigas),https://robertslab.github.io/sams-notebook/posts/2026/2026-04-15-Resazurin-Assays---USDA-M.gigas-Families-in-Response-to-Temperature-Stress/index.html,https://github.com/RobertsLab/project-gigas-ploidy-oa
Resazurin Assays - USDA M.gigas Families in Response to Temperature Stress,project-gigas_ploidy,0.2,Weak overlap: Pacific oyster (Crassostrea/Magallana gigas),https://robertslab.github.io/sams-notebook/posts/2026/2026-04-15-Resazurin-Assays---USDA-M.gigas-Families-in-Response-to-Temperature-Stress/index.html,https://github.com/RobertsLab/project-gigas_ploidy
Resazurin Assays - USDA M.gigas Families in Response to Temperature Stress,paper-gigas-early-gametogenic-exposure,0.2,Weak overlap: Pacific oyster (Crassostrea/Magallana gigas),https://robertslab.github.io/sams-notebook/posts/2026/2026-04-15-Resazurin-Assays---USDA-M.gigas-Families-in-Response-to-Temperature-Stress/index.html,https://github.com/RobertsLab/paper-gigas-early-gametogenic-exposure
Resazurin Assays - USDA M.gigas Families in Response to Temperature Stress,paper-gigas-DNR-proteomics,0.2,Weak overlap: Pacific oyster (Crassostrea/Magallana gigas),https://robertslab.github.io/sams-notebook/posts/2026/2026-04-15-Resazurin-Assays---USDA-M.gigas-Families-in-Response-to-Temperature-Stress/index.html,https://github.com/RobertsLab/paper-gigas-DNR-proteomics
Resazurin Assays - USDA M.gigas Families in Response to Temperature Stress,paper-gigas-metaanalysis,0.2,Weak overlap: Pacific oyster (Crassostrea/Magallana gigas),https://robertslab.github.io/sams-notebook/posts/2026/2026-04-15-Resazurin-Assays---USDA-M.gigas-Families-in-Response-to-Temperature-Stress/index.html,https://github.com/RobertsLab/paper-gigas-metaanalysis
Genome Comparisons - Lake Trout PacBio Assemblies Flye vs hifiasm Using QUAST,duck-genome-viz,0.2,Weak overlap: genome,https://robertslab.github.io/sams-notebook/posts/2026/2026-04-10-Genome-Comparisons---Lake-Trout-PacBio-Assemblies-Flye-vs-hifiasm-Using-QUAST/index.html,https://github.com/RobertsLab/duck-genome-viz
Genome Comparisons - Lake Trout PacBio Assemblies Flye vs hifiasm Using QUAST,project-geoduck-genome,0.2,Weak overlap: genome,https://robertslab.github.io/sams-notebook/posts/2026/2026-04-10-Genome-Comparisons---Lake-Trout-PacBio-Assemblies-Flye-vs-hifiasm-Using-QUAST/index.html,https://github.com/RobertsLab/project-geoduck-genome
Resazurin Assays - Selected Juvenile Ruditapes philippinarum Exposed to 36C Acute Heat Stress Day 1,project-cod-temperature,0.2,Weak overlap: temperature,https://robertslab.github.io/sams-notebook/posts/2026/2026-04-01-Resazurin-Assays---Selected-Juvenile-Ruditapes-philippinarum-Exposed-to-36C-Acute-Heat-Stress-Day-1/index.html,https://github.com/RobertsLab/project-cod-temperature
Resazurin Assays - Selected Juvenile Ruditapes philippinarum Exposed to 36C Acute Heat Stress,project-cod-temperature,0.2,Weak overlap: temperature,https://robertslab.github.io/sams-notebook/posts/2026/2026-04-01-Resazurin-Assays---Selected-Juvenile-Ruditapes-philippinarum-Exposed-to-36C-Acute-Heat-Stress/index.html,https://github.com/RobertsLab/project-cod-temperature
Genome Assembly - S.namaycush Lean Ecotype with PacBio HiFi Reads Using hifiasm on Hyak,oyster-ploidy-hardening,0.2,Weak overlap: diploid,https://robertslab.github.io/sams-notebook/posts/2026/2026-03-31-Genome-Assembly---S.namaycush-Lean-Ecotype-with-PacBio-HiFi-Reads-Using-hifiasm-on-Hyak/index.html,https://github.com/RobertsLab/oyster-ploidy-hardening
Genome Assembly - S.namaycush Lean Ecotype with PacBio HiFi Reads Using hifiasm on Hyak,project-gigas_ploidy,0.2,Weak overlap: diploid,https://robertslab.github.io/sams-notebook/posts/2026/2026-03-31-Genome-Assembly---S.namaycush-Lean-Ecotype-with-PacBio-HiFi-Reads-Using-hifiasm-on-Hyak/index.html,https://github.com/RobertsLab/project-gigas_ploidy
Genome Assembly - S.namaycush Lean Ecotype with PacBio HiFi Reads Using hifiasm on Hyak,duck-genome-viz,0.2,Weak overlap: genome,https://robertslab.github.io/sams-notebook/posts/2026/2026-03-31-Genome-Assembly---S.namaycush-Lean-Ecotype-with-PacBio-HiFi-Reads-Using-hifiasm-on-Hyak/index.html,https://github.com/RobertsLab/duck-genome-viz
Genome Assembly - S.namaycush Lean Ecotype with PacBio HiFi Reads Using hifiasm on Hyak,project-geoduck-genome,0.2,Weak overlap: genome,https://robertslab.github.io/sams-notebook/posts/2026/2026-03-31-Genome-Assembly---S.namaycush-Lean-Ecotype-with-PacBio-HiFi-Reads-Using-hifiasm-on-Hyak/index.html,https://github.com/RobertsLab/project-geoduck-genome
Genome Assembly - S.namaycush Lean Ecotype with PacBio HiFi Reads Using hifiasm on Hyak,hyak_mox,0.2,Weak overlap: hyak,https://robertslab.github.io/sams-notebook/posts/2026/2026-03-31-Genome-Assembly---S.namaycush-Lean-Ecotype-with-PacBio-HiFi-Reads-Using-hifiasm-on-Hyak/index.html,https://github.com/RobertsLab/hyak_mox
Genome Assembly - S.namaycush Siscowet Ecotype with PacBio HiFi Reads Using hifiasm on Hyak,oyster-ploidy-hardening,0.2,Weak overlap: diploid,https://robertslab.github.io/sams-notebook/posts/2026/2026-03-31-Genome-Assembly---S.namaycush-Siscowet-Ecotype-with-PacBio-HiFi-Reads-Using-hifiasm-on-Hyak/index.html,https://github.com/RobertsLab/oyster-ploidy-hardening
Genome Assembly - S.namaycush Siscowet Ecotype with PacBio HiFi Reads Using hifiasm on Hyak,project-gigas_ploidy,0.2,Weak overlap: diploid,https://robertslab.github.io/sams-notebook/posts/2026/2026-03-31-Genome-Assembly---S.namaycush-Siscowet-Ecotype-with-PacBio-HiFi-Reads-Using-hifiasm-on-Hyak/index.html,https://github.com/RobertsLab/project-gigas_ploidy
Genome Assembly - S.namaycush Siscowet Ecotype with PacBio HiFi Reads Using hifiasm on Hyak,duck-genome-viz,0.2,Weak overlap: genome,https://robertslab.github.io/sams-notebook/posts/2026/2026-03-31-Genome-Assembly---S.namaycush-Siscowet-Ecotype-with-PacBio-HiFi-Reads-Using-hifiasm-on-Hyak/index.html,https://github.com/RobertsLab/duck-genome-viz
Genome Assembly - S.namaycush Siscowet Ecotype with PacBio HiFi Reads Using hifiasm on Hyak,project-geoduck-genome,0.2,Weak overlap: genome,https://robertslab.github.io/sams-notebook/posts/2026/2026-03-31-Genome-Assembly---S.namaycush-Siscowet-Ecotype-with-PacBio-HiFi-Reads-Using-hifiasm-on-Hyak/index.html,https://github.com/RobertsLab/project-geoduck-genome
Genome Assembly - S.namaycush Siscowet Ecotype with PacBio HiFi Reads Using hifiasm on Hyak,hyak_mox,0.2,Weak overlap: hyak,https://robertslab.github.io/sams-notebook/posts/2026/2026-03-31-Genome-Assembly---S.namaycush-Siscowet-Ecotype-with-PacBio-HiFi-Reads-Using-hifiasm-on-Hyak/index.html,https://github.com/RobertsLab/hyak_mox
Samples Submitted - Salmon Kidney Tissue to SolusCell for Cristian Gallardo,project-sc-RNAseq,0.2,Weak overlap: RNA-seq,https://robertslab.github.io/sams-notebook/posts/2026/2026-03-30-Samples-Submitted---Salmon-Kidney-Tissue-to-SolusCell-for-Cristian-Gallardo/index.html,https://github.com/RobertsLab/project-sc-RNAseq
Genome Assembly - S.namaycush Lean Ecotype with PacBio HiFi Reads Using Flye,duck-genome-viz,0.2,Weak overlap: genome,https://robertslab.github.io/sams-notebook/posts/2026/2026-03-26-Genome-Assembly---S.namaycush-Lean-Ecotype-with-PacBio-HiFi-Reads-Using-Flye/index.html,https://github.com/RobertsLab/duck-genome-viz
Genome Assembly - S.namaycush Lean Ecotype with PacBio HiFi Reads Using Flye,project-geoduck-genome,0.2,Weak overlap: genome,https://robertslab.github.io/sams-notebook/posts/2026/2026-03-26-Genome-Assembly---S.namaycush-Lean-Ecotype-with-PacBio-HiFi-Reads-Using-Flye/index.html,https://github.com/RobertsLab/project-geoduck-genome
Genome Assembly - S.namaycush Lean Ecotype with PacBio HiFi Reads Using Flye,hyak_mox,0.2,Weak overlap: hyak,https://robertslab.github.io/sams-notebook/posts/2026/2026-03-26-Genome-Assembly---S.namaycush-Lean-Ecotype-with-PacBio-HiFi-Reads-Using-Flye/index.html,https://github.com/RobertsLab/hyak_mox
Genome Assembly - S.namaycush Siscowet Ecotype with PacBio HiFi Reads Using Flye,duck-genome-viz,0.2,Weak overlap: genome,https://robertslab.github.io/sams-notebook/posts/2026/2026-03-26-Genome-Assembly---S.namaycush-Siscowet-Ecotype-with-PacBio-HiFi-Reads-Using-Flye/index.html,https://github.com/RobertsLab/duck-genome-viz
Genome Assembly - S.namaycush Siscowet Ecotype with PacBio HiFi Reads Using Flye,project-geoduck-genome,0.2,Weak overlap: genome,https://robertslab.github.io/sams-notebook/posts/2026/2026-03-26-Genome-Assembly---S.namaycush-Siscowet-Ecotype-with-PacBio-HiFi-Reads-Using-Flye/index.html,https://github.com/RobertsLab/project-geoduck-genome
Genome Assembly - S.namaycush Siscowet Ecotype with PacBio HiFi Reads Using Flye,hyak_mox,0.2,Weak overlap: hyak,https://robertslab.github.io/sams-notebook/posts/2026/2026-03-26-Genome-Assembly---S.namaycush-Siscowet-Ecotype-with-PacBio-HiFi-Reads-Using-Flye/index.html,https://github.com/RobertsLab/hyak_mox
Software Installation - EGAPx and FCS-GX on Klone,project-sc-RNAseq,0.2,Weak overlap: RNA-seq,https://robertslab.github.io/sams-notebook/posts/2026/2026-03-05-Software-Installation---EGAPx-and-FCS-GX-on-Klone/index.html,https://github.com/RobertsLab/project-sc-RNAseq
Software Installation - EGAPx and FCS-GX on Klone,project-historical-hematodinium-crab,0.2,Weak overlap: Crab (general),https://robertslab.github.io/sams-notebook/posts/2026/2026-03-05-Software-Installation---EGAPx-and-FCS-GX-on-Klone/index.html,https://github.com/RobertsLab/project-historical-hematodinium-crab
Software Installation - EGAPx and FCS-GX on Klone,project-crab,0.2,Weak overlap: Crab (general),https://robertslab.github.io/sams-notebook/posts/2026/2026-03-05-Software-Installation---EGAPx-and-FCS-GX-on-Klone/index.html,https://github.com/RobertsLab/project-crab
Software Installation - EGAPx and FCS-GX on Klone,project-crab-capstone,0.2,Weak overlap: Crab (general),https://robertslab.github.io/sams-notebook/posts/2026/2026-03-05-Software-Installation---EGAPx-and-FCS-GX-on-Klone/index.html,https://github.com/RobertsLab/project-crab-capstone
Software Installation - EGAPx and FCS-GX on Klone,paper-crab,0.2,Weak overlap: Crab (general),https://robertslab.github.io/sams-notebook/posts/2026/2026-03-05-Software-Installation---EGAPx-and-FCS-GX-on-Klone/index.html,https://github.com/RobertsLab/paper-crab
Software Installation - EGAPx and FCS-GX on Klone,explore-crab-data,0.2,Weak overlap: Crab (general),https://robertslab.github.io/sams-notebook/posts/2026/2026-03-05-Software-Installation---EGAPx-and-FCS-GX-on-Klone/index.html,https://github.com/RobertsLab/explore-crab-data
Software Installation - EGAPx and FCS-GX on Klone,hyak_mox,0.2,Weak overlap: hyak,https://robertslab.github.io/sams-notebook/posts/2026/2026-03-05-Software-Installation---EGAPx-and-FCS-GX-on-Klone/index.html,https://github.com/RobertsLab/hyak_mox
Glycogen Assay - Glycogen-Glo Dilution Testing with M.gigas Ctenidia Homogenate,project-gigas-conditioning,0.2,Weak overlap: Pacific oyster (Crassostrea/Magallana gigas),https://robertslab.github.io/sams-notebook/posts/2026/2026-01-12-Glycogen-Assay---Glycogen-Glo-Dilution-Testing-with-M.gigas-Ctenidia-Homogenate/index.html,https://github.com/RobertsLab/project-gigas-conditioning
Glycogen Assay - Glycogen-Glo Dilution Testing with M.gigas Ctenidia Homogenate,10K-seed-Cgigas,0.2,Weak overlap: Pacific oyster (Crassostrea/Magallana gigas),https://robertslab.github.io/sams-notebook/posts/2026/2026-01-12-Glycogen-Assay---Glycogen-Glo-Dilution-Testing-with-M.gigas-Ctenidia-Homogenate/index.html,https://github.com/RobertsLab/10K-seed-Cgigas
Glycogen Assay - Glycogen-Glo Dilution Testing with M.gigas Ctenidia Homogenate,project-cod-temperature,0.2,Weak overlap: temperature,https://robertslab.github.io/sams-notebook/posts/2026/2026-01-12-Glycogen-Assay---Glycogen-Glo-Dilution-Testing-with-M.gigas-Ctenidia-Homogenate/index.html,https://github.com/RobertsLab/project-cod-temperature
Glycogen Assay - Glycogen-Glo Dilution Testing with M.gigas Ctenidia Homogenate,project-gigas-carryover,0.2,Weak overlap: Pacific oyster (Crassostrea/Magallana gigas),https://robertslab.github.io/sams-notebook/posts/2026/2026-01-12-Glycogen-Assay---Glycogen-Glo-Dilution-Testing-with-M.gigas-Ctenidia-Homogenate/index.html,https://github.com/RobertsLab/project-gigas-carryover
Glycogen Assay - Glycogen-Glo Dilution Testing with M.gigas Ctenidia Homogenate,pgc-edc-oyster,0.2,Weak overlap: Pacific oyster (Crassostrea/Magallana gigas),https://robertslab.github.io/sams-notebook/posts/2026/2026-01-12-Glycogen-Assay---Glycogen-Glo-Dilution-Testing-with-M.gigas-Ctenidia-Homogenate/index.html,https://github.com/RobertsLab/pgc-edc-oyster
Glycogen Assay - Glycogen-Glo Dilution Testing with M.gigas Ctenidia Homogenate,oyster-ploidy-hardening,0.2,Weak overlap: Pacific oyster (Crassostrea/Magallana gigas),https://robertslab.github.io/sams-notebook/posts/2026/2026-01-12-Glycogen-Assay---Glycogen-Glo-Dilution-Testing-with-M.gigas-Ctenidia-Homogenate/index.html,https://github.com/RobertsLab/oyster-ploidy-hardening
Glycogen Assay - Glycogen-Glo Dilution Testing with M.gigas Ctenidia Homogenate,project-gigas-oa-meth,0.2,Weak overlap: Pacific oyster (Crassostrea/Magallana gigas),https://robertslab.github.io/sams-notebook/posts/2026/2026-01-12-Glycogen-Assay---Glycogen-Glo-Dilution-Testing-with-M.gigas-Ctenidia-Homogenate/index.html,https://github.com/RobertsLab/project-gigas-oa-meth
Glycogen Assay - Glycogen-Glo Dilution Testing with M.gigas Ctenidia Homogenate,project-gigas-ploidy-oa,0.2,Weak overlap: Pacific oyster (Crassostrea/Magallana gigas),https://robertslab.github.io/sams-notebook/posts/2026/2026-01-12-Glycogen-Assay---Glycogen-Glo-Dilution-Testing-with-M.gigas-Ctenidia-Homogenate/index.html,https://github.com/RobertsLab/project-gigas-ploidy-oa
Glycogen Assay - Glycogen-Glo Dilution Testing with M.gigas Ctenidia Homogenate,project-gigas_ploidy,0.2,Weak overlap: Pacific oyster (Crassostrea/Magallana gigas),https://robertslab.github.io/sams-notebook/posts/2026/2026-01-12-Glycogen-Assay---Glycogen-Glo-Dilution-Testing-with-M.gigas-Ctenidia-Homogenate/index.html,https://github.com/RobertsLab/project-gigas_ploidy
Glycogen Assay - Glycogen-Glo Dilution Testing with M.gigas Ctenidia Homogenate,paper-gigas-early-gametogenic-exposure,0.2,Weak overlap: Pacific oyster (Crassostrea/Magallana gigas),https://robertslab.github.io/sams-notebook/posts/2026/2026-01-12-Glycogen-Assay---Glycogen-Glo-Dilution-Testing-with-M.gigas-Ctenidia-Homogenate/index.html,https://github.com/RobertsLab/paper-gigas-early-gametogenic-exposure
Glycogen Assay - Glycogen-Glo Dilution Testing with M.gigas Ctenidia Homogenate,paper-gigas-DNR-proteomics,0.2,Weak overlap: Pacific oyster (Crassostrea/Magallana gigas),https://robertslab.github.io/sams-notebook/posts/2026/2026-01-12-Glycogen-Assay---Glycogen-Glo-Dilution-Testing-with-M.gigas-Ctenidia-Homogenate/index.html,https://github.com/RobertsLab/paper-gigas-DNR-proteomics
Glycogen Assay - Glycogen-Glo Dilution Testing with M.gigas Ctenidia Homogenate,paper-gigas-metaanalysis,0.2,Weak overlap: Pacific oyster (Crassostrea/Magallana gigas),https://robertslab.github.io/sams-notebook/posts/2026/2026-01-12-Glycogen-Assay---Glycogen-Glo-Dilution-Testing-with-M.gigas-Ctenidia-Homogenate/index.html,https://github.com/RobertsLab/paper-gigas-metaanalysis
Tissue Collection and Homogenization - M.gigas Ctenidia for Glycogen-Glo Assay,project-gigas-conditioning,0.2,Weak overlap: Pacific oyster (Crassostrea/Magallana gigas),https://robertslab.github.io/sams-notebook/posts/2025/2025-12-10-Tissue-Collection-and-Homogenization---M.gigas-Ctenidia-for-Glycogen-Glo-Assay/index.html,https://github.com/RobertsLab/project-gigas-conditioning
Tissue Collection and Homogenization - M.gigas Ctenidia for Glycogen-Glo Assay,10K-seed-Cgigas,0.2,Weak overlap: Pacific oyster (Crassostrea/Magallana gigas),https://robertslab.github.io/sams-notebook/posts/2025/2025-12-10-Tissue-Collection-and-Homogenization---M.gigas-Ctenidia-for-Glycogen-Glo-Assay/index.html,https://github.com/RobertsLab/10K-seed-Cgigas
Tissue Collection and Homogenization - M.gigas Ctenidia for Glycogen-Glo Assay,project-cod-temperature,0.2,Weak overlap: temperature,https://robertslab.github.io/sams-notebook/posts/2025/2025-12-10-Tissue-Collection-and-Homogenization---M.gigas-Ctenidia-for-Glycogen-Glo-Assay/index.html,https://github.com/RobertsLab/project-cod-temperature
Tissue Collection and Homogenization - M.gigas Ctenidia for Glycogen-Glo Assay,project-gigas-carryover,0.2,Weak overlap: Pacific oyster (Crassostrea/Magallana gigas),https://robertslab.github.io/sams-notebook/posts/2025/2025-12-10-Tissue-Collection-and-Homogenization---M.gigas-Ctenidia-for-Glycogen-Glo-Assay/index.html,https://github.com/RobertsLab/project-gigas-carryover
Tissue Collection and Homogenization - M.gigas Ctenidia for Glycogen-Glo Assay,pgc-edc-oyster,0.2,Weak overlap: Pacific oyster (Crassostrea/Magallana gigas),https://robertslab.github.io/sams-notebook/posts/2025/2025-12-10-Tissue-Collection-and-Homogenization---M.gigas-Ctenidia-for-Glycogen-Glo-Assay/index.html,https://github.com/RobertsLab/pgc-edc-oyster
Tissue Collection and Homogenization - M.gigas Ctenidia for Glycogen-Glo Assay,oyster-ploidy-hardening,0.2,Weak overlap: Pacific oyster (Crassostrea/Magallana gigas),https://robertslab.github.io/sams-notebook/posts/2025/2025-12-10-Tissue-Collection-and-Homogenization---M.gigas-Ctenidia-for-Glycogen-Glo-Assay/index.html,https://github.com/RobertsLab/oyster-ploidy-hardening
Tissue Collection and Homogenization - M.gigas Ctenidia for Glycogen-Glo Assay,project-gigas-oa-meth,0.2,Weak overlap: Pacific oyster (Crassostrea/Magallana gigas),https://robertslab.github.io/sams-notebook/posts/2025/2025-12-10-Tissue-Collection-and-Homogenization---M.gigas-Ctenidia-for-Glycogen-Glo-Assay/index.html,https://github.com/RobertsLab/project-gigas-oa-meth
Tissue Collection and Homogenization - M.gigas Ctenidia for Glycogen-Glo Assay,project-gigas-ploidy-oa,0.2,Weak overlap: Pacific oyster (Crassostrea/Magallana gigas),https://robertslab.github.io/sams-notebook/posts/2025/2025-12-10-Tissue-Collection-and-Homogenization---M.gigas-Ctenidia-for-Glycogen-Glo-Assay/index.html,https://github.com/RobertsLab/project-gigas-ploidy-oa
Tissue Collection and Homogenization - M.gigas Ctenidia for Glycogen-Glo Assay,project-gigas_ploidy,0.2,Weak overlap: Pacific oyster (Crassostrea/Magallana gigas),https://robertslab.github.io/sams-notebook/posts/2025/2025-12-10-Tissue-Collection-and-Homogenization---M.gigas-Ctenidia-for-Glycogen-Glo-Assay/index.html,https://github.com/RobertsLab/project-gigas_ploidy
Tissue Collection and Homogenization - M.gigas Ctenidia for Glycogen-Glo Assay,paper-gigas-early-gametogenic-exposure,0.2,Weak overlap: Pacific oyster (Crassostrea/Magallana gigas),https://robertslab.github.io/sams-notebook/posts/2025/2025-12-10-Tissue-Collection-and-Homogenization---M.gigas-Ctenidia-for-Glycogen-Glo-Assay/index.html,https://github.com/RobertsLab/paper-gigas-early-gametogenic-exposure
Tissue Collection and Homogenization - M.gigas Ctenidia for Glycogen-Glo Assay,paper-gigas-DNR-proteomics,0.2,Weak overlap: Pacific oyster (Crassostrea/Magallana gigas),https://robertslab.github.io/sams-notebook/posts/2025/2025-12-10-Tissue-Collection-and-Homogenization---M.gigas-Ctenidia-for-Glycogen-Glo-Assay/index.html,https://github.com/RobertsLab/paper-gigas-DNR-proteomics
Tissue Collection and Homogenization - M.gigas Ctenidia for Glycogen-Glo Assay,paper-gigas-metaanalysis,0.2,Weak overlap: Pacific oyster (Crassostrea/Magallana gigas),https://robertslab.github.io/sams-notebook/posts/2025/2025-12-10-Tissue-Collection-and-Homogenization---M.gigas-Ctenidia-for-Glycogen-Glo-Assay/index.html,https://github.com/RobertsLab/paper-gigas-metaanalysis
Demultiplexing - S.namaychush PacBio Sequencing Using Lima,project-mytilus-methylation,0.2,"Weak overlap: DNA methylation, methylation",https://robertslab.github.io/sams-notebook/posts/2025/2025-10-23-Demultiplexing---S.namaychush-PacBio-Sequencing-Using-Lima/index.html,https://github.com/RobertsLab/project-mytilus-methylation
Demultiplexing - S.namaychush PacBio Sequencing Using Lima,project-caligus-methylation,0.2,"Weak overlap: DNA methylation, methylation",https://robertslab.github.io/sams-notebook/posts/2025/2025-10-23-Demultiplexing---S.namaychush-PacBio-Sequencing-Using-Lima/index.html,https://github.com/RobertsLab/project-caligus-methylation
Demultiplexing - S.namaychush PacBio Sequencing Using Lima,project-myt-crass-methylation,0.2,"Weak overlap: DNA methylation, methylation",https://robertslab.github.io/sams-notebook/posts/2025/2025-10-23-Demultiplexing---S.namaychush-PacBio-Sequencing-Using-Lima/index.html,https://github.com/RobertsLab/project-myt-crass-methylation
Demultiplexing - S.namaychush PacBio Sequencing Using Lima,EpiDiverse-snp,0.2,"Weak overlap: DNA methylation, methylation",https://robertslab.github.io/sams-notebook/posts/2025/2025-10-23-Demultiplexing---S.namaychush-PacBio-Sequencing-Using-Lima/index.html,https://github.com/RobertsLab/EpiDiverse-snp
Demultiplexing - S.namaychush PacBio Sequencing Using Lima,project-gigas-oa-meth,0.2,"Weak overlap: DNA methylation, methylation",https://robertslab.github.io/sams-notebook/posts/2025/2025-10-23-Demultiplexing---S.namaychush-PacBio-Sequencing-Using-Lima/index.html,https://github.com/RobertsLab/project-gigas-oa-meth
Demultiplexing - S.namaychush PacBio Sequencing Using Lima,paper-gigas-metaanalysis,0.2,"Weak overlap: DNA methylation, methylation",https://robertslab.github.io/sams-notebook/posts/2025/2025-10-23-Demultiplexing---S.namaychush-PacBio-Sequencing-Using-Lima/index.html,https://github.com/RobertsLab/paper-gigas-metaanalysis
Reverse Transcription - C.gigas PolyIC Mechanical Trials RNA for Valentina from 20251002,project-gigas-conditioning,0.2,Weak overlap: Pacific oyster (Crassostrea/Magallana gigas),https://robertslab.github.io/sams-notebook/posts/2025/2025-10-19-Reverse-Transcription---C.gigas-PolyIC-Mechanical-Trials-RNA-for-Valentina-from-20251002/index.html,https://github.com/RobertsLab/project-gigas-conditioning
Reverse Transcription - C.gigas PolyIC Mechanical Trials RNA for Valentina from 20251002,10K-seed-Cgigas,0.2,Weak overlap: Pacific oyster (Crassostrea/Magallana gigas),https://robertslab.github.io/sams-notebook/posts/2025/2025-10-19-Reverse-Transcription---C.gigas-PolyIC-Mechanical-Trials-RNA-for-Valentina-from-20251002/index.html,https://github.com/RobertsLab/10K-seed-Cgigas
Reverse Transcription - C.gigas PolyIC Mechanical Trials RNA for Valentina from 20251002,project-gigas-carryover,0.2,Weak overlap: Pacific oyster (Crassostrea/Magallana gigas),https://robertslab.github.io/sams-notebook/posts/2025/2025-10-19-Reverse-Transcription---C.gigas-PolyIC-Mechanical-Trials-RNA-for-Valentina-from-20251002/index.html,https://github.com/RobertsLab/project-gigas-carryover
Reverse Transcription - C.gigas PolyIC Mechanical Trials RNA for Valentina from 20251002,pgc-edc-oyster,0.2,Weak overlap: Pacific oyster (Crassostrea/Magallana gigas),https://robertslab.github.io/sams-notebook/posts/2025/2025-10-19-Reverse-Transcription---C.gigas-PolyIC-Mechanical-Trials-RNA-for-Valentina-from-20251002/index.html,https://github.com/RobertsLab/pgc-edc-oyster
Reverse Transcription - C.gigas PolyIC Mechanical Trials RNA for Valentina from 20251002,oyster-ploidy-hardening,0.2,Weak overlap: Pacific oyster (Crassostrea/Magallana gigas),https://robertslab.github.io/sams-notebook/posts/2025/2025-10-19-Reverse-Transcription---C.gigas-PolyIC-Mechanical-Trials-RNA-for-Valentina-from-20251002/index.html,https://github.com/RobertsLab/oyster-ploidy-hardening
Reverse Transcription - C.gigas PolyIC Mechanical Trials RNA for Valentina from 20251002,project-gigas-oa-meth,0.2,Weak overlap: Pacific oyster (Crassostrea/Magallana gigas),https://robertslab.github.io/sams-notebook/posts/2025/2025-10-19-Reverse-Transcription---C.gigas-PolyIC-Mechanical-Trials-RNA-for-Valentina-from-20251002/index.html,https://github.com/RobertsLab/project-gigas-oa-meth
Reverse Transcription - C.gigas PolyIC Mechanical Trials RNA for Valentina from 20251002,project-gigas-ploidy-oa,0.2,Weak overlap: Pacific oyster (Crassostrea/Magallana gigas),https://robertslab.github.io/sams-notebook/posts/2025/2025-10-19-Reverse-Transcription---C.gigas-PolyIC-Mechanical-Trials-RNA-for-Valentina-from-20251002/index.html,https://github.com/RobertsLab/project-gigas-ploidy-oa
Reverse Transcription - C.gigas PolyIC Mechanical Trials RNA for Valentina from 20251002,project-gigas_ploidy,0.2,Weak overlap: Pacific oyster (Crassostrea/Magallana gigas),https://robertslab.github.io/sams-notebook/posts/2025/2025-10-19-Reverse-Transcription---C.gigas-PolyIC-Mechanical-Trials-RNA-for-Valentina-from-20251002/index.html,https://github.com/RobertsLab/project-gigas_ploidy
Reverse Transcription - C.gigas PolyIC Mechanical Trials RNA for Valentina from 20251002,paper-gigas-early-gametogenic-exposure,0.2,Weak overlap: Pacific oyster (Crassostrea/Magallana gigas),https://robertslab.github.io/sams-notebook/posts/2025/2025-10-19-Reverse-Transcription---C.gigas-PolyIC-Mechanical-Trials-RNA-for-Valentina-from-20251002/index.html,https://github.com/RobertsLab/paper-gigas-early-gametogenic-exposure
Reverse Transcription - C.gigas PolyIC Mechanical Trials RNA for Valentina from 20251002,paper-gigas-DNR-proteomics,0.2,Weak overlap: Pacific oyster (Crassostrea/Magallana gigas),https://robertslab.github.io/sams-notebook/posts/2025/2025-10-19-Reverse-Transcription---C.gigas-PolyIC-Mechanical-Trials-RNA-for-Valentina-from-20251002/index.html,https://github.com/RobertsLab/paper-gigas-DNR-proteomics
Reverse Transcription - C.gigas PolyIC Mechanical Trials RNA for Valentina from 20251002,paper-gigas-metaanalysis,0.2,Weak overlap: Pacific oyster (Crassostrea/Magallana gigas),https://robertslab.github.io/sams-notebook/posts/2025/2025-10-19-Reverse-Transcription---C.gigas-PolyIC-Mechanical-Trials-RNA-for-Valentina-from-20251002/index.html,https://github.com/RobertsLab/paper-gigas-metaanalysis
Homogenization - C.gigas Juvenile Whole Body from polyIC Temp and Mech Stress,project-gigas-conditioning,0.2,Weak overlap: Pacific oyster (Crassostrea/Magallana gigas),https://robertslab.github.io/sams-notebook/posts/2025/2025-08-20-Homogenization---C.gigas-Juvenile-Whole-Body-from-polyIC-Temp-and-Mech-Stress/index.html,https://github.com/RobertsLab/project-gigas-conditioning
Homogenization - C.gigas Juvenile Whole Body from polyIC Temp and Mech Stress,10K-seed-Cgigas,0.2,Weak overlap: Pacific oyster (Crassostrea/Magallana gigas),https://robertslab.github.io/sams-notebook/posts/2025/2025-08-20-Homogenization---C.gigas-Juvenile-Whole-Body-from-polyIC-Temp-and-Mech-Stress/index.html,https://github.com/RobertsLab/10K-seed-Cgigas
Homogenization - C.gigas Juvenile Whole Body from polyIC Temp and Mech Stress,project-cod-temperature,0.2,Weak overlap: temperature,https://robertslab.github.io/sams-notebook/posts/2025/2025-08-20-Homogenization---C.gigas-Juvenile-Whole-Body-from-polyIC-Temp-and-Mech-Stress/index.html,https://github.com/RobertsLab/project-cod-temperature
Homogenization - C.gigas Juvenile Whole Body from polyIC Temp and Mech Stress,project-gigas-carryover,0.2,Weak overlap: Pacific oyster (Crassostrea/Magallana gigas),https://robertslab.github.io/sams-notebook/posts/2025/2025-08-20-Homogenization---C.gigas-Juvenile-Whole-Body-from-polyIC-Temp-and-Mech-Stress/index.html,https://github.com/RobertsLab/project-gigas-carryover
Homogenization - C.gigas Juvenile Whole Body from polyIC Temp and Mech Stress,pgc-edc-oyster,0.2,Weak overlap: Pacific oyster (Crassostrea/Magallana gigas),https://robertslab.github.io/sams-notebook/posts/2025/2025-08-20-Homogenization---C.gigas-Juvenile-Whole-Body-from-polyIC-Temp-and-Mech-Stress/index.html,https://github.com/RobertsLab/pgc-edc-oyster
Homogenization - C.gigas Juvenile Whole Body from polyIC Temp and Mech Stress,oyster-ploidy-hardening,0.2,Weak overlap: Pacific oyster (Crassostrea/Magallana gigas),https://robertslab.github.io/sams-notebook/posts/2025/2025-08-20-Homogenization---C.gigas-Juvenile-Whole-Body-from-polyIC-Temp-and-Mech-Stress/index.html,https://github.com/RobertsLab/oyster-ploidy-hardening
Homogenization - C.gigas Juvenile Whole Body from polyIC Temp and Mech Stress,project-gigas-oa-meth,0.2,Weak overlap: Pacific oyster (Crassostrea/Magallana gigas),https://robertslab.github.io/sams-notebook/posts/2025/2025-08-20-Homogenization---C.gigas-Juvenile-Whole-Body-from-polyIC-Temp-and-Mech-Stress/index.html,https://github.com/RobertsLab/project-gigas-oa-meth
Homogenization - C.gigas Juvenile Whole Body from polyIC Temp and Mech Stress,project-gigas-ploidy-oa,0.2,Weak overlap: Pacific oyster (Crassostrea/Magallana gigas),https://robertslab.github.io/sams-notebook/posts/2025/2025-08-20-Homogenization---C.gigas-Juvenile-Whole-Body-from-polyIC-Temp-and-Mech-Stress/index.html,https://github.com/RobertsLab/project-gigas-ploidy-oa
Homogenization - C.gigas Juvenile Whole Body from polyIC Temp and Mech Stress,project-gigas_ploidy,0.2,Weak overlap: Pacific oyster (Crassostrea/Magallana gigas),https://robertslab.github.io/sams-notebook/posts/2025/2025-08-20-Homogenization---C.gigas-Juvenile-Whole-Body-from-polyIC-Temp-and-Mech-Stress/index.html,https://github.com/RobertsLab/project-gigas_ploidy
Homogenization - C.gigas Juvenile Whole Body from polyIC Temp and Mech Stress,paper-gigas-early-gametogenic-exposure,0.2,Weak overlap: Pacific oyster (Crassostrea/Magallana gigas),https://robertslab.github.io/sams-notebook/posts/2025/2025-08-20-Homogenization---C.gigas-Juvenile-Whole-Body-from-polyIC-Temp-and-Mech-Stress/index.html,https://github.com/RobertsLab/paper-gigas-early-gametogenic-exposure
Homogenization - C.gigas Juvenile Whole Body from polyIC Temp and Mech Stress,paper-gigas-DNR-proteomics,0.2,Weak overlap: Pacific oyster (Crassostrea/Magallana gigas),https://robertslab.github.io/sams-notebook/posts/2025/2025-08-20-Homogenization---C.gigas-Juvenile-Whole-Body-from-polyIC-Temp-and-Mech-Stress/index.html,https://github.com/RobertsLab/paper-gigas-DNR-proteomics
Homogenization - C.gigas Juvenile Whole Body from polyIC Temp and Mech Stress,paper-gigas-metaanalysis,0.2,Weak overlap: Pacific oyster (Crassostrea/Magallana gigas),https://robertslab.github.io/sams-notebook/posts/2025/2025-08-20-Homogenization---C.gigas-Juvenile-Whole-Body-from-polyIC-Temp-and-Mech-Stress/index.html,https://github.com/RobertsLab/paper-gigas-metaanalysis
RNA Isolation and Quantification - C.gigas PolyIC Mechanical Trials for Valentina Using Quick-DNA RNA MiniPrep Plus Kit,project-gigas-conditioning,0.2,Weak overlap: Pacific oyster (Crassostrea/Magallana gigas),https://robertslab.github.io/sams-notebook/posts/2025/2025-08-04-RNA-Isolation-and-Quantification---C.gigas-PolyIC-Mechanical-Trials-for-Valentina-Using-Quick-DNA-RNA-MiniPrep-Plus-Kit/index.html,https://github.com/RobertsLab/project-gigas-conditioning
RNA Isolation and Quantification - C.gigas PolyIC Mechanical Trials for Valentina Using Quick-DNA RNA MiniPrep Plus Kit,10K-seed-Cgigas,0.2,Weak overlap: Pacific oyster (Crassostrea/Magallana gigas),https://robertslab.github.io/sams-notebook/posts/2025/2025-08-04-RNA-Isolation-and-Quantification---C.gigas-PolyIC-Mechanical-Trials-for-Valentina-Using-Quick-DNA-RNA-MiniPrep-Plus-Kit/index.html,https://github.com/RobertsLab/10K-seed-Cgigas
RNA Isolation and Quantification - C.gigas PolyIC Mechanical Trials for Valentina Using Quick-DNA RNA MiniPrep Plus Kit,project-gigas-carryover,0.2,Weak overlap: Pacific oyster (Crassostrea/Magallana gigas),https://robertslab.github.io/sams-notebook/posts/2025/2025-08-04-RNA-Isolation-and-Quantification---C.gigas-PolyIC-Mechanical-Trials-for-Valentina-Using-Quick-DNA-RNA-MiniPrep-Plus-Kit/index.html,https://github.com/RobertsLab/project-gigas-carryover
RNA Isolation and Quantification - C.gigas PolyIC Mechanical Trials for Valentina Using Quick-DNA RNA MiniPrep Plus Kit,pgc-edc-oyster,0.2,Weak overlap: Pacific oyster (Crassostrea/Magallana gigas),https://robertslab.github.io/sams-notebook/posts/2025/2025-08-04-RNA-Isolation-and-Quantification---C.gigas-PolyIC-Mechanical-Trials-for-Valentina-Using-Quick-DNA-RNA-MiniPrep-Plus-Kit/index.html,https://github.com/RobertsLab/pgc-edc-oyster
RNA Isolation and Quantification - C.gigas PolyIC Mechanical Trials for Valentina Using Quick-DNA RNA MiniPrep Plus Kit,oyster-ploidy-hardening,0.2,Weak overlap: Pacific oyster (Crassostrea/Magallana gigas),https://robertslab.github.io/sams-notebook/posts/2025/2025-08-04-RNA-Isolation-and-Quantification---C.gigas-PolyIC-Mechanical-Trials-for-Valentina-Using-Quick-DNA-RNA-MiniPrep-Plus-Kit/index.html,https://github.com/RobertsLab/oyster-ploidy-hardening
RNA Isolation and Quantification - C.gigas PolyIC Mechanical Trials for Valentina Using Quick-DNA RNA MiniPrep Plus Kit,project-gigas-oa-meth,0.2,Weak overlap: Pacific oyster (Crassostrea/Magallana gigas),https://robertslab.github.io/sams-notebook/posts/2025/2025-08-04-RNA-Isolation-and-Quantification---C.gigas-PolyIC-Mechanical-Trials-for-Valentina-Using-Quick-DNA-RNA-MiniPrep-Plus-Kit/index.html,https://github.com/RobertsLab/project-gigas-oa-meth
RNA Isolation and Quantification - C.gigas PolyIC Mechanical Trials for Valentina Using Quick-DNA RNA MiniPrep Plus Kit,project-gigas-ploidy-oa,0.2,Weak overlap: Pacific oyster (Crassostrea/Magallana gigas),https://robertslab.github.io/sams-notebook/posts/2025/2025-08-04-RNA-Isolation-and-Quantification---C.gigas-PolyIC-Mechanical-Trials-for-Valentina-Using-Quick-DNA-RNA-MiniPrep-Plus-Kit/index.html,https://github.com/RobertsLab/project-gigas-ploidy-oa
RNA Isolation and Quantification - C.gigas PolyIC Mechanical Trials for Valentina Using Quick-DNA RNA MiniPrep Plus Kit,project-gigas_ploidy,0.2,Weak overlap: Pacific oyster (Crassostrea/Magallana gigas),https://robertslab.github.io/sams-notebook/posts/2025/2025-08-04-RNA-Isolation-and-Quantification---C.gigas-PolyIC-Mechanical-Trials-for-Valentina-Using-Quick-DNA-RNA-MiniPrep-Plus-Kit/index.html,https://github.com/RobertsLab/project-gigas_ploidy
RNA Isolation and Quantification - C.gigas PolyIC Mechanical Trials for Valentina Using Quick-DNA RNA MiniPrep Plus Kit,paper-gigas-early-gametogenic-exposure,0.2,Weak overlap: Pacific oyster (Crassostrea/Magallana gigas),https://robertslab.github.io/sams-notebook/posts/2025/2025-08-04-RNA-Isolation-and-Quantification---C.gigas-PolyIC-Mechanical-Trials-for-Valentina-Using-Quick-DNA-RNA-MiniPrep-Plus-Kit/index.html,https://github.com/RobertsLab/paper-gigas-early-gametogenic-exposure
RNA Isolation and Quantification - C.gigas PolyIC Mechanical Trials for Valentina Using Quick-DNA RNA MiniPrep Plus Kit,paper-gigas-DNR-proteomics,0.2,Weak overlap: Pacific oyster (Crassostrea/Magallana gigas),https://robertslab.github.io/sams-notebook/posts/2025/2025-08-04-RNA-Isolation-and-Quantification---C.gigas-PolyIC-Mechanical-Trials-for-Valentina-Using-Quick-DNA-RNA-MiniPrep-Plus-Kit/index.html,https://github.com/RobertsLab/paper-gigas-DNR-proteomics
RNA Isolation and Quantification - C.gigas PolyIC Mechanical Trials for Valentina Using Quick-DNA RNA MiniPrep Plus Kit,paper-gigas-metaanalysis,0.2,Weak overlap: Pacific oyster (Crassostrea/Magallana gigas),https://robertslab.github.io/sams-notebook/posts/2025/2025-08-04-RNA-Isolation-and-Quantification---C.gigas-PolyIC-Mechanical-Trials-for-Valentina-Using-Quick-DNA-RNA-MiniPrep-Plus-Kit/index.html,https://github.com/RobertsLab/paper-gigas-metaanalysis
DNA Alignments - Pacific cod Heatwave Genetics Samples Using BWA on Raven,project-lake-trout,0.2,Weak overlap: genome,https://robertslab.github.io/sams-notebook/posts/2025/2025-07-11-DNA-Alignments---Pacific-cod-Heatwave-Genetics-Samples-Using-BWA-on-Raven/index.html,https://github.com/RobertsLab/project-lake-trout
DNA Alignments - Pacific cod Heatwave Genetics Samples Using BWA on Raven,duck-genome-viz,0.2,Weak overlap: genome,https://robertslab.github.io/sams-notebook/posts/2025/2025-07-11-DNA-Alignments---Pacific-cod-Heatwave-Genetics-Samples-Using-BWA-on-Raven/index.html,https://github.com/RobertsLab/duck-genome-viz
DNA Alignments - Pacific cod Heatwave Genetics Samples Using BWA on Raven,project-geoduck-genome,0.2,Weak overlap: genome,https://robertslab.github.io/sams-notebook/posts/2025/2025-07-11-DNA-Alignments---Pacific-cod-Heatwave-Genetics-Samples-Using-BWA-on-Raven/index.html,https://github.com/RobertsLab/project-geoduck-genome
DNA Alignments - Pacific cod Heatwave Genetics Samples Using BWA on Raven,hyak_mox,0.2,Weak overlap: hyak,https://robertslab.github.io/sams-notebook/posts/2025/2025-07-11-DNA-Alignments---Pacific-cod-Heatwave-Genetics-Samples-Using-BWA-on-Raven/index.html,https://github.com/RobertsLab/hyak_mox
SRA Submission - R.philippinarum Egg RNA-seq Data,project-sc-RNAseq,0.2,Weak overlap: RNA-seq,https://robertslab.github.io/sams-notebook/posts/2025/2025-07-07-SRA-Submission---R.philippinarum-Egg-RNA-seq-Data/index.html,https://github.com/RobertsLab/project-sc-RNAseq
Samples Submitted - Pacific cod Blood gDNA and Total RNA to Psomagen,project-sc-RNAseq,0.2,Weak overlap: RNA-seq,https://robertslab.github.io/sams-notebook/posts/2025/2025-06-24-Samples-Submitted---Pacific-cod-Blood-gDNA-and-Total-RNA-to-Psomagen/index.html,https://github.com/RobertsLab/project-sc-RNAseq
qPCRs - C.gigas Lifestage Carryover DNMT1 GAPDH HSP70 and HSP90,project-gigas-conditioning,0.2,Weak overlap: Pacific oyster (Crassostrea/Magallana gigas),https://robertslab.github.io/sams-notebook/posts/2025/2025-06-09-qPCRs---C.gigas-Lifestage-Carryover-DNMT1-GAPDH-HSP70-and-HSP90/index.html,https://github.com/RobertsLab/project-gigas-conditioning
qPCRs - C.gigas Lifestage Carryover DNMT1 GAPDH HSP70 and HSP90,10K-seed-Cgigas,0.2,Weak overlap: Pacific oyster (Crassostrea/Magallana gigas),https://robertslab.github.io/sams-notebook/posts/2025/2025-06-09-qPCRs---C.gigas-Lifestage-Carryover-DNMT1-GAPDH-HSP70-and-HSP90/index.html,https://github.com/RobertsLab/10K-seed-Cgigas
qPCRs - C.gigas Lifestage Carryover DNMT1 GAPDH HSP70 and HSP90,project-cod-temperature,0.2,Weak overlap: temperature,https://robertslab.github.io/sams-notebook/posts/2025/2025-06-09-qPCRs---C.gigas-Lifestage-Carryover-DNMT1-GAPDH-HSP70-and-HSP90/index.html,https://github.com/RobertsLab/project-cod-temperature
qPCRs - C.gigas Lifestage Carryover DNMT1 GAPDH HSP70 and HSP90,pgc-edc-oyster,0.2,Weak overlap: Pacific oyster (Crassostrea/Magallana gigas),https://robertslab.github.io/sams-notebook/posts/2025/2025-06-09-qPCRs---C.gigas-Lifestage-Carryover-DNMT1-GAPDH-HSP70-and-HSP90/index.html,https://github.com/RobertsLab/pgc-edc-oyster
qPCRs - C.gigas Lifestage Carryover DNMT1 GAPDH HSP70 and HSP90,oyster-ploidy-hardening,0.2,Weak overlap: Pacific oyster (Crassostrea/Magallana gigas),https://robertslab.github.io/sams-notebook/posts/2025/2025-06-09-qPCRs---C.gigas-Lifestage-Carryover-DNMT1-GAPDH-HSP70-and-HSP90/index.html,https://github.com/RobertsLab/oyster-ploidy-hardening
qPCRs - C.gigas Lifestage Carryover DNMT1 GAPDH HSP70 and HSP90,project-gigas-oa-meth,0.2,Weak overlap: Pacific oyster (Crassostrea/Magallana gigas),https://robertslab.github.io/sams-notebook/posts/2025/2025-06-09-qPCRs---C.gigas-Lifestage-Carryover-DNMT1-GAPDH-HSP70-and-HSP90/index.html,https://github.com/RobertsLab/project-gigas-oa-meth
qPCRs - C.gigas Lifestage Carryover DNMT1 GAPDH HSP70 and HSP90,project-gigas-ploidy-oa,0.2,Weak overlap: Pacific oyster (Crassostrea/Magallana gigas),https://robertslab.github.io/sams-notebook/posts/2025/2025-06-09-qPCRs---C.gigas-Lifestage-Carryover-DNMT1-GAPDH-HSP70-and-HSP90/index.html,https://github.com/RobertsLab/project-gigas-ploidy-oa
qPCRs - C.gigas Lifestage Carryover DNMT1 GAPDH HSP70 and HSP90,project-gigas_ploidy,0.2,Weak overlap: Pacific oyster (Crassostrea/Magallana gigas),https://robertslab.github.io/sams-notebook/posts/2025/2025-06-09-qPCRs---C.gigas-Lifestage-Carryover-DNMT1-GAPDH-HSP70-and-HSP90/index.html,https://github.com/RobertsLab/project-gigas_ploidy
qPCRs - C.gigas Lifestage Carryover DNMT1 GAPDH HSP70 and HSP90,paper-gigas-DNR-proteomics,0.2,Weak overlap: Pacific oyster (Crassostrea/Magallana gigas),https://robertslab.github.io/sams-notebook/posts/2025/2025-06-09-qPCRs---C.gigas-Lifestage-Carryover-DNMT1-GAPDH-HSP70-and-HSP90/index.html,https://github.com/RobertsLab/paper-gigas-DNR-proteomics
qPCRs - C.gigas Lifestage Carryover DNMT1 GAPDH HSP70 and HSP90,paper-gigas-metaanalysis,0.2,Weak overlap: Pacific oyster (Crassostrea/Magallana gigas),https://robertslab.github.io/sams-notebook/posts/2025/2025-06-09-qPCRs---C.gigas-Lifestage-Carryover-DNMT1-GAPDH-HSP70-and-HSP90/index.html,https://github.com/RobertsLab/paper-gigas-metaanalysis
qPCRs - C.gigas Lifestage Carryover ATP_synthase cGAS citrate_synthase and VIPERIN,project-gigas-conditioning,0.2,Weak overlap: Pacific oyster (Crassostrea/Magallana gigas),https://robertslab.github.io/sams-notebook/posts/2025/2025-06-03-qPCRs---C.gigas-Lifestage-Carryover-ATP_synthase-cGAS-citrate_synthase-and-VIPERIN/index.html,https://github.com/RobertsLab/project-gigas-conditioning
qPCRs - C.gigas Lifestage Carryover ATP_synthase cGAS citrate_synthase and VIPERIN,10K-seed-Cgigas,0.2,Weak overlap: Pacific oyster (Crassostrea/Magallana gigas),https://robertslab.github.io/sams-notebook/posts/2025/2025-06-03-qPCRs---C.gigas-Lifestage-Carryover-ATP_synthase-cGAS-citrate_synthase-and-VIPERIN/index.html,https://github.com/RobertsLab/10K-seed-Cgigas
qPCRs - C.gigas Lifestage Carryover ATP_synthase cGAS citrate_synthase and VIPERIN,pgc-edc-oyster,0.2,Weak overlap: Pacific oyster (Crassostrea/Magallana gigas),https://robertslab.github.io/sams-notebook/posts/2025/2025-06-03-qPCRs---C.gigas-Lifestage-Carryover-ATP_synthase-cGAS-citrate_synthase-and-VIPERIN/index.html,https://github.com/RobertsLab/pgc-edc-oyster
qPCRs - C.gigas Lifestage Carryover ATP_synthase cGAS citrate_synthase and VIPERIN,oyster-ploidy-hardening,0.2,Weak overlap: Pacific oyster (Crassostrea/Magallana gigas),https://robertslab.github.io/sams-notebook/posts/2025/2025-06-03-qPCRs---C.gigas-Lifestage-Carryover-ATP_synthase-cGAS-citrate_synthase-and-VIPERIN/index.html,https://github.com/RobertsLab/oyster-ploidy-hardening
qPCRs - C.gigas Lifestage Carryover ATP_synthase cGAS citrate_synthase and VIPERIN,project-gigas-oa-meth,0.2,Weak overlap: Pacific oyster (Crassostrea/Magallana gigas),https://robertslab.github.io/sams-notebook/posts/2025/2025-06-03-qPCRs---C.gigas-Lifestage-Carryover-ATP_synthase-cGAS-citrate_synthase-and-VIPERIN/index.html,https://github.com/RobertsLab/project-gigas-oa-meth
qPCRs - C.gigas Lifestage Carryover ATP_synthase cGAS citrate_synthase and VIPERIN,project-gigas-ploidy-oa,0.2,Weak overlap: Pacific oyster (Crassostrea/Magallana gigas),https://robertslab.github.io/sams-notebook/posts/2025/2025-06-03-qPCRs---C.gigas-Lifestage-Carryover-ATP_synthase-cGAS-citrate_synthase-and-VIPERIN/index.html,https://github.com/RobertsLab/project-gigas-ploidy-oa
qPCRs - C.gigas Lifestage Carryover ATP_synthase cGAS citrate_synthase and VIPERIN,project-gigas_ploidy,0.2,Weak overlap: Pacific oyster (Crassostrea/Magallana gigas),https://robertslab.github.io/sams-notebook/posts/2025/2025-06-03-qPCRs---C.gigas-Lifestage-Carryover-ATP_synthase-cGAS-citrate_synthase-and-VIPERIN/index.html,https://github.com/RobertsLab/project-gigas_ploidy
qPCRs - C.gigas Lifestage Carryover ATP_synthase cGAS citrate_synthase and VIPERIN,paper-gigas-DNR-proteomics,0.2,Weak overlap: Pacific oyster (Crassostrea/Magallana gigas),https://robertslab.github.io/sams-notebook/posts/2025/2025-06-03-qPCRs---C.gigas-Lifestage-Carryover-ATP_synthase-cGAS-citrate_synthase-and-VIPERIN/index.html,https://github.com/RobertsLab/paper-gigas-DNR-proteomics
qPCRs - C.gigas Lifestage Carryover ATP_synthase cGAS citrate_synthase and VIPERIN,paper-gigas-metaanalysis,0.2,Weak overlap: Pacific oyster (Crassostrea/Magallana gigas),https://robertslab.github.io/sams-notebook/posts/2025/2025-06-03-qPCRs---C.gigas-Lifestage-Carryover-ATP_synthase-cGAS-citrate_synthase-and-VIPERIN/index.html,https://github.com/RobertsLab/paper-gigas-metaanalysis
Reverse Transcription - C.gigas Lifestage Carryover RNA,project-gigas-conditioning,0.2,Weak overlap: Pacific oyster (Crassostrea/Magallana gigas),https://robertslab.github.io/sams-notebook/posts/2025/2025-05-16-Reverse-Transcription---C.gigas-Lifestage-Carryover-RNA/index.html,https://github.com/RobertsLab/project-gigas-conditioning
Reverse Transcription - C.gigas Lifestage Carryover RNA,10K-seed-Cgigas,0.2,Weak overlap: Pacific oyster (Crassostrea/Magallana gigas),https://robertslab.github.io/sams-notebook/posts/2025/2025-05-16-Reverse-Transcription---C.gigas-Lifestage-Carryover-RNA/index.html,https://github.com/RobertsLab/10K-seed-Cgigas
Reverse Transcription - C.gigas Lifestage Carryover RNA,pgc-edc-oyster,0.2,Weak overlap: Pacific oyster (Crassostrea/Magallana gigas),https://robertslab.github.io/sams-notebook/posts/2025/2025-05-16-Reverse-Transcription---C.gigas-Lifestage-Carryover-RNA/index.html,https://github.com/RobertsLab/pgc-edc-oyster
Reverse Transcription - C.gigas Lifestage Carryover RNA,oyster-ploidy-hardening,0.2,Weak overlap: Pacific oyster (Crassostrea/Magallana gigas),https://robertslab.github.io/sams-notebook/posts/2025/2025-05-16-Reverse-Transcription---C.gigas-Lifestage-Carryover-RNA/index.html,https://github.com/RobertsLab/oyster-ploidy-hardening
Reverse Transcription - C.gigas Lifestage Carryover RNA,project-gigas-oa-meth,0.2,Weak overlap: Pacific oyster (Crassostrea/Magallana gigas),https://robertslab.github.io/sams-notebook/posts/2025/2025-05-16-Reverse-Transcription---C.gigas-Lifestage-Carryover-RNA/index.html,https://github.com/RobertsLab/project-gigas-oa-meth
Reverse Transcription - C.gigas Lifestage Carryover RNA,project-gigas-ploidy-oa,0.2,Weak overlap: Pacific oyster (Crassostrea/Magallana gigas),https://robertslab.github.io/sams-notebook/posts/2025/2025-05-16-Reverse-Transcription---C.gigas-Lifestage-Carryover-RNA/index.html,https://github.com/RobertsLab/project-gigas-ploidy-oa
Reverse Transcription - C.gigas Lifestage Carryover RNA,project-gigas_ploidy,0.2,Weak overlap: Pacific oyster (Crassostrea/Magallana gigas),https://robertslab.github.io/sams-notebook/posts/2025/2025-05-16-Reverse-Transcription---C.gigas-Lifestage-Carryover-RNA/index.html,https://github.com/RobertsLab/project-gigas_ploidy
Reverse Transcription - C.gigas Lifestage Carryover RNA,paper-gigas-DNR-proteomics,0.2,Weak overlap: Pacific oyster (Crassostrea/Magallana gigas),https://robertslab.github.io/sams-notebook/posts/2025/2025-05-16-Reverse-Transcription---C.gigas-Lifestage-Carryover-RNA/index.html,https://github.com/RobertsLab/paper-gigas-DNR-proteomics
Reverse Transcription - C.gigas Lifestage Carryover RNA,paper-gigas-metaanalysis,0.2,Weak overlap: Pacific oyster (Crassostrea/Magallana gigas),https://robertslab.github.io/sams-notebook/posts/2025/2025-05-16-Reverse-Transcription---C.gigas-Lifestage-Carryover-RNA/index.html,https://github.com/RobertsLab/paper-gigas-metaanalysis
RNA Isolation - C.gigas Lifestage Carryover Samples Using Direct-zol RNA MiniPrep Plus Kit,project-gigas-conditioning,0.2,Weak overlap: Pacific oyster (Crassostrea/Magallana gigas),https://robertslab.github.io/sams-notebook/posts/2025/2025-05-13-RNA-Isolation---C.gigas-Lifestage-Carryover-Samples-Using-Direct-zol-RNA-MiniPrep-Plus-Kit/index.html,https://github.com/RobertsLab/project-gigas-conditioning
RNA Isolation - C.gigas Lifestage Carryover Samples Using Direct-zol RNA MiniPrep Plus Kit,10K-seed-Cgigas,0.2,Weak overlap: Pacific oyster (Crassostrea/Magallana gigas),https://robertslab.github.io/sams-notebook/posts/2025/2025-05-13-RNA-Isolation---C.gigas-Lifestage-Carryover-Samples-Using-Direct-zol-RNA-MiniPrep-Plus-Kit/index.html,https://github.com/RobertsLab/10K-seed-Cgigas
RNA Isolation - C.gigas Lifestage Carryover Samples Using Direct-zol RNA MiniPrep Plus Kit,pgc-edc-oyster,0.2,Weak overlap: Pacific oyster (Crassostrea/Magallana gigas),https://robertslab.github.io/sams-notebook/posts/2025/2025-05-13-RNA-Isolation---C.gigas-Lifestage-Carryover-Samples-Using-Direct-zol-RNA-MiniPrep-Plus-Kit/index.html,https://github.com/RobertsLab/pgc-edc-oyster
RNA Isolation - C.gigas Lifestage Carryover Samples Using Direct-zol RNA MiniPrep Plus Kit,oyster-ploidy-hardening,0.2,Weak overlap: Pacific oyster (Crassostrea/Magallana gigas),https://robertslab.github.io/sams-notebook/posts/2025/2025-05-13-RNA-Isolation---C.gigas-Lifestage-Carryover-Samples-Using-Direct-zol-RNA-MiniPrep-Plus-Kit/index.html,https://github.com/RobertsLab/oyster-ploidy-hardening
RNA Isolation - C.gigas Lifestage Carryover Samples Using Direct-zol RNA MiniPrep Plus Kit,project-gigas-oa-meth,0.2,Weak overlap: Pacific oyster (Crassostrea/Magallana gigas),https://robertslab.github.io/sams-notebook/posts/2025/2025-05-13-RNA-Isolation---C.gigas-Lifestage-Carryover-Samples-Using-Direct-zol-RNA-MiniPrep-Plus-Kit/index.html,https://github.com/RobertsLab/project-gigas-oa-meth
RNA Isolation - C.gigas Lifestage Carryover Samples Using Direct-zol RNA MiniPrep Plus Kit,project-gigas-ploidy-oa,0.2,Weak overlap: Pacific oyster (Crassostrea/Magallana gigas),https://robertslab.github.io/sams-notebook/posts/2025/2025-05-13-RNA-Isolation---C.gigas-Lifestage-Carryover-Samples-Using-Direct-zol-RNA-MiniPrep-Plus-Kit/index.html,https://github.com/RobertsLab/project-gigas-ploidy-oa
RNA Isolation - C.gigas Lifestage Carryover Samples Using Direct-zol RNA MiniPrep Plus Kit,project-gigas_ploidy,0.2,Weak overlap: Pacific oyster (Crassostrea/Magallana gigas),https://robertslab.github.io/sams-notebook/posts/2025/2025-05-13-RNA-Isolation---C.gigas-Lifestage-Carryover-Samples-Using-Direct-zol-RNA-MiniPrep-Plus-Kit/index.html,https://github.com/RobertsLab/project-gigas_ploidy
RNA Isolation - C.gigas Lifestage Carryover Samples Using Direct-zol RNA MiniPrep Plus Kit,paper-gigas-DNR-proteomics,0.2,Weak overlap: Pacific oyster (Crassostrea/Magallana gigas),https://robertslab.github.io/sams-notebook/posts/2025/2025-05-13-RNA-Isolation---C.gigas-Lifestage-Carryover-Samples-Using-Direct-zol-RNA-MiniPrep-Plus-Kit/index.html,https://github.com/RobertsLab/paper-gigas-DNR-proteomics
RNA Isolation - C.gigas Lifestage Carryover Samples Using Direct-zol RNA MiniPrep Plus Kit,paper-gigas-metaanalysis,0.2,Weak overlap: Pacific oyster (Crassostrea/Magallana gigas),https://robertslab.github.io/sams-notebook/posts/2025/2025-05-13-RNA-Isolation---C.gigas-Lifestage-Carryover-Samples-Using-Direct-zol-RNA-MiniPrep-Plus-Kit/index.html,https://github.com/RobertsLab/paper-gigas-metaanalysis
RNA Quantification - C.gigas Lifestage Carryover RNA Samples Using Qubit High Sensitivity RNA Assay,10K-seed-Cgigas,0.2,Weak overlap: Pacific oyster (Crassostrea/Magallana gigas),https://robertslab.github.io/sams-notebook/posts/2025/2025-05-13-RNA-Quantification---C.gigas-Lifestage-Carryover-RNA-Samples-Using-Qubit-High-Sensitivity-RNA-Assay/index.html,https://github.com/RobertsLab/10K-seed-Cgigas
RNA Quantification - C.gigas Lifestage Carryover RNA Samples Using Qubit High Sensitivity RNA Assay,pgc-edc-oyster,0.2,Weak overlap: Pacific oyster (Crassostrea/Magallana gigas),https://robertslab.github.io/sams-notebook/posts/2025/2025-05-13-RNA-Quantification---C.gigas-Lifestage-Carryover-RNA-Samples-Using-Qubit-High-Sensitivity-RNA-Assay/index.html,https://github.com/RobertsLab/pgc-edc-oyster
RNA Quantification - C.gigas Lifestage Carryover RNA Samples Using Qubit High Sensitivity RNA Assay,oyster-ploidy-hardening,0.2,Weak overlap: Pacific oyster (Crassostrea/Magallana gigas),https://robertslab.github.io/sams-notebook/posts/2025/2025-05-13-RNA-Quantification---C.gigas-Lifestage-Carryover-RNA-Samples-Using-Qubit-High-Sensitivity-RNA-Assay/index.html,https://github.com/RobertsLab/oyster-ploidy-hardening
RNA Quantification - C.gigas Lifestage Carryover RNA Samples Using Qubit High Sensitivity RNA Assay,project-gigas-oa-meth,0.2,Weak overlap: Pacific oyster (Crassostrea/Magallana gigas),https://robertslab.github.io/sams-notebook/posts/2025/2025-05-13-RNA-Quantification---C.gigas-Lifestage-Carryover-RNA-Samples-Using-Qubit-High-Sensitivity-RNA-Assay/index.html,https://github.com/RobertsLab/project-gigas-oa-meth
RNA Quantification - C.gigas Lifestage Carryover RNA Samples Using Qubit High Sensitivity RNA Assay,project-gigas-ploidy-oa,0.2,Weak overlap: Pacific oyster (Crassostrea/Magallana gigas),https://robertslab.github.io/sams-notebook/posts/2025/2025-05-13-RNA-Quantification---C.gigas-Lifestage-Carryover-RNA-Samples-Using-Qubit-High-Sensitivity-RNA-Assay/index.html,https://github.com/RobertsLab/project-gigas-ploidy-oa
RNA Quantification - C.gigas Lifestage Carryover RNA Samples Using Qubit High Sensitivity RNA Assay,project-gigas_ploidy,0.2,Weak overlap: Pacific oyster (Crassostrea/Magallana gigas),https://robertslab.github.io/sams-notebook/posts/2025/2025-05-13-RNA-Quantification---C.gigas-Lifestage-Carryover-RNA-Samples-Using-Qubit-High-Sensitivity-RNA-Assay/index.html,https://github.com/RobertsLab/project-gigas_ploidy
RNA Quantification - C.gigas Lifestage Carryover RNA Samples Using Qubit High Sensitivity RNA Assay,paper-gigas-DNR-proteomics,0.2,Weak overlap: Pacific oyster (Crassostrea/Magallana gigas),https://robertslab.github.io/sams-notebook/posts/2025/2025-05-13-RNA-Quantification---C.gigas-Lifestage-Carryover-RNA-Samples-Using-Qubit-High-Sensitivity-RNA-Assay/index.html,https://github.com/RobertsLab/paper-gigas-DNR-proteomics
RNA Quantification - C.gigas Lifestage Carryover RNA Samples Using Qubit High Sensitivity RNA Assay,paper-gigas-metaanalysis,0.2,Weak overlap: Pacific oyster (Crassostrea/Magallana gigas),https://robertslab.github.io/sams-notebook/posts/2025/2025-05-13-RNA-Quantification---C.gigas-Lifestage-Carryover-RNA-Samples-Using-Qubit-High-Sensitivity-RNA-Assay/index.html,https://github.com/RobertsLab/paper-gigas-metaanalysis
RNA Isolation - C.gigas Lifestage Carryover Samples Using Direct-zol RNA MiniPrep Plus Kit,project-gigas-conditioning,0.2,Weak overlap: Pacific oyster (Crassostrea/Magallana gigas),https://robertslab.github.io/sams-notebook/posts/2025/2025-05-12-RNA-Isolation---C.gigas-Lifestage-Carryover-Samples-Using-Direct-zol-RNA-MiniPrep-Plus-Kit/index.html,https://github.com/RobertsLab/project-gigas-conditioning
RNA Isolation - C.gigas Lifestage Carryover Samples Using Direct-zol RNA MiniPrep Plus Kit,10K-seed-Cgigas,0.2,Weak overlap: Pacific oyster (Crassostrea/Magallana gigas),https://robertslab.github.io/sams-notebook/posts/2025/2025-05-12-RNA-Isolation---C.gigas-Lifestage-Carryover-Samples-Using-Direct-zol-RNA-MiniPrep-Plus-Kit/index.html,https://github.com/RobertsLab/10K-seed-Cgigas
RNA Isolation - C.gigas Lifestage Carryover Samples Using Direct-zol RNA MiniPrep Plus Kit,pgc-edc-oyster,0.2,Weak overlap: Pacific oyster (Crassostrea/Magallana gigas),https://robertslab.github.io/sams-notebook/posts/2025/2025-05-12-RNA-Isolation---C.gigas-Lifestage-Carryover-Samples-Using-Direct-zol-RNA-MiniPrep-Plus-Kit/index.html,https://github.com/RobertsLab/pgc-edc-oyster
RNA Isolation - C.gigas Lifestage Carryover Samples Using Direct-zol RNA MiniPrep Plus Kit,oyster-ploidy-hardening,0.2,Weak overlap: Pacific oyster (Crassostrea/Magallana gigas),https://robertslab.github.io/sams-notebook/posts/2025/2025-05-12-RNA-Isolation---C.gigas-Lifestage-Carryover-Samples-Using-Direct-zol-RNA-MiniPrep-Plus-Kit/index.html,https://github.com/RobertsLab/oyster-ploidy-hardening
RNA Isolation - C.gigas Lifestage Carryover Samples Using Direct-zol RNA MiniPrep Plus Kit,project-gigas-oa-meth,0.2,Weak overlap: Pacific oyster (Crassostrea/Magallana gigas),https://robertslab.github.io/sams-notebook/posts/2025/2025-05-12-RNA-Isolation---C.gigas-Lifestage-Carryover-Samples-Using-Direct-zol-RNA-MiniPrep-Plus-Kit/index.html,https://github.com/RobertsLab/project-gigas-oa-meth
RNA Isolation - C.gigas Lifestage Carryover Samples Using Direct-zol RNA MiniPrep Plus Kit,project-gigas-ploidy-oa,0.2,Weak overlap: Pacific oyster (Crassostrea/Magallana gigas),https://robertslab.github.io/sams-notebook/posts/2025/2025-05-12-RNA-Isolation---C.gigas-Lifestage-Carryover-Samples-Using-Direct-zol-RNA-MiniPrep-Plus-Kit/index.html,https://github.com/RobertsLab/project-gigas-ploidy-oa
RNA Isolation - C.gigas Lifestage Carryover Samples Using Direct-zol RNA MiniPrep Plus Kit,project-gigas_ploidy,0.2,Weak overlap: Pacific oyster (Crassostrea/Magallana gigas),https://robertslab.github.io/sams-notebook/posts/2025/2025-05-12-RNA-Isolation---C.gigas-Lifestage-Carryover-Samples-Using-Direct-zol-RNA-MiniPrep-Plus-Kit/index.html,https://github.com/RobertsLab/project-gigas_ploidy
RNA Isolation - C.gigas Lifestage Carryover Samples Using Direct-zol RNA MiniPrep Plus Kit,paper-gigas-DNR-proteomics,0.2,Weak overlap: Pacific oyster (Crassostrea/Magallana gigas),https://robertslab.github.io/sams-notebook/posts/2025/2025-05-12-RNA-Isolation---C.gigas-Lifestage-Carryover-Samples-Using-Direct-zol-RNA-MiniPrep-Plus-Kit/index.html,https://github.com/RobertsLab/paper-gigas-DNR-proteomics
RNA Isolation - C.gigas Lifestage Carryover Samples Using Direct-zol RNA MiniPrep Plus Kit,paper-gigas-metaanalysis,0.2,Weak overlap: Pacific oyster (Crassostrea/Magallana gigas),https://robertslab.github.io/sams-notebook/posts/2025/2025-05-12-RNA-Isolation---C.gigas-Lifestage-Carryover-Samples-Using-Direct-zol-RNA-MiniPrep-Plus-Kit/index.html,https://github.com/RobertsLab/paper-gigas-metaanalysis
Sample Homogenization - C.gigas Lifestage Carryover Samples Using TriZol and Bullet Blender,project-gigas-conditioning,0.2,Weak overlap: Pacific oyster (Crassostrea/Magallana gigas),https://robertslab.github.io/sams-notebook/posts/2025/2025-05-12-Sample-Homogenization---C.gigas-Lifestage-Carryover-Samples-Using-TriZol-and-Bullet-Blender/index.html,https://github.com/RobertsLab/project-gigas-conditioning
Sample Homogenization - C.gigas Lifestage Carryover Samples Using TriZol and Bullet Blender,10K-seed-Cgigas,0.2,Weak overlap: Pacific oyster (Crassostrea/Magallana gigas),https://robertslab.github.io/sams-notebook/posts/2025/2025-05-12-Sample-Homogenization---C.gigas-Lifestage-Carryover-Samples-Using-TriZol-and-Bullet-Blender/index.html,https://github.com/RobertsLab/10K-seed-Cgigas
Sample Homogenization - C.gigas Lifestage Carryover Samples Using TriZol and Bullet Blender,project-cod-temperature,0.2,Weak overlap: temperature,https://robertslab.github.io/sams-notebook/posts/2025/2025-05-12-Sample-Homogenization---C.gigas-Lifestage-Carryover-Samples-Using-TriZol-and-Bullet-Blender/index.html,https://github.com/RobertsLab/project-cod-temperature
Sample Homogenization - C.gigas Lifestage Carryover Samples Using TriZol and Bullet Blender,pgc-edc-oyster,0.2,Weak overlap: Pacific oyster (Crassostrea/Magallana gigas),https://robertslab.github.io/sams-notebook/posts/2025/2025-05-12-Sample-Homogenization---C.gigas-Lifestage-Carryover-Samples-Using-TriZol-and-Bullet-Blender/index.html,https://github.com/RobertsLab/pgc-edc-oyster
Sample Homogenization - C.gigas Lifestage Carryover Samples Using TriZol and Bullet Blender,oyster-ploidy-hardening,0.2,Weak overlap: Pacific oyster (Crassostrea/Magallana gigas),https://robertslab.github.io/sams-notebook/posts/2025/2025-05-12-Sample-Homogenization---C.gigas-Lifestage-Carryover-Samples-Using-TriZol-and-Bullet-Blender/index.html,https://github.com/RobertsLab/oyster-ploidy-hardening
Sample Homogenization - C.gigas Lifestage Carryover Samples Using TriZol and Bullet Blender,project-gigas-oa-meth,0.2,Weak overlap: Pacific oyster (Crassostrea/Magallana gigas),https://robertslab.github.io/sams-notebook/posts/2025/2025-05-12-Sample-Homogenization---C.gigas-Lifestage-Carryover-Samples-Using-TriZol-and-Bullet-Blender/index.html,https://github.com/RobertsLab/project-gigas-oa-meth
Sample Homogenization - C.gigas Lifestage Carryover Samples Using TriZol and Bullet Blender,project-gigas-ploidy-oa,0.2,Weak overlap: Pacific oyster (Crassostrea/Magallana gigas),https://robertslab.github.io/sams-notebook/posts/2025/2025-05-12-Sample-Homogenization---C.gigas-Lifestage-Carryover-Samples-Using-TriZol-and-Bullet-Blender/index.html,https://github.com/RobertsLab/project-gigas-ploidy-oa
Sample Homogenization - C.gigas Lifestage Carryover Samples Using TriZol and Bullet Blender,project-gigas_ploidy,0.2,Weak overlap: Pacific oyster (Crassostrea/Magallana gigas),https://robertslab.github.io/sams-notebook/posts/2025/2025-05-12-Sample-Homogenization---C.gigas-Lifestage-Carryover-Samples-Using-TriZol-and-Bullet-Blender/index.html,https://github.com/RobertsLab/project-gigas_ploidy
Sample Homogenization - C.gigas Lifestage Carryover Samples Using TriZol and Bullet Blender,paper-gigas-DNR-proteomics,0.2,Weak overlap: Pacific oyster (Crassostrea/Magallana gigas),https://robertslab.github.io/sams-notebook/posts/2025/2025-05-12-Sample-Homogenization---C.gigas-Lifestage-Carryover-Samples-Using-TriZol-and-Bullet-Blender/index.html,https://github.com/RobertsLab/paper-gigas-DNR-proteomics
Sample Homogenization - C.gigas Lifestage Carryover Samples Using TriZol and Bullet Blender,paper-gigas-metaanalysis,0.2,Weak overlap: Pacific oyster (Crassostrea/Magallana gigas),https://robertslab.github.io/sams-notebook/posts/2025/2025-05-12-Sample-Homogenization---C.gigas-Lifestage-Carryover-Samples-Using-TriZol-and-Bullet-Blender/index.html,https://github.com/RobertsLab/paper-gigas-metaanalysis
DIAMOND BLAST Database - NCBI NR Database and Taxonomy Nodes on Raven,project-eDNA-yellow,0.2,Weak overlap: Metabarcoding / eDNA / taxonomy,https://robertslab.github.io/sams-notebook/posts/2025/2025-04-29-DIAMOND-BLAST-Database---NCBI-NR-Database-and-Taxonomy-Nodes-on-Raven/index.html,https://github.com/RobertsLab/project-eDNA-yellow
DIAMOND BLAST Database - NCBI NR Database and Taxonomy Nodes on Raven,laby-18s,0.2,Weak overlap: Metabarcoding / eDNA / taxonomy,https://robertslab.github.io/sams-notebook/posts/2025/2025-04-29-DIAMOND-BLAST-Database---NCBI-NR-Database-and-Taxonomy-Nodes-on-Raven/index.html,https://github.com/RobertsLab/laby-18s
DNA RNA Isolation and Quantification - G.macrocephalus Blood Using Bullet Blender and Zymo Quick DNA RNA MiniPrep Plus Kit,project-sc-RNAseq,0.2,Weak overlap: RNA-seq,https://robertslab.github.io/sams-notebook/posts/2025/2025-04-25-DNA-RNA-Isolation-and-Quantification---G.macrocephalus-Blood-Using-Bullet-Blender-and-Zymo-Quick-DNA-RNA-MiniPrep-Plus-Kit/index.html,https://github.com/RobertsLab/project-sc-RNAseq
Taxonomy Assignment - Yellow Island 2018 eDNA Samples Using QIIME 2,laby-18s,0.2,Weak overlap: Metabarcoding / eDNA / taxonomy,https://robertslab.github.io/sams-notebook/posts/2025/2025-04-24-Taxonomy-Assignment---Yellow-Island-2018-eDNA-Samples-Using-QIIME-2/index.html,https://github.com/RobertsLab/laby-18s
FastQC MultiQC - Yellow Island eDNA Project,laby-18s,0.2,Weak overlap: Metabarcoding / eDNA / taxonomy,https://robertslab.github.io/sams-notebook/posts/2025/2025-04-18-FastQC-MultiQC---Yellow-Island-eDNA-Project/index.html,https://github.com/RobertsLab/laby-18s
Trimming - Yellow Island eDNA FastQs Using Fastp FastQC and MultiQC,laby-18s,0.2,Weak overlap: Metabarcoding / eDNA / taxonomy,https://robertslab.github.io/sams-notebook/posts/2025/2025-04-18-Trimming---Yellow-Island-eDNA-FastQs-Using-Fastp-FastQC-and-MultiQC/index.html,https://github.com/RobertsLab/laby-18s
DNA RNA Isolation and Quantification - G.macrocephalus Blood Using Bullet Blender and Zymo Quick DNA RNA MiniPrep Plus Kit,project-sc-RNAseq,0.2,Weak overlap: RNA-seq,https://robertslab.github.io/sams-notebook/posts/2025/2025-04-10-DNA-RNA-Isolation-and-Quantification---G.macrocephalus-Blood-Using-Bullet-Blender-and-Zymo-Quick-DNA-RNA-MiniPrep-Plus-Kit/index.html,https://github.com/RobertsLab/project-sc-RNAseq
Primer Design - C.gigas Alternative Oxidase AOX Variants Using Primer3,project-gigas-conditioning,0.2,Weak overlap: Pacific oyster (Crassostrea/Magallana gigas),https://robertslab.github.io/sams-notebook/posts/2025/2025-01-17-Primer-Design---C.gigas-Alternative-Oxidase-AOX-Variants-Using-Primer3/index.html,https://github.com/RobertsLab/project-gigas-conditioning
Primer Design - C.gigas Alternative Oxidase AOX Variants Using Primer3,project-lake-trout,0.2,Weak overlap: genome,https://robertslab.github.io/sams-notebook/posts/2025/2025-01-17-Primer-Design---C.gigas-Alternative-Oxidase-AOX-Variants-Using-Primer3/index.html,https://github.com/RobertsLab/project-lake-trout
Primer Design - C.gigas Alternative Oxidase AOX Variants Using Primer3,10K-seed-Cgigas,0.2,Weak overlap: Pacific oyster (Crassostrea/Magallana gigas),https://robertslab.github.io/sams-notebook/posts/2025/2025-01-17-Primer-Design---C.gigas-Alternative-Oxidase-AOX-Variants-Using-Primer3/index.html,https://github.com/RobertsLab/10K-seed-Cgigas
Primer Design - C.gigas Alternative Oxidase AOX Variants Using Primer3,project-gigas-carryover,0.2,Weak overlap: Pacific oyster (Crassostrea/Magallana gigas),https://robertslab.github.io/sams-notebook/posts/2025/2025-01-17-Primer-Design---C.gigas-Alternative-Oxidase-AOX-Variants-Using-Primer3/index.html,https://github.com/RobertsLab/project-gigas-carryover
Primer Design - C.gigas Alternative Oxidase AOX Variants Using Primer3,pgc-edc-oyster,0.2,Weak overlap: Pacific oyster (Crassostrea/Magallana gigas),https://robertslab.github.io/sams-notebook/posts/2025/2025-01-17-Primer-Design---C.gigas-Alternative-Oxidase-AOX-Variants-Using-Primer3/index.html,https://github.com/RobertsLab/pgc-edc-oyster
Primer Design - C.gigas Alternative Oxidase AOX Variants Using Primer3,oyster-ploidy-hardening,0.2,Weak overlap: Pacific oyster (Crassostrea/Magallana gigas),https://robertslab.github.io/sams-notebook/posts/2025/2025-01-17-Primer-Design---C.gigas-Alternative-Oxidase-AOX-Variants-Using-Primer3/index.html,https://github.com/RobertsLab/oyster-ploidy-hardening
Primer Design - C.gigas Alternative Oxidase AOX Variants Using Primer3,project-gigas-oa-meth,0.2,Weak overlap: Pacific oyster (Crassostrea/Magallana gigas),https://robertslab.github.io/sams-notebook/posts/2025/2025-01-17-Primer-Design---C.gigas-Alternative-Oxidase-AOX-Variants-Using-Primer3/index.html,https://github.com/RobertsLab/project-gigas-oa-meth
Primer Design - C.gigas Alternative Oxidase AOX Variants Using Primer3,project-gigas-ploidy-oa,0.2,Weak overlap: Pacific oyster (Crassostrea/Magallana gigas),https://robertslab.github.io/sams-notebook/posts/2025/2025-01-17-Primer-Design---C.gigas-Alternative-Oxidase-AOX-Variants-Using-Primer3/index.html,https://github.com/RobertsLab/project-gigas-ploidy-oa
Primer Design - C.gigas Alternative Oxidase AOX Variants Using Primer3,project-gigas_ploidy,0.2,Weak overlap: Pacific oyster (Crassostrea/Magallana gigas),https://robertslab.github.io/sams-notebook/posts/2025/2025-01-17-Primer-Design---C.gigas-Alternative-Oxidase-AOX-Variants-Using-Primer3/index.html,https://github.com/RobertsLab/project-gigas_ploidy
Primer Design - C.gigas Alternative Oxidase AOX Variants Using Primer3,duck-genome-viz,0.2,Weak overlap: genome,https://robertslab.github.io/sams-notebook/posts/2025/2025-01-17-Primer-Design---C.gigas-Alternative-Oxidase-AOX-Variants-Using-Primer3/index.html,https://github.com/RobertsLab/duck-genome-viz
Primer Design - C.gigas Alternative Oxidase AOX Variants Using Primer3,paper-gigas-early-gametogenic-exposure,0.2,Weak overlap: Pacific oyster (Crassostrea/Magallana gigas),https://robertslab.github.io/sams-notebook/posts/2025/2025-01-17-Primer-Design---C.gigas-Alternative-Oxidase-AOX-Variants-Using-Primer3/index.html,https://github.com/RobertsLab/paper-gigas-early-gametogenic-exposure
Primer Design - C.gigas Alternative Oxidase AOX Variants Using Primer3,paper-gigas-DNR-proteomics,0.2,Weak overlap: Pacific oyster (Crassostrea/Magallana gigas),https://robertslab.github.io/sams-notebook/posts/2025/2025-01-17-Primer-Design---C.gigas-Alternative-Oxidase-AOX-Variants-Using-Primer3/index.html,https://github.com/RobertsLab/paper-gigas-DNR-proteomics
Primer Design - C.gigas Alternative Oxidase AOX Variants Using Primer3,project-geoduck-genome,0.2,Weak overlap: genome,https://robertslab.github.io/sams-notebook/posts/2025/2025-01-17-Primer-Design---C.gigas-Alternative-Oxidase-AOX-Variants-Using-Primer3/index.html,https://github.com/RobertsLab/project-geoduck-genome
Primer Design - C.gigas Alternative Oxidase AOX Variants Using Primer3,paper-gigas-metaanalysis,0.2,Weak overlap: Pacific oyster (Crassostrea/Magallana gigas),https://robertslab.github.io/sams-notebook/posts/2025/2025-01-17-Primer-Design---C.gigas-Alternative-Oxidase-AOX-Variants-Using-Primer3/index.html,https://github.com/RobertsLab/paper-gigas-metaanalysis
Bismark Alignments - A.pulchra Trimmed Reads Using Bismark on Hyak,project-lake-trout,0.2,Weak overlap: genome,https://robertslab.github.io/sams-notebook/posts/2025/2025-01-02-Bismark-Alignments---A.pulchra-Trimmed-Reads-Using-Bismark-on-Hyak/index.html,https://github.com/RobertsLab/project-lake-trout
Bismark Alignments - A.pulchra Trimmed Reads Using Bismark on Hyak,EpiDiverse-snp,0.2,Weak overlap: Bisulfite / BS-seq,https://robertslab.github.io/sams-notebook/posts/2025/2025-01-02-Bismark-Alignments---A.pulchra-Trimmed-Reads-Using-Bismark-on-Hyak/index.html,https://github.com/RobertsLab/EpiDiverse-snp
Bismark Alignments - A.pulchra Trimmed Reads Using Bismark on Hyak,duck-genome-viz,0.2,Weak overlap: genome,https://robertslab.github.io/sams-notebook/posts/2025/2025-01-02-Bismark-Alignments---A.pulchra-Trimmed-Reads-Using-Bismark-on-Hyak/index.html,https://github.com/RobertsLab/duck-genome-viz
Bismark Alignments - A.pulchra Trimmed Reads Using Bismark on Hyak,project-geoduck-genome,0.2,Weak overlap: genome,https://robertslab.github.io/sams-notebook/posts/2025/2025-01-02-Bismark-Alignments---A.pulchra-Trimmed-Reads-Using-Bismark-on-Hyak/index.html,https://github.com/RobertsLab/project-geoduck-genome
Bismark Alignments - A.pulchra Trimmed Reads Using Bismark on Hyak,hyak_mox,0.2,Weak overlap: hyak,https://robertslab.github.io/sams-notebook/posts/2025/2025-01-02-Bismark-Alignments---A.pulchra-Trimmed-Reads-Using-Bismark-on-Hyak/index.html,https://github.com/RobertsLab/hyak_mox
Bisulfite Genome - A.pulchra BS Genome Using Bismark,project-lake-trout,0.2,Weak overlap: genome,https://robertslab.github.io/sams-notebook/posts/2025/2025-01-02-Bisulfite-Genome---A.pulchra-BS-Genome-Using-Bismark/index.html,https://github.com/RobertsLab/project-lake-trout
Bisulfite Genome - A.pulchra BS Genome Using Bismark,project-mytilus-methylation,0.2,"Weak overlap: DNA methylation, methylation",https://robertslab.github.io/sams-notebook/posts/2025/2025-01-02-Bisulfite-Genome---A.pulchra-BS-Genome-Using-Bismark/index.html,https://github.com/RobertsLab/project-mytilus-methylation
Bisulfite Genome - A.pulchra BS Genome Using Bismark,project-caligus-methylation,0.2,"Weak overlap: DNA methylation, methylation",https://robertslab.github.io/sams-notebook/posts/2025/2025-01-02-Bisulfite-Genome---A.pulchra-BS-Genome-Using-Bismark/index.html,https://github.com/RobertsLab/project-caligus-methylation
Bisulfite Genome - A.pulchra BS Genome Using Bismark,project-myt-crass-methylation,0.2,"Weak overlap: DNA methylation, methylation",https://robertslab.github.io/sams-notebook/posts/2025/2025-01-02-Bisulfite-Genome---A.pulchra-BS-Genome-Using-Bismark/index.html,https://github.com/RobertsLab/project-myt-crass-methylation
Bisulfite Genome - A.pulchra BS Genome Using Bismark,EpiDiverse-snp,0.2,"Weak overlap: Bisulfite / BS-seq, DNA methylation, methylation",https://robertslab.github.io/sams-notebook/posts/2025/2025-01-02-Bisulfite-Genome---A.pulchra-BS-Genome-Using-Bismark/index.html,https://github.com/RobertsLab/EpiDiverse-snp
Bisulfite Genome - A.pulchra BS Genome Using Bismark,project-gigas-oa-meth,0.2,"Weak overlap: DNA methylation, methylation",https://robertslab.github.io/sams-notebook/posts/2025/2025-01-02-Bisulfite-Genome---A.pulchra-BS-Genome-Using-Bismark/index.html,https://github.com/RobertsLab/project-gigas-oa-meth
Bisulfite Genome - A.pulchra BS Genome Using Bismark,duck-genome-viz,0.2,Weak overlap: genome,https://robertslab.github.io/sams-notebook/posts/2025/2025-01-02-Bisulfite-Genome---A.pulchra-BS-Genome-Using-Bismark/index.html,https://github.com/RobertsLab/duck-genome-viz
Bisulfite Genome - A.pulchra BS Genome Using Bismark,project-geoduck-genome,0.2,Weak overlap: genome,https://robertslab.github.io/sams-notebook/posts/2025/2025-01-02-Bisulfite-Genome---A.pulchra-BS-Genome-Using-Bismark/index.html,https://github.com/RobertsLab/project-geoduck-genome
Bisulfite Genome - A.pulchra BS Genome Using Bismark,paper-gigas-metaanalysis,0.2,"Weak overlap: DNA methylation, methylation",https://robertslab.github.io/sams-notebook/posts/2025/2025-01-02-Bisulfite-Genome---A.pulchra-BS-Genome-Using-Bismark/index.html,https://github.com/RobertsLab/paper-gigas-metaanalysis
ASCA Analysis for RNAseq and Lipidomics Datasets,polyIC-larvae,0.2,Weak overlap: larvae,https://ahuffmyer.github.io/posts/2025-12-19-asca.html,https://github.com/RobertsLab/polyIC-larvae
ASCA Analysis for RNAseq and Lipidomics Datasets,project-cod-temperature,0.2,Weak overlap: temperature,https://ahuffmyer.github.io/posts/2025-12-19-asca.html,https://github.com/RobertsLab/project-cod-temperature
ASCA Analysis for RNAseq and Lipidomics Datasets,project-sc-RNAseq,0.2,Weak overlap: RNA-seq,https://ahuffmyer.github.io/posts/2025-12-19-asca.html,https://github.com/RobertsLab/project-sc-RNAseq
ASCA Analysis for RNAseq and Lipidomics Datasets,project-gigas-oa-meth,0.2,Weak overlap: larvae,https://ahuffmyer.github.io/posts/2025-12-19-asca.html,https://github.com/RobertsLab/project-gigas-oa-meth
ASCA Analysis for RNAseq and Lipidomics Datasets,project-pacific.oyster-larvae,0.2,Weak overlap: larvae,https://ahuffmyer.github.io/posts/2025-12-19-asca.html,https://github.com/RobertsLab/project-pacific.oyster-larvae
ASCA Analysis for RNAseq and Lipidomics Datasets,paper-gigas-DNR-proteomics,0.2,"Weak overlap: Proteomics, proteomics",https://ahuffmyer.github.io/posts/2025-12-19-asca.html,https://github.com/RobertsLab/paper-gigas-DNR-proteomics
ASCA Analysis for RNAseq and Lipidomics Datasets,Paper-DNR-Geoduck-Proteomics,0.2,"Weak overlap: Proteomics, proteomics",https://ahuffmyer.github.io/posts/2025-12-19-asca.html,https://github.com/RobertsLab/Paper-DNR-Geoduck-Proteomics
January Goals and Daily Entries,project-sc-RNAseq,0.2,Weak overlap: RNA-seq,https://ahuffmyer.github.io/posts/2026-01-01-goals.html,https://github.com/RobertsLab/project-sc-RNAseq
All Projects To Do List,10K-seed-Cgigas,0.2,Weak overlap: hardening,https://ahuffmyer.github.io/posts/2026-01-01-todos.html,https://github.com/RobertsLab/10K-seed-Cgigas
All Projects To Do List,project-sc-RNAseq,0.2,Weak overlap: RNA-seq,https://ahuffmyer.github.io/posts/2026-01-01-todos.html,https://github.com/RobertsLab/project-sc-RNAseq
All Projects To Do List,project-gigas-oa-meth,0.2,Weak overlap: larvae,https://ahuffmyer.github.io/posts/2026-01-01-todos.html,https://github.com/RobertsLab/project-gigas-oa-meth
Writing Project Status,10K-seed-Cgigas,0.2,Weak overlap: hardening,https://ahuffmyer.github.io/posts/2026-01-01-writing.html,https://github.com/RobertsLab/10K-seed-Cgigas
Writing Project Status,manchester-hardening,0.2,Weak overlap: hardening,https://ahuffmyer.github.io/posts/2026-01-01-writing.html,https://github.com/RobertsLab/manchester-hardening
Writing Project Status,project-sc-RNAseq,0.2,Weak overlap: RNA-seq,https://ahuffmyer.github.io/posts/2026-01-01-writing.html,https://github.com/RobertsLab/project-sc-RNAseq
Writing Project Status,project-gigas-oa-meth,0.2,Weak overlap: larvae,https://ahuffmyer.github.io/posts/2026-01-01-writing.html,https://github.com/RobertsLab/project-gigas-oa-meth
Checking on Manchester oyster outplants,project-gigas-conditioning,0.2,Weak overlap: Pacific oyster (Crassostrea/Magallana gigas),https://ahuffmyer.github.io/posts/2026-01-06-manchester.html,https://github.com/RobertsLab/project-gigas-conditioning
Checking on Manchester oyster outplants,project-cod-temperature,0.2,Weak overlap: temperature,https://ahuffmyer.github.io/posts/2026-01-06-manchester.html,https://github.com/RobertsLab/project-cod-temperature
Checking on Manchester oyster outplants,project-gigas-carryover,0.2,Weak overlap: Pacific oyster (Crassostrea/Magallana gigas),https://ahuffmyer.github.io/posts/2026-01-06-manchester.html,https://github.com/RobertsLab/project-gigas-carryover
Checking on Manchester oyster outplants,pgc-edc-oyster,0.2,Weak overlap: Pacific oyster (Crassostrea/Magallana gigas),https://ahuffmyer.github.io/posts/2026-01-06-manchester.html,https://github.com/RobertsLab/pgc-edc-oyster
Checking on Manchester oyster outplants,project-gigas-oa-meth,0.2,Weak overlap: Pacific oyster (Crassostrea/Magallana gigas),https://ahuffmyer.github.io/posts/2026-01-06-manchester.html,https://github.com/RobertsLab/project-gigas-oa-meth
Checking on Manchester oyster outplants,project-gigas-ploidy-oa,0.2,Weak overlap: Pacific oyster (Crassostrea/Magallana gigas),https://ahuffmyer.github.io/posts/2026-01-06-manchester.html,https://github.com/RobertsLab/project-gigas-ploidy-oa
Checking on Manchester oyster outplants,project-gigas_ploidy,0.2,Weak overlap: Pacific oyster (Crassostrea/Magallana gigas),https://ahuffmyer.github.io/posts/2026-01-06-manchester.html,https://github.com/RobertsLab/project-gigas_ploidy
Checking on Manchester oyster outplants,paper-gigas-early-gametogenic-exposure,0.2,Weak overlap: Pacific oyster (Crassostrea/Magallana gigas),https://ahuffmyer.github.io/posts/2026-01-06-manchester.html,https://github.com/RobertsLab/paper-gigas-early-gametogenic-exposure
Checking on Manchester oyster outplants,paper-gigas-DNR-proteomics,0.2,Weak overlap: Pacific oyster (Crassostrea/Magallana gigas),https://ahuffmyer.github.io/posts/2026-01-06-manchester.html,https://github.com/RobertsLab/paper-gigas-DNR-proteomics
Checking on Manchester oyster outplants,paper-gigas-metaanalysis,0.2,Weak overlap: Pacific oyster (Crassostrea/Magallana gigas),https://ahuffmyer.github.io/posts/2026-01-06-manchester.html,https://github.com/RobertsLab/paper-gigas-metaanalysis
Picking up new oyster seed for UW projects,project-gigas-conditioning,0.2,Weak overlap: Pacific oyster (Crassostrea/Magallana gigas),https://ahuffmyer.github.io/posts/2026-01-21-seedpickup.html,https://github.com/RobertsLab/project-gigas-conditioning
Picking up new oyster seed for UW projects,project-gigas-carryover,0.2,Weak overlap: Pacific oyster (Crassostrea/Magallana gigas),https://ahuffmyer.github.io/posts/2026-01-21-seedpickup.html,https://github.com/RobertsLab/project-gigas-carryover
Picking up new oyster seed for UW projects,pgc-edc-oyster,0.2,Weak overlap: Pacific oyster (Crassostrea/Magallana gigas),https://ahuffmyer.github.io/posts/2026-01-21-seedpickup.html,https://github.com/RobertsLab/pgc-edc-oyster
Picking up new oyster seed for UW projects,oyster-ploidy-hardening,0.2,Weak overlap: Pacific oyster (Crassostrea/Magallana gigas),https://ahuffmyer.github.io/posts/2026-01-21-seedpickup.html,https://github.com/RobertsLab/oyster-ploidy-hardening
Picking up new oyster seed for UW projects,project-gigas-oa-meth,0.2,Weak overlap: Pacific oyster (Crassostrea/Magallana gigas),https://ahuffmyer.github.io/posts/2026-01-21-seedpickup.html,https://github.com/RobertsLab/project-gigas-oa-meth
Picking up new oyster seed for UW projects,project-gigas-ploidy-oa,0.2,Weak overlap: Pacific oyster (Crassostrea/Magallana gigas),https://ahuffmyer.github.io/posts/2026-01-21-seedpickup.html,https://github.com/RobertsLab/project-gigas-ploidy-oa
Picking up new oyster seed for UW projects,project-gigas_ploidy,0.2,Weak overlap: Pacific oyster (Crassostrea/Magallana gigas),https://ahuffmyer.github.io/posts/2026-01-21-seedpickup.html,https://github.com/RobertsLab/project-gigas_ploidy
Picking up new oyster seed for UW projects,paper-gigas-early-gametogenic-exposure,0.2,Weak overlap: Pacific oyster (Crassostrea/Magallana gigas),https://ahuffmyer.github.io/posts/2026-01-21-seedpickup.html,https://github.com/RobertsLab/paper-gigas-early-gametogenic-exposure
Picking up new oyster seed for UW projects,paper-gigas-DNR-proteomics,0.2,Weak overlap: Pacific oyster (Crassostrea/Magallana gigas),https://ahuffmyer.github.io/posts/2026-01-21-seedpickup.html,https://github.com/RobertsLab/paper-gigas-DNR-proteomics
Picking up new oyster seed for UW projects,paper-gigas-metaanalysis,0.2,Weak overlap: Pacific oyster (Crassostrea/Magallana gigas),https://ahuffmyer.github.io/posts/2026-01-21-seedpickup.html,https://github.com/RobertsLab/paper-gigas-metaanalysis
Organizing and cleaning tanks in FTR for new oysters,project-gigas-conditioning,0.2,Weak overlap: Pacific oyster (Crassostrea/Magallana gigas),https://ahuffmyer.github.io/posts/2026-01-23-tanks.html,https://github.com/RobertsLab/project-gigas-conditioning
Organizing and cleaning tanks in FTR for new oysters,project-cod-temperature,0.2,Weak overlap: temperature,https://ahuffmyer.github.io/posts/2026-01-23-tanks.html,https://github.com/RobertsLab/project-cod-temperature
Organizing and cleaning tanks in FTR for new oysters,manchester-hardening,0.2,Weak overlap: hardening,https://ahuffmyer.github.io/posts/2026-01-23-tanks.html,https://github.com/RobertsLab/manchester-hardening
Organizing and cleaning tanks in FTR for new oysters,project-gigas-carryover,0.2,Weak overlap: Pacific oyster (Crassostrea/Magallana gigas),https://ahuffmyer.github.io/posts/2026-01-23-tanks.html,https://github.com/RobertsLab/project-gigas-carryover
Organizing and cleaning tanks in FTR for new oysters,pgc-edc-oyster,0.2,Weak overlap: Pacific oyster (Crassostrea/Magallana gigas),https://ahuffmyer.github.io/posts/2026-01-23-tanks.html,https://github.com/RobertsLab/pgc-edc-oyster
Organizing and cleaning tanks in FTR for new oysters,project-gigas-oa-meth,0.2,Weak overlap: Pacific oyster (Crassostrea/Magallana gigas),https://ahuffmyer.github.io/posts/2026-01-23-tanks.html,https://github.com/RobertsLab/project-gigas-oa-meth
Organizing and cleaning tanks in FTR for new oysters,project-gigas-ploidy-oa,0.2,Weak overlap: Pacific oyster (Crassostrea/Magallana gigas),https://ahuffmyer.github.io/posts/2026-01-23-tanks.html,https://github.com/RobertsLab/project-gigas-ploidy-oa
Organizing and cleaning tanks in FTR for new oysters,project-gigas_ploidy,0.2,Weak overlap: Pacific oyster (Crassostrea/Magallana gigas),https://ahuffmyer.github.io/posts/2026-01-23-tanks.html,https://github.com/RobertsLab/project-gigas_ploidy
Organizing and cleaning tanks in FTR for new oysters,paper-gigas-early-gametogenic-exposure,0.2,Weak overlap: Pacific oyster (Crassostrea/Magallana gigas),https://ahuffmyer.github.io/posts/2026-01-23-tanks.html,https://github.com/RobertsLab/paper-gigas-early-gametogenic-exposure
Organizing and cleaning tanks in FTR for new oysters,paper-gigas-DNR-proteomics,0.2,Weak overlap: Pacific oyster (Crassostrea/Magallana gigas),https://ahuffmyer.github.io/posts/2026-01-23-tanks.html,https://github.com/RobertsLab/paper-gigas-DNR-proteomics
Organizing and cleaning tanks in FTR for new oysters,paper-gigas-metaanalysis,0.2,Weak overlap: Pacific oyster (Crassostrea/Magallana gigas),https://ahuffmyer.github.io/posts/2026-01-23-tanks.html,https://github.com/RobertsLab/paper-gigas-metaanalysis
Growth analysis of Goose Point outplants from Oct 2025,project-cod-temperature,0.2,Weak overlap: temperature,https://ahuffmyer.github.io/posts/2026-02-02-goosepointgrowth.html,https://github.com/RobertsLab/project-cod-temperature
Growth analysis of Goose Point outplants from Oct 2025,manchester-hardening,0.2,"Weak overlap: hardening, thermal",https://ahuffmyer.github.io/posts/2026-02-02-goosepointgrowth.html,https://github.com/RobertsLab/manchester-hardening
Growth analysis of Goose Point outplants from Oct 2025,project-gigas-carryover,0.2,Weak overlap: Pacific oyster (Crassostrea/Magallana gigas),https://ahuffmyer.github.io/posts/2026-02-02-goosepointgrowth.html,https://github.com/RobertsLab/project-gigas-carryover
Growth analysis of Goose Point outplants from Oct 2025,pgc-edc-oyster,0.2,Weak overlap: Pacific oyster (Crassostrea/Magallana gigas),https://ahuffmyer.github.io/posts/2026-02-02-goosepointgrowth.html,https://github.com/RobertsLab/pgc-edc-oyster
Growth analysis of Goose Point outplants from Oct 2025,project-gigas-oa-meth,0.2,Weak overlap: Pacific oyster (Crassostrea/Magallana gigas),https://ahuffmyer.github.io/posts/2026-02-02-goosepointgrowth.html,https://github.com/RobertsLab/project-gigas-oa-meth
Growth analysis of Goose Point outplants from Oct 2025,project-gigas-ploidy-oa,0.2,Weak overlap: Pacific oyster (Crassostrea/Magallana gigas),https://ahuffmyer.github.io/posts/2026-02-02-goosepointgrowth.html,https://github.com/RobertsLab/project-gigas-ploidy-oa
Growth analysis of Goose Point outplants from Oct 2025,project-gigas_ploidy,0.2,Weak overlap: Pacific oyster (Crassostrea/Magallana gigas),https://ahuffmyer.github.io/posts/2026-02-02-goosepointgrowth.html,https://github.com/RobertsLab/project-gigas_ploidy
Growth analysis of Goose Point outplants from Oct 2025,paper-gigas-DNR-proteomics,0.2,Weak overlap: Pacific oyster (Crassostrea/Magallana gigas),https://ahuffmyer.github.io/posts/2026-02-02-goosepointgrowth.html,https://github.com/RobertsLab/paper-gigas-DNR-proteomics
Growth analysis of Goose Point outplants from Oct 2025,paper-gigas-metaanalysis,0.2,Weak overlap: Pacific oyster (Crassostrea/Magallana gigas),https://ahuffmyer.github.io/posts/2026-02-02-goosepointgrowth.html,https://github.com/RobertsLab/paper-gigas-metaanalysis
May Goals and Daily Entries,10K-seed-Cgigas,0.2,Weak overlap: hardening,https://ahuffmyer.github.io/posts/2026-05-01-goals.html,https://github.com/RobertsLab/10K-seed-Cgigas
May Goals and Daily Entries,project-sc-RNAseq,0.2,Weak overlap: RNA-seq,https://ahuffmyer.github.io/posts/2026-05-01-goals.html,https://github.com/RobertsLab/project-sc-RNAseq
Protocol - oyster stress hardening for Westcott outplanting,project-cod-temperature,0.2,Weak overlap: temperature,https://ahuffmyer.github.io/posts/2026-05-18-protocol-westcott-hardening.html,https://github.com/RobertsLab/project-cod-temperature
Protocol - oyster stress hardening for Westcott outplanting,manchester-hardening,0.2,"Weak overlap: hardening, thermal",https://ahuffmyer.github.io/posts/2026-05-18-protocol-westcott-hardening.html,https://github.com/RobertsLab/manchester-hardening
Protocol - oyster stress hardening for Westcott outplanting,project-gigas-carryover,0.2,Weak overlap: Pacific oyster (Crassostrea/Magallana gigas),https://ahuffmyer.github.io/posts/2026-05-18-protocol-westcott-hardening.html,https://github.com/RobertsLab/project-gigas-carryover
Protocol - oyster stress hardening for Westcott outplanting,pgc-edc-oyster,0.2,Weak overlap: Pacific oyster (Crassostrea/Magallana gigas),https://ahuffmyer.github.io/posts/2026-05-18-protocol-westcott-hardening.html,https://github.com/RobertsLab/pgc-edc-oyster
Protocol - oyster stress hardening for Westcott outplanting,project-gigas-oa-meth,0.2,Weak overlap: Pacific oyster (Crassostrea/Magallana gigas),https://ahuffmyer.github.io/posts/2026-05-18-protocol-westcott-hardening.html,https://github.com/RobertsLab/project-gigas-oa-meth
Protocol - oyster stress hardening for Westcott outplanting,project-gigas-ploidy-oa,0.2,Weak overlap: Pacific oyster (Crassostrea/Magallana gigas),https://ahuffmyer.github.io/posts/2026-05-18-protocol-westcott-hardening.html,https://github.com/RobertsLab/project-gigas-ploidy-oa
Protocol - oyster stress hardening for Westcott outplanting,project-gigas_ploidy,0.2,Weak overlap: Pacific oyster (Crassostrea/Magallana gigas),https://ahuffmyer.github.io/posts/2026-05-18-protocol-westcott-hardening.html,https://github.com/RobertsLab/project-gigas_ploidy
Protocol - oyster stress hardening for Westcott outplanting,paper-gigas-early-gametogenic-exposure,0.2,Weak overlap: Pacific oyster (Crassostrea/Magallana gigas),https://ahuffmyer.github.io/posts/2026-05-18-protocol-westcott-hardening.html,https://github.com/RobertsLab/paper-gigas-early-gametogenic-exposure
Protocol - oyster stress hardening for Westcott outplanting,paper-gigas-DNR-proteomics,0.2,Weak overlap: Pacific oyster (Crassostrea/Magallana gigas),https://ahuffmyer.github.io/posts/2026-05-18-protocol-westcott-hardening.html,https://github.com/RobertsLab/paper-gigas-DNR-proteomics
Protocol - oyster stress hardening for Westcott outplanting,paper-gigas-metaanalysis,0.2,Weak overlap: Pacific oyster (Crassostrea/Magallana gigas),https://ahuffmyer.github.io/posts/2026-05-18-protocol-westcott-hardening.html,https://github.com/RobertsLab/paper-gigas-metaanalysis
Assessing oyster growth at Goose Point,project-cod-temperature,0.2,Weak overlap: temperature,https://ahuffmyer.github.io/posts/2026-05-23-goose-point-assessment.html,https://github.com/RobertsLab/project-cod-temperature
Assessing oyster growth at Goose Point,manchester-hardening,0.2,Weak overlap: hardening,https://ahuffmyer.github.io/posts/2026-05-23-goose-point-assessment.html,https://github.com/RobertsLab/manchester-hardening
Assessing oyster growth at Goose Point,project-gigas-carryover,0.2,Weak overlap: Pacific oyster (Crassostrea/Magallana gigas),https://ahuffmyer.github.io/posts/2026-05-23-goose-point-assessment.html,https://github.com/RobertsLab/project-gigas-carryover
Assessing oyster growth at Goose Point,pgc-edc-oyster,0.2,Weak overlap: Pacific oyster (Crassostrea/Magallana gigas),https://ahuffmyer.github.io/posts/2026-05-23-goose-point-assessment.html,https://github.com/RobertsLab/pgc-edc-oyster
Assessing oyster growth at Goose Point,project-gigas-oa-meth,0.2,Weak overlap: Pacific oyster (Crassostrea/Magallana gigas),https://ahuffmyer.github.io/posts/2026-05-23-goose-point-assessment.html,https://github.com/RobertsLab/project-gigas-oa-meth
Assessing oyster growth at Goose Point,project-gigas-ploidy-oa,0.2,Weak overlap: Pacific oyster (Crassostrea/Magallana gigas),https://ahuffmyer.github.io/posts/2026-05-23-goose-point-assessment.html,https://github.com/RobertsLab/project-gigas-ploidy-oa
Assessing oyster growth at Goose Point,project-gigas_ploidy,0.2,Weak overlap: Pacific oyster (Crassostrea/Magallana gigas),https://ahuffmyer.github.io/posts/2026-05-23-goose-point-assessment.html,https://github.com/RobertsLab/project-gigas_ploidy
Assessing oyster growth at Goose Point,paper-gigas-early-gametogenic-exposure,0.2,Weak overlap: Pacific oyster (Crassostrea/Magallana gigas),https://ahuffmyer.github.io/posts/2026-05-23-goose-point-assessment.html,https://github.com/RobertsLab/paper-gigas-early-gametogenic-exposure
Assessing oyster growth at Goose Point,paper-gigas-DNR-proteomics,0.2,Weak overlap: Pacific oyster (Crassostrea/Magallana gigas),https://ahuffmyer.github.io/posts/2026-05-23-goose-point-assessment.html,https://github.com/RobertsLab/paper-gigas-DNR-proteomics
Assessing oyster growth at Goose Point,paper-gigas-metaanalysis,0.2,Weak overlap: Pacific oyster (Crassostrea/Magallana gigas),https://ahuffmyer.github.io/posts/2026-05-23-goose-point-assessment.html,https://github.com/RobertsLab/paper-gigas-metaanalysis
Assessing oysters at Manchester for hardening project,project-gigas-conditioning,0.2,Weak overlap: Pacific oyster (Crassostrea/Magallana gigas),https://ahuffmyer.github.io/posts/2026-05-28-manchester-assessment.html,https://github.com/RobertsLab/project-gigas-conditioning
Assessing oysters at Manchester for hardening project,project-cod-temperature,0.2,Weak overlap: temperature,https://ahuffmyer.github.io/posts/2026-05-28-manchester-assessment.html,https://github.com/RobertsLab/project-cod-temperature
Assessing oysters at Manchester for hardening project,project-gigas-carryover,0.2,Weak overlap: Pacific oyster (Crassostrea/Magallana gigas),https://ahuffmyer.github.io/posts/2026-05-28-manchester-assessment.html,https://github.com/RobertsLab/project-gigas-carryover
Assessing oysters at Manchester for hardening project,pgc-edc-oyster,0.2,Weak overlap: Pacific oyster (Crassostrea/Magallana gigas),https://ahuffmyer.github.io/posts/2026-05-28-manchester-assessment.html,https://github.com/RobertsLab/pgc-edc-oyster
Assessing oysters at Manchester for hardening project,project-gigas-oa-meth,0.2,Weak overlap: Pacific oyster (Crassostrea/Magallana gigas),https://ahuffmyer.github.io/posts/2026-05-28-manchester-assessment.html,https://github.com/RobertsLab/project-gigas-oa-meth
Assessing oysters at Manchester for hardening project,project-gigas-ploidy-oa,0.2,Weak overlap: Pacific oyster (Crassostrea/Magallana gigas),https://ahuffmyer.github.io/posts/2026-05-28-manchester-assessment.html,https://github.com/RobertsLab/project-gigas-ploidy-oa
Assessing oysters at Manchester for hardening project,project-gigas_ploidy,0.2,Weak overlap: Pacific oyster (Crassostrea/Magallana gigas),https://ahuffmyer.github.io/posts/2026-05-28-manchester-assessment.html,https://github.com/RobertsLab/project-gigas_ploidy
Assessing oysters at Manchester for hardening project,paper-gigas-early-gametogenic-exposure,0.2,Weak overlap: Pacific oyster (Crassostrea/Magallana gigas),https://ahuffmyer.github.io/posts/2026-05-28-manchester-assessment.html,https://github.com/RobertsLab/paper-gigas-early-gametogenic-exposure
Assessing oysters at Manchester for hardening project,paper-gigas-DNR-proteomics,0.2,Weak overlap: Pacific oyster (Crassostrea/Magallana gigas),https://ahuffmyer.github.io/posts/2026-05-28-manchester-assessment.html,https://github.com/RobertsLab/paper-gigas-DNR-proteomics
Assessing oysters at Manchester for hardening project,paper-gigas-metaanalysis,0.2,Weak overlap: Pacific oyster (Crassostrea/Magallana gigas),https://ahuffmyer.github.io/posts/2026-05-28-manchester-assessment.html,https://github.com/RobertsLab/paper-gigas-metaanalysis
Orion Star A325 Protocol,project-cod-temperature,0.2,Weak overlap: temperature,https://ahuffmyer.github.io/posts/2026-05-30-Orion-Star-A325-Protocol.html,https://github.com/RobertsLab/project-cod-temperature
Assessing oyster outplants at Sequim Bay,project-cod-temperature,0.2,Weak overlap: temperature,https://ahuffmyer.github.io/posts/2026-05-31-sequim-bay-assessment.html,https://github.com/RobertsLab/project-cod-temperature
Assessing oyster outplants at Sequim Bay,manchester-hardening,0.2,"Weak overlap: hardening, thermal",https://ahuffmyer.github.io/posts/2026-05-31-sequim-bay-assessment.html,https://github.com/RobertsLab/manchester-hardening
Assessing oyster outplants at Sequim Bay,project-gigas-carryover,0.2,Weak overlap: Pacific oyster (Crassostrea/Magallana gigas),https://ahuffmyer.github.io/posts/2026-05-31-sequim-bay-assessment.html,https://github.com/RobertsLab/project-gigas-carryover
Assessing oyster outplants at Sequim Bay,pgc-edc-oyster,0.2,Weak overlap: Pacific oyster (Crassostrea/Magallana gigas),https://ahuffmyer.github.io/posts/2026-05-31-sequim-bay-assessment.html,https://github.com/RobertsLab/pgc-edc-oyster
Assessing oyster outplants at Sequim Bay,project-gigas-oa-meth,0.2,Weak overlap: Pacific oyster (Crassostrea/Magallana gigas),https://ahuffmyer.github.io/posts/2026-05-31-sequim-bay-assessment.html,https://github.com/RobertsLab/project-gigas-oa-meth
Assessing oyster outplants at Sequim Bay,project-gigas-ploidy-oa,0.2,Weak overlap: Pacific oyster (Crassostrea/Magallana gigas),https://ahuffmyer.github.io/posts/2026-05-31-sequim-bay-assessment.html,https://github.com/RobertsLab/project-gigas-ploidy-oa
Assessing oyster outplants at Sequim Bay,project-gigas_ploidy,0.2,Weak overlap: Pacific oyster (Crassostrea/Magallana gigas),https://ahuffmyer.github.io/posts/2026-05-31-sequim-bay-assessment.html,https://github.com/RobertsLab/project-gigas_ploidy
Assessing oyster outplants at Sequim Bay,paper-gigas-early-gametogenic-exposure,0.2,Weak overlap: Pacific oyster (Crassostrea/Magallana gigas),https://ahuffmyer.github.io/posts/2026-05-31-sequim-bay-assessment.html,https://github.com/RobertsLab/paper-gigas-early-gametogenic-exposure
Assessing oyster outplants at Sequim Bay,paper-gigas-DNR-proteomics,0.2,Weak overlap: Pacific oyster (Crassostrea/Magallana gigas),https://ahuffmyer.github.io/posts/2026-05-31-sequim-bay-assessment.html,https://github.com/RobertsLab/paper-gigas-DNR-proteomics
Assessing oyster outplants at Sequim Bay,paper-gigas-metaanalysis,0.2,Weak overlap: Pacific oyster (Crassostrea/Magallana gigas),https://ahuffmyer.github.io/posts/2026-05-31-sequim-bay-assessment.html,https://github.com/RobertsLab/paper-gigas-metaanalysis
June Goals and Daily Entries,10K-seed-Cgigas,0.2,Weak overlap: hardening,https://ahuffmyer.github.io/posts/2026-06-01-goals.html,https://github.com/RobertsLab/10K-seed-Cgigas
June Goals and Daily Entries,project-sc-RNAseq,0.2,Weak overlap: RNA-seq,https://ahuffmyer.github.io/posts/2026-06-01-goals.html,https://github.com/RobertsLab/project-sc-RNAseq
Analyzing Manchester project stress test survival data,project-gigas-conditioning,0.2,Weak overlap: Pacific oyster (Crassostrea/Magallana gigas),https://ahuffmyer.github.io/posts/2026-06-03-analyzing-manchester-stress-survival.html,https://github.com/RobertsLab/project-gigas-conditioning
Analyzing Manchester project stress test survival data,project-gigas-carryover,0.2,Weak overlap: Pacific oyster (Crassostrea/Magallana gigas),https://ahuffmyer.github.io/posts/2026-06-03-analyzing-manchester-stress-survival.html,https://github.com/RobertsLab/project-gigas-carryover
Analyzing Manchester project stress test survival data,pgc-edc-oyster,0.2,Weak overlap: Pacific oyster (Crassostrea/Magallana gigas),https://ahuffmyer.github.io/posts/2026-06-03-analyzing-manchester-stress-survival.html,https://github.com/RobertsLab/pgc-edc-oyster
Analyzing Manchester project stress test survival data,project-gigas-oa-meth,0.2,Weak overlap: Pacific oyster (Crassostrea/Magallana gigas),https://ahuffmyer.github.io/posts/2026-06-03-analyzing-manchester-stress-survival.html,https://github.com/RobertsLab/project-gigas-oa-meth
Analyzing Manchester project stress test survival data,project-gigas-ploidy-oa,0.2,Weak overlap: Pacific oyster (Crassostrea/Magallana gigas),https://ahuffmyer.github.io/posts/2026-06-03-analyzing-manchester-stress-survival.html,https://github.com/RobertsLab/project-gigas-ploidy-oa
Analyzing Manchester project stress test survival data,project-gigas_ploidy,0.2,Weak overlap: Pacific oyster (Crassostrea/Magallana gigas),https://ahuffmyer.github.io/posts/2026-06-03-analyzing-manchester-stress-survival.html,https://github.com/RobertsLab/project-gigas_ploidy
Analyzing Manchester project stress test survival data,paper-gigas-DNR-proteomics,0.2,Weak overlap: Pacific oyster (Crassostrea/Magallana gigas),https://ahuffmyer.github.io/posts/2026-06-03-analyzing-manchester-stress-survival.html,https://github.com/RobertsLab/paper-gigas-DNR-proteomics
Analyzing Manchester project stress test survival data,paper-gigas-metaanalysis,0.2,Weak overlap: Pacific oyster (Crassostrea/Magallana gigas),https://ahuffmyer.github.io/posts/2026-06-03-analyzing-manchester-stress-survival.html,https://github.com/RobertsLab/paper-gigas-metaanalysis
Starting a new round of seed hardening at Point Whitney - Week 1,project-gigas-conditioning,0.2,Weak overlap: Pacific oyster (Crassostrea/Magallana gigas),https://ahuffmyer.github.io/posts/2026-06-04-point-whitney-seed-hardening.html,https://github.com/RobertsLab/project-gigas-conditioning
Starting a new round of seed hardening at Point Whitney - Week 1,project-cod-temperature,0.2,Weak overlap: temperature,https://ahuffmyer.github.io/posts/2026-06-04-point-whitney-seed-hardening.html,https://github.com/RobertsLab/project-cod-temperature
Starting a new round of seed hardening at Point Whitney - Week 1,manchester-hardening,0.2,"Weak overlap: hardening, thermal",https://ahuffmyer.github.io/posts/2026-06-04-point-whitney-seed-hardening.html,https://github.com/RobertsLab/manchester-hardening
Starting a new round of seed hardening at Point Whitney - Week 1,project-gigas-carryover,0.2,Weak overlap: Pacific oyster (Crassostrea/Magallana gigas),https://ahuffmyer.github.io/posts/2026-06-04-point-whitney-seed-hardening.html,https://github.com/RobertsLab/project-gigas-carryover
Starting a new round of seed hardening at Point Whitney - Week 1,pgc-edc-oyster,0.2,Weak overlap: Pacific oyster (Crassostrea/Magallana gigas),https://ahuffmyer.github.io/posts/2026-06-04-point-whitney-seed-hardening.html,https://github.com/RobertsLab/pgc-edc-oyster
Starting a new round of seed hardening at Point Whitney - Week 1,project-gigas-oa-meth,0.2,Weak overlap: Pacific oyster (Crassostrea/Magallana gigas),https://ahuffmyer.github.io/posts/2026-06-04-point-whitney-seed-hardening.html,https://github.com/RobertsLab/project-gigas-oa-meth
Starting a new round of seed hardening at Point Whitney - Week 1,project-gigas-ploidy-oa,0.2,Weak overlap: Pacific oyster (Crassostrea/Magallana gigas),https://ahuffmyer.github.io/posts/2026-06-04-point-whitney-seed-hardening.html,https://github.com/RobertsLab/project-gigas-ploidy-oa
Starting a new round of seed hardening at Point Whitney - Week 1,project-gigas_ploidy,0.2,Weak overlap: Pacific oyster (Crassostrea/Magallana gigas),https://ahuffmyer.github.io/posts/2026-06-04-point-whitney-seed-hardening.html,https://github.com/RobertsLab/project-gigas_ploidy
Starting a new round of seed hardening at Point Whitney - Week 1,paper-hatchery-microbiome,0.2,Weak overlap: hatchery,https://ahuffmyer.github.io/posts/2026-06-04-point-whitney-seed-hardening.html,https://github.com/RobertsLab/paper-hatchery-microbiome
Starting a new round of seed hardening at Point Whitney - Week 1,paper-gigas-early-gametogenic-exposure,0.2,Weak overlap: Pacific oyster (Crassostrea/Magallana gigas),https://ahuffmyer.github.io/posts/2026-06-04-point-whitney-seed-hardening.html,https://github.com/RobertsLab/paper-gigas-early-gametogenic-exposure
Starting a new round of seed hardening at Point Whitney - Week 1,paper-gigas-DNR-proteomics,0.2,Weak overlap: Pacific oyster (Crassostrea/Magallana gigas),https://ahuffmyer.github.io/posts/2026-06-04-point-whitney-seed-hardening.html,https://github.com/RobertsLab/paper-gigas-DNR-proteomics
Starting a new round of seed hardening at Point Whitney - Week 1,paper-gigas-metaanalysis,0.2,Weak overlap: Pacific oyster (Crassostrea/Magallana gigas),https://ahuffmyer.github.io/posts/2026-06-04-point-whitney-seed-hardening.html,https://github.com/RobertsLab/paper-gigas-metaanalysis
Starting a new round of seed hardening on UW campus,project-gigas-conditioning,0.2,Weak overlap: Pacific oyster (Crassostrea/Magallana gigas),https://ahuffmyer.github.io/posts/2026-06-05-campus-seed-hardening.html,https://github.com/RobertsLab/project-gigas-conditioning
Starting a new round of seed hardening on UW campus,project-cod-temperature,0.2,Weak overlap: temperature,https://ahuffmyer.github.io/posts/2026-06-05-campus-seed-hardening.html,https://github.com/RobertsLab/project-cod-temperature
Starting a new round of seed hardening on UW campus,manchester-hardening,0.2,"Weak overlap: hardening, thermal",https://ahuffmyer.github.io/posts/2026-06-05-campus-seed-hardening.html,https://github.com/RobertsLab/manchester-hardening
Starting a new round of seed hardening on UW campus,project-gigas-carryover,0.2,Weak overlap: Pacific oyster (Crassostrea/Magallana gigas),https://ahuffmyer.github.io/posts/2026-06-05-campus-seed-hardening.html,https://github.com/RobertsLab/project-gigas-carryover
Starting a new round of seed hardening on UW campus,pgc-edc-oyster,0.2,Weak overlap: Pacific oyster (Crassostrea/Magallana gigas),https://ahuffmyer.github.io/posts/2026-06-05-campus-seed-hardening.html,https://github.com/RobertsLab/pgc-edc-oyster
Starting a new round of seed hardening on UW campus,project-gigas-oa-meth,0.2,Weak overlap: Pacific oyster (Crassostrea/Magallana gigas),https://ahuffmyer.github.io/posts/2026-06-05-campus-seed-hardening.html,https://github.com/RobertsLab/project-gigas-oa-meth
Starting a new round of seed hardening on UW campus,project-gigas-ploidy-oa,0.2,Weak overlap: Pacific oyster (Crassostrea/Magallana gigas),https://ahuffmyer.github.io/posts/2026-06-05-campus-seed-hardening.html,https://github.com/RobertsLab/project-gigas-ploidy-oa
Starting a new round of seed hardening on UW campus,project-gigas_ploidy,0.2,Weak overlap: Pacific oyster (Crassostrea/Magallana gigas),https://ahuffmyer.github.io/posts/2026-06-05-campus-seed-hardening.html,https://github.com/RobertsLab/project-gigas_ploidy
Starting a new round of seed hardening on UW campus,paper-gigas-early-gametogenic-exposure,0.2,Weak overlap: Pacific oyster (Crassostrea/Magallana gigas),https://ahuffmyer.github.io/posts/2026-06-05-campus-seed-hardening.html,https://github.com/RobertsLab/paper-gigas-early-gametogenic-exposure
Starting a new round of seed hardening on UW campus,paper-gigas-DNR-proteomics,0.2,Weak overlap: Pacific oyster (Crassostrea/Magallana gigas),https://ahuffmyer.github.io/posts/2026-06-05-campus-seed-hardening.html,https://github.com/RobertsLab/paper-gigas-DNR-proteomics
Starting a new round of seed hardening on UW campus,paper-gigas-metaanalysis,0.2,Weak overlap: Pacific oyster (Crassostrea/Magallana gigas),https://ahuffmyer.github.io/posts/2026-06-05-campus-seed-hardening.html,https://github.com/RobertsLab/paper-gigas-metaanalysis
Assessing oyster outplants at Baywater,project-gigas-conditioning,0.2,Weak overlap: Pacific oyster (Crassostrea/Magallana gigas),https://ahuffmyer.github.io/posts/2026-06-06-baywater-assessment.html,https://github.com/RobertsLab/project-gigas-conditioning
Assessing oyster outplants at Baywater,project-cod-temperature,0.2,Weak overlap: temperature,https://ahuffmyer.github.io/posts/2026-06-06-baywater-assessment.html,https://github.com/RobertsLab/project-cod-temperature
Assessing oyster outplants at Baywater,manchester-hardening,0.2,Weak overlap: hardening,https://ahuffmyer.github.io/posts/2026-06-06-baywater-assessment.html,https://github.com/RobertsLab/manchester-hardening
Assessing oyster outplants at Baywater,project-gigas-carryover,0.2,Weak overlap: Pacific oyster (Crassostrea/Magallana gigas),https://ahuffmyer.github.io/posts/2026-06-06-baywater-assessment.html,https://github.com/RobertsLab/project-gigas-carryover
Assessing oyster outplants at Baywater,pgc-edc-oyster,0.2,Weak overlap: Pacific oyster (Crassostrea/Magallana gigas),https://ahuffmyer.github.io/posts/2026-06-06-baywater-assessment.html,https://github.com/RobertsLab/pgc-edc-oyster
Assessing oyster outplants at Baywater,project-gigas-oa-meth,0.2,Weak overlap: Pacific oyster (Crassostrea/Magallana gigas),https://ahuffmyer.github.io/posts/2026-06-06-baywater-assessment.html,https://github.com/RobertsLab/project-gigas-oa-meth
Assessing oyster outplants at Baywater,project-gigas-ploidy-oa,0.2,Weak overlap: Pacific oyster (Crassostrea/Magallana gigas),https://ahuffmyer.github.io/posts/2026-06-06-baywater-assessment.html,https://github.com/RobertsLab/project-gigas-ploidy-oa
Assessing oyster outplants at Baywater,project-gigas_ploidy,0.2,Weak overlap: Pacific oyster (Crassostrea/Magallana gigas),https://ahuffmyer.github.io/posts/2026-06-06-baywater-assessment.html,https://github.com/RobertsLab/project-gigas_ploidy
Assessing oyster outplants at Baywater,paper-gigas-early-gametogenic-exposure,0.2,Weak overlap: Pacific oyster (Crassostrea/Magallana gigas),https://ahuffmyer.github.io/posts/2026-06-06-baywater-assessment.html,https://github.com/RobertsLab/paper-gigas-early-gametogenic-exposure
Assessing oyster outplants at Baywater,paper-gigas-DNR-proteomics,0.2,Weak overlap: Pacific oyster (Crassostrea/Magallana gigas),https://ahuffmyer.github.io/posts/2026-06-06-baywater-assessment.html,https://github.com/RobertsLab/paper-gigas-DNR-proteomics
Assessing oyster outplants at Baywater,paper-gigas-metaanalysis,0.2,Weak overlap: Pacific oyster (Crassostrea/Magallana gigas),https://ahuffmyer.github.io/posts/2026-06-06-baywater-assessment.html,https://github.com/RobertsLab/paper-gigas-metaanalysis
Week 2 of seed hardening at Point Whitney,project-cod-temperature,0.2,Weak overlap: temperature,https://ahuffmyer.github.io/posts/2026-06-08-point-whitney-seed-hardening.html,https://github.com/RobertsLab/project-cod-temperature
Week 2 of seed hardening at Point Whitney,manchester-hardening,0.2,"Weak overlap: hardening, thermal",https://ahuffmyer.github.io/posts/2026-06-08-point-whitney-seed-hardening.html,https://github.com/RobertsLab/manchester-hardening
Week 2 of seed hardening at Point Whitney,project-gigas-carryover,0.2,Weak overlap: Pacific oyster (Crassostrea/Magallana gigas),https://ahuffmyer.github.io/posts/2026-06-08-point-whitney-seed-hardening.html,https://github.com/RobertsLab/project-gigas-carryover
Week 2 of seed hardening at Point Whitney,pgc-edc-oyster,0.2,Weak overlap: Pacific oyster (Crassostrea/Magallana gigas),https://ahuffmyer.github.io/posts/2026-06-08-point-whitney-seed-hardening.html,https://github.com/RobertsLab/pgc-edc-oyster
Week 2 of seed hardening at Point Whitney,project-gigas-oa-meth,0.2,Weak overlap: Pacific oyster (Crassostrea/Magallana gigas),https://ahuffmyer.github.io/posts/2026-06-08-point-whitney-seed-hardening.html,https://github.com/RobertsLab/project-gigas-oa-meth
Week 2 of seed hardening at Point Whitney,project-gigas-ploidy-oa,0.2,Weak overlap: Pacific oyster (Crassostrea/Magallana gigas),https://ahuffmyer.github.io/posts/2026-06-08-point-whitney-seed-hardening.html,https://github.com/RobertsLab/project-gigas-ploidy-oa
Week 2 of seed hardening at Point Whitney,project-gigas_ploidy,0.2,Weak overlap: Pacific oyster (Crassostrea/Magallana gigas),https://ahuffmyer.github.io/posts/2026-06-08-point-whitney-seed-hardening.html,https://github.com/RobertsLab/project-gigas_ploidy
Week 2 of seed hardening at Point Whitney,paper-hatchery-microbiome,0.2,Weak overlap: hatchery,https://ahuffmyer.github.io/posts/2026-06-08-point-whitney-seed-hardening.html,https://github.com/RobertsLab/paper-hatchery-microbiome
Week 2 of seed hardening at Point Whitney,paper-gigas-early-gametogenic-exposure,0.2,Weak overlap: Pacific oyster (Crassostrea/Magallana gigas),https://ahuffmyer.github.io/posts/2026-06-08-point-whitney-seed-hardening.html,https://github.com/RobertsLab/paper-gigas-early-gametogenic-exposure
Week 2 of seed hardening at Point Whitney,paper-gigas-DNR-proteomics,0.2,Weak overlap: Pacific oyster (Crassostrea/Magallana gigas),https://ahuffmyer.github.io/posts/2026-06-08-point-whitney-seed-hardening.html,https://github.com/RobertsLab/paper-gigas-DNR-proteomics
Week 2 of seed hardening at Point Whitney,paper-gigas-metaanalysis,0.2,Weak overlap: Pacific oyster (Crassostrea/Magallana gigas),https://ahuffmyer.github.io/posts/2026-06-08-point-whitney-seed-hardening.html,https://github.com/RobertsLab/paper-gigas-metaanalysis
Mcapitata Early Life History Respirometry Protocol,polyIC-larvae,0.2,Weak overlap: larvae,https://ahuffmyer.github.io/ASH_Putnam_Lab_Notebook/Mcapitata-Early-Life-History-Respirometry-Protocol/,https://github.com/RobertsLab/polyIC-larvae
Mcapitata Early Life History Respirometry Protocol,project-cod-temperature,0.2,Weak overlap: temperature,https://ahuffmyer.github.io/ASH_Putnam_Lab_Notebook/Mcapitata-Early-Life-History-Respirometry-Protocol/,https://github.com/RobertsLab/project-cod-temperature
Mcapitata Early Life History Respirometry Protocol,project-gigas-oa-meth,0.2,Weak overlap: larvae,https://ahuffmyer.github.io/ASH_Putnam_Lab_Notebook/Mcapitata-Early-Life-History-Respirometry-Protocol/,https://github.com/RobertsLab/project-gigas-oa-meth
Mcapitata Early Life History Respirometry Protocol,project-pacific.oyster-larvae,0.2,Weak overlap: larvae,https://ahuffmyer.github.io/ASH_Putnam_Lab_Notebook/Mcapitata-Early-Life-History-Respirometry-Protocol/,https://github.com/RobertsLab/project-pacific.oyster-larvae
Mcapitata July 2020 Embryo Larvae Recruit Sampling,polyIC-larvae,0.2,Weak overlap: larvae,https://ahuffmyer.github.io/ASH_Putnam_Lab_Notebook/Mcapitata-July-2020-Embryo-Larvae-Recruit-Sampling/,https://github.com/RobertsLab/polyIC-larvae
Mcapitata July 2020 Embryo Larvae Recruit Sampling,project-gigas-oa-meth,0.2,Weak overlap: larvae,https://ahuffmyer.github.io/ASH_Putnam_Lab_Notebook/Mcapitata-July-2020-Embryo-Larvae-Recruit-Sampling/,https://github.com/RobertsLab/project-gigas-oa-meth
Mcapitata July 2020 Embryo Larvae Recruit Sampling,project-pacific.oyster-larvae,0.2,Weak overlap: larvae,https://ahuffmyer.github.io/ASH_Putnam_Lab_Notebook/Mcapitata-July-2020-Embryo-Larvae-Recruit-Sampling/,https://github.com/RobertsLab/project-pacific.oyster-larvae
Mcapitata July 2020 Sampling Protocol,polyIC-larvae,0.2,Weak overlap: larvae,https://ahuffmyer.github.io/ASH_Putnam_Lab_Notebook/Mcapitata-July-2020-Sampling-Protocol/,https://github.com/RobertsLab/polyIC-larvae
Mcapitata July 2020 Sampling Protocol,project-gigas-oa-meth,0.2,Weak overlap: larvae,https://ahuffmyer.github.io/ASH_Putnam_Lab_Notebook/Mcapitata-July-2020-Sampling-Protocol/,https://github.com/RobertsLab/project-gigas-oa-meth
Mcapitata July 2020 Sampling Protocol,project-pacific.oyster-larvae,0.2,Weak overlap: larvae,https://ahuffmyer.github.io/ASH_Putnam_Lab_Notebook/Mcapitata-July-2020-Sampling-Protocol/,https://github.com/RobertsLab/project-pacific.oyster-larvae
Mcapitata Larval Rearing and Settlement July 2020,polyIC-larvae,0.2,Weak overlap: larvae,https://ahuffmyer.github.io/ASH_Putnam_Lab_Notebook/Mcapitata-Larval-Rearing-and-Settlement-July-2020/,https://github.com/RobertsLab/polyIC-larvae
Mcapitata Larval Rearing and Settlement July 2020,project-cod-temperature,0.2,Weak overlap: temperature,https://ahuffmyer.github.io/ASH_Putnam_Lab_Notebook/Mcapitata-Larval-Rearing-and-Settlement-July-2020/,https://github.com/RobertsLab/project-cod-temperature
Mcapitata Larval Rearing and Settlement July 2020,project-gigas-oa-meth,0.2,Weak overlap: larvae,https://ahuffmyer.github.io/ASH_Putnam_Lab_Notebook/Mcapitata-Larval-Rearing-and-Settlement-July-2020/,https://github.com/RobertsLab/project-gigas-oa-meth
Mcapitata Larval Rearing and Settlement July 2020,project-pacific.oyster-larvae,0.2,Weak overlap: larvae,https://ahuffmyer.github.io/ASH_Putnam_Lab_Notebook/Mcapitata-Larval-Rearing-and-Settlement-July-2020/,https://github.com/RobertsLab/project-pacific.oyster-larvae
Mcapitata Spawning and Fertilization July 2020,project-cod-temperature,0.2,Weak overlap: temperature,https://ahuffmyer.github.io/ASH_Putnam_Lab_Notebook/Mcapitata-Spawning-and-Fertilization-July-2020/,https://github.com/RobertsLab/project-cod-temperature
Mcapitata Respiration and Photosynthesis Early Life History July 2020,polyIC-larvae,0.2,Weak overlap: larvae,https://ahuffmyer.github.io/ASH_Putnam_Lab_Notebook/Mcapitata-Respiration-and-Photosynthesis-Early-Life-History-July-2020/,https://github.com/RobertsLab/polyIC-larvae
Mcapitata Respiration and Photosynthesis Early Life History July 2020,project-cod-temperature,0.2,Weak overlap: temperature,https://ahuffmyer.github.io/ASH_Putnam_Lab_Notebook/Mcapitata-Respiration-and-Photosynthesis-Early-Life-History-July-2020/,https://github.com/RobertsLab/project-cod-temperature
Mcapitata Respiration and Photosynthesis Early Life History July 2020,project-gigas-oa-meth,0.2,Weak overlap: larvae,https://ahuffmyer.github.io/ASH_Putnam_Lab_Notebook/Mcapitata-Respiration-and-Photosynthesis-Early-Life-History-July-2020/,https://github.com/RobertsLab/project-gigas-oa-meth
Mcapitata Respiration and Photosynthesis Early Life History July 2020,project-pacific.oyster-larvae,0.2,Weak overlap: larvae,https://ahuffmyer.github.io/ASH_Putnam_Lab_Notebook/Mcapitata-Respiration-and-Photosynthesis-Early-Life-History-July-2020/,https://github.com/RobertsLab/project-pacific.oyster-larvae
Ahyacinthus Early Life History Respirometry,polyIC-larvae,0.2,Weak overlap: larvae,https://ahuffmyer.github.io/ASH_Putnam_Lab_Notebook/Ahyacinthus-Early-Life-History-Respirometry/,https://github.com/RobertsLab/polyIC-larvae
Ahyacinthus Early Life History Respirometry,project-cod-temperature,0.2,Weak overlap: temperature,https://ahuffmyer.github.io/ASH_Putnam_Lab_Notebook/Ahyacinthus-Early-Life-History-Respirometry/,https://github.com/RobertsLab/project-cod-temperature
Ahyacinthus Early Life History Respirometry,project-gigas-oa-meth,0.2,Weak overlap: larvae,https://ahuffmyer.github.io/ASH_Putnam_Lab_Notebook/Ahyacinthus-Early-Life-History-Respirometry/,https://github.com/RobertsLab/project-gigas-oa-meth
Ahyacinthus Early Life History Respirometry,project-pacific.oyster-larvae,0.2,Weak overlap: larvae,https://ahuffmyer.github.io/ASH_Putnam_Lab_Notebook/Ahyacinthus-Early-Life-History-Respirometry/,https://github.com/RobertsLab/project-pacific.oyster-larvae
Mcapitata Baseline Sampling June 2021,polyIC-larvae,0.2,Weak overlap: larvae,https://ahuffmyer.github.io/ASH_Putnam_Lab_Notebook/Mcapitata-Baseline-Sampling-June-2021/,https://github.com/RobertsLab/polyIC-larvae
Mcapitata Baseline Sampling June 2021,project-cod-temperature,0.2,Weak overlap: temperature,https://ahuffmyer.github.io/ASH_Putnam_Lab_Notebook/Mcapitata-Baseline-Sampling-June-2021/,https://github.com/RobertsLab/project-cod-temperature
Mcapitata Baseline Sampling June 2021,project-gigas-oa-meth,0.2,Weak overlap: larvae,https://ahuffmyer.github.io/ASH_Putnam_Lab_Notebook/Mcapitata-Baseline-Sampling-June-2021/,https://github.com/RobertsLab/project-gigas-oa-meth
Mcapitata Baseline Sampling June 2021,project-pacific.oyster-larvae,0.2,Weak overlap: larvae,https://ahuffmyer.github.io/ASH_Putnam_Lab_Notebook/Mcapitata-Baseline-Sampling-June-2021/,https://github.com/RobertsLab/project-pacific.oyster-larvae
Mcapitata Culture Maintenance June 2021,polyIC-larvae,0.2,Weak overlap: larvae,https://ahuffmyer.github.io/ASH_Putnam_Lab_Notebook/Mcapitata-Culture-Maintenance-June-2021/,https://github.com/RobertsLab/polyIC-larvae
Mcapitata Culture Maintenance June 2021,project-cod-temperature,0.2,Weak overlap: temperature,https://ahuffmyer.github.io/ASH_Putnam_Lab_Notebook/Mcapitata-Culture-Maintenance-June-2021/,https://github.com/RobertsLab/project-cod-temperature
Mcapitata Culture Maintenance June 2021,project-gigas-oa-meth,0.2,Weak overlap: larvae,https://ahuffmyer.github.io/ASH_Putnam_Lab_Notebook/Mcapitata-Culture-Maintenance-June-2021/,https://github.com/RobertsLab/project-gigas-oa-meth
Mcapitata Culture Maintenance June 2021,project-pacific.oyster-larvae,0.2,Weak overlap: larvae,https://ahuffmyer.github.io/ASH_Putnam_Lab_Notebook/Mcapitata-Culture-Maintenance-June-2021/,https://github.com/RobertsLab/project-pacific.oyster-larvae
Mcapitata Equipment Setup 2021,project-cod-temperature,0.2,Weak overlap: temperature,https://ahuffmyer.github.io/ASH_Putnam_Lab_Notebook/Mcapitata-Equipment-Setup-2021/,https://github.com/RobertsLab/project-cod-temperature
Mcapitata Sampling and Data Collection June 2021,polyIC-larvae,0.2,Weak overlap: larvae,https://ahuffmyer.github.io/ASH_Putnam_Lab_Notebook/Mcapitata-Sampling-and-Data-Collection-June-2021/,https://github.com/RobertsLab/polyIC-larvae
Mcapitata Sampling and Data Collection June 2021,project-cod-temperature,0.2,Weak overlap: temperature,https://ahuffmyer.github.io/ASH_Putnam_Lab_Notebook/Mcapitata-Sampling-and-Data-Collection-June-2021/,https://github.com/RobertsLab/project-cod-temperature
Mcapitata Sampling and Data Collection June 2021,project-gigas-oa-meth,0.2,Weak overlap: larvae,https://ahuffmyer.github.io/ASH_Putnam_Lab_Notebook/Mcapitata-Sampling-and-Data-Collection-June-2021/,https://github.com/RobertsLab/project-gigas-oa-meth
Mcapitata Sampling and Data Collection June 2021,project-pacific.oyster-larvae,0.2,Weak overlap: larvae,https://ahuffmyer.github.io/ASH_Putnam_Lab_Notebook/Mcapitata-Sampling-and-Data-Collection-June-2021/,https://github.com/RobertsLab/project-pacific.oyster-larvae
Mcapitata Spawning and Fertilization June 2021,polyIC-larvae,0.2,Weak overlap: larvae,https://ahuffmyer.github.io/ASH_Putnam_Lab_Notebook/Mcapitata-Spawning-and-Fertilization-June-2021/,https://github.com/RobertsLab/polyIC-larvae
Mcapitata Spawning and Fertilization June 2021,project-cod-temperature,0.2,Weak overlap: temperature,https://ahuffmyer.github.io/ASH_Putnam_Lab_Notebook/Mcapitata-Spawning-and-Fertilization-June-2021/,https://github.com/RobertsLab/project-cod-temperature
Mcapitata Spawning and Fertilization June 2021,project-gigas-oa-meth,0.2,Weak overlap: larvae,https://ahuffmyer.github.io/ASH_Putnam_Lab_Notebook/Mcapitata-Spawning-and-Fertilization-June-2021/,https://github.com/RobertsLab/project-gigas-oa-meth
Mcapitata Spawning and Fertilization June 2021,project-pacific.oyster-larvae,0.2,Weak overlap: larvae,https://ahuffmyer.github.io/ASH_Putnam_Lab_Notebook/Mcapitata-Spawning-and-Fertilization-June-2021/,https://github.com/RobertsLab/project-pacific.oyster-larvae
Mcapitata Survival and Experiment Maintenance June 2021,polyIC-larvae,0.2,Weak overlap: larvae,https://ahuffmyer.github.io/ASH_Putnam_Lab_Notebook/Mcapitata-Survival-and-Experiment-Maintenance-June-2021/,https://github.com/RobertsLab/polyIC-larvae
Mcapitata Survival and Experiment Maintenance June 2021,project-cod-temperature,0.2,Weak overlap: temperature,https://ahuffmyer.github.io/ASH_Putnam_Lab_Notebook/Mcapitata-Survival-and-Experiment-Maintenance-June-2021/,https://github.com/RobertsLab/project-cod-temperature
Mcapitata Survival and Experiment Maintenance June 2021,project-gigas-oa-meth,0.2,Weak overlap: larvae,https://ahuffmyer.github.io/ASH_Putnam_Lab_Notebook/Mcapitata-Survival-and-Experiment-Maintenance-June-2021/,https://github.com/RobertsLab/project-gigas-oa-meth
Mcapitata Survival and Experiment Maintenance June 2021,project-pacific.oyster-larvae,0.2,Weak overlap: larvae,https://ahuffmyer.github.io/ASH_Putnam_Lab_Notebook/Mcapitata-Survival-and-Experiment-Maintenance-June-2021/,https://github.com/RobertsLab/project-pacific.oyster-larvae
Mcapitata Temperature Exposure and Design June 2021,polyIC-larvae,0.2,Weak overlap: larvae,https://ahuffmyer.github.io/ASH_Putnam_Lab_Notebook/Mcapitata-Temperature-Exposure-and-Design-June-2021/,https://github.com/RobertsLab/polyIC-larvae
Mcapitata Temperature Exposure and Design June 2021,project-cod-temperature,0.2,Weak overlap: temperature,https://ahuffmyer.github.io/ASH_Putnam_Lab_Notebook/Mcapitata-Temperature-Exposure-and-Design-June-2021/,https://github.com/RobertsLab/project-cod-temperature
Mcapitata Temperature Exposure and Design June 2021,project-gigas-oa-meth,0.2,Weak overlap: larvae,https://ahuffmyer.github.io/ASH_Putnam_Lab_Notebook/Mcapitata-Temperature-Exposure-and-Design-June-2021/,https://github.com/RobertsLab/project-gigas-oa-meth
Mcapitata Temperature Exposure and Design June 2021,project-pacific.oyster-larvae,0.2,Weak overlap: larvae,https://ahuffmyer.github.io/ASH_Putnam_Lab_Notebook/Mcapitata-Temperature-Exposure-and-Design-June-2021/,https://github.com/RobertsLab/project-pacific.oyster-larvae
Isotope Time Series Data Collection June 2021,polyIC-larvae,0.2,Weak overlap: larvae,https://ahuffmyer.github.io/ASH_Putnam_Lab_Notebook/Isotope-Time-Series-Data-Collection-June-2021/,https://github.com/RobertsLab/polyIC-larvae
Isotope Time Series Data Collection June 2021,project-cod-temperature,0.2,Weak overlap: temperature,https://ahuffmyer.github.io/ASH_Putnam_Lab_Notebook/Isotope-Time-Series-Data-Collection-June-2021/,https://github.com/RobertsLab/project-cod-temperature
Isotope Time Series Data Collection June 2021,project-gigas-oa-meth,0.2,Weak overlap: larvae,https://ahuffmyer.github.io/ASH_Putnam_Lab_Notebook/Isotope-Time-Series-Data-Collection-June-2021/,https://github.com/RobertsLab/project-gigas-oa-meth
Isotope Time Series Data Collection June 2021,project-pacific.oyster-larvae,0.2,Weak overlap: larvae,https://ahuffmyer.github.io/ASH_Putnam_Lab_Notebook/Isotope-Time-Series-Data-Collection-June-2021/,https://github.com/RobertsLab/project-pacific.oyster-larvae
Larval Settlement Mcapitata June 2021,polyIC-larvae,0.2,Weak overlap: larvae,https://ahuffmyer.github.io/ASH_Putnam_Lab_Notebook/Larval-Settlement-Mcapitata-June-2021/,https://github.com/RobertsLab/polyIC-larvae
Larval Settlement Mcapitata June 2021,project-cod-temperature,0.2,Weak overlap: temperature,https://ahuffmyer.github.io/ASH_Putnam_Lab_Notebook/Larval-Settlement-Mcapitata-June-2021/,https://github.com/RobertsLab/project-cod-temperature
Larval Settlement Mcapitata June 2021,project-gigas-oa-meth,0.2,Weak overlap: larvae,https://ahuffmyer.github.io/ASH_Putnam_Lab_Notebook/Larval-Settlement-Mcapitata-June-2021/,https://github.com/RobertsLab/project-gigas-oa-meth
Larval Settlement Mcapitata June 2021,project-pacific.oyster-larvae,0.2,Weak overlap: larvae,https://ahuffmyer.github.io/ASH_Putnam_Lab_Notebook/Larval-Settlement-Mcapitata-June-2021/,https://github.com/RobertsLab/project-pacific.oyster-larvae
Pocillopora Larval Collection June 2021,polyIC-larvae,0.2,Weak overlap: larvae,https://ahuffmyer.github.io/ASH_Putnam_Lab_Notebook/Pocillopora-Larval-Collection-June-2021/,https://github.com/RobertsLab/polyIC-larvae
Pocillopora Larval Collection June 2021,project-cod-temperature,0.2,Weak overlap: temperature,https://ahuffmyer.github.io/ASH_Putnam_Lab_Notebook/Pocillopora-Larval-Collection-June-2021/,https://github.com/RobertsLab/project-cod-temperature
Pocillopora Larval Collection June 2021,project-gigas-oa-meth,0.2,Weak overlap: larvae,https://ahuffmyer.github.io/ASH_Putnam_Lab_Notebook/Pocillopora-Larval-Collection-June-2021/,https://github.com/RobertsLab/project-gigas-oa-meth
Pocillopora Larval Collection June 2021,project-pacific.oyster-larvae,0.2,Weak overlap: larvae,https://ahuffmyer.github.io/ASH_Putnam_Lab_Notebook/Pocillopora-Larval-Collection-June-2021/,https://github.com/RobertsLab/project-pacific.oyster-larvae
November 2021 Goals,project-gigas-conditioning,0.2,Weak overlap: conditioning,https://ahuffmyer.github.io/ASH_Putnam_Lab_Notebook/November-2021-Goals/,https://github.com/RobertsLab/project-gigas-conditioning
Metabolomics WGCNA Analysis Part 1,polyIC-larvae,0.2,Weak overlap: larvae,https://ahuffmyer.github.io/ASH_Putnam_Lab_Notebook/Metabolomics-WGCNA-Analysis-Part-1/,https://github.com/RobertsLab/polyIC-larvae
Metabolomics WGCNA Analysis Part 1,project-gigas-oa-meth,0.2,Weak overlap: larvae,https://ahuffmyer.github.io/ASH_Putnam_Lab_Notebook/Metabolomics-WGCNA-Analysis-Part-1/,https://github.com/RobertsLab/project-gigas-oa-meth
Metabolomics WGCNA Analysis Part 1,project-pacific.oyster-larvae,0.2,Weak overlap: larvae,https://ahuffmyer.github.io/ASH_Putnam_Lab_Notebook/Metabolomics-WGCNA-Analysis-Part-1/,https://github.com/RobertsLab/project-pacific.oyster-larvae
E5 Environmental Timeseries Analysis Part 1,project-cod-temperature,0.2,Weak overlap: temperature,https://ahuffmyer.github.io/ASH_Putnam_Lab_Notebook/E5-Environmental-Timeseries-Analysis-Part-1/,https://github.com/RobertsLab/project-cod-temperature
E5 Environmental Timeseries Analysis Part 2,project-cod-temperature,0.2,Weak overlap: temperature,https://ahuffmyer.github.io/ASH_Putnam_Lab_Notebook/E5-Environmental-Timeseries-Analysis-Part-2/,https://github.com/RobertsLab/project-cod-temperature
E5 Environmental Timeseries Analysis Part 3,project-cod-temperature,0.2,Weak overlap: temperature,https://ahuffmyer.github.io/ASH_Putnam_Lab_Notebook/E5-Environmental-Timeseries-Analysis-Part-3/,https://github.com/RobertsLab/project-cod-temperature
December 2021 Goals,project-gigas-conditioning,0.2,Weak overlap: conditioning,https://ahuffmyer.github.io/ASH_Putnam_Lab_Notebook/December-2021-Goals/,https://github.com/RobertsLab/project-gigas-conditioning
December 2021 Goals,project-cod-temperature,0.2,Weak overlap: temperature,https://ahuffmyer.github.io/ASH_Putnam_Lab_Notebook/December-2021-Goals/,https://github.com/RobertsLab/project-cod-temperature
December 2021 Goals,manchester-hardening,0.2,Weak overlap: thermal,https://ahuffmyer.github.io/ASH_Putnam_Lab_Notebook/December-2021-Goals/,https://github.com/RobertsLab/manchester-hardening
Pocillopora acuta Symbiont Integration Moorea December 2021,polyIC-larvae,0.2,Weak overlap: larvae,https://ahuffmyer.github.io/ASH_Putnam_Lab_Notebook/Pocillopora-acuta-Symbiont-Integration-Moorea-December-2021/,https://github.com/RobertsLab/polyIC-larvae
Pocillopora acuta Symbiont Integration Moorea December 2021,project-cod-temperature,0.2,Weak overlap: temperature,https://ahuffmyer.github.io/ASH_Putnam_Lab_Notebook/Pocillopora-acuta-Symbiont-Integration-Moorea-December-2021/,https://github.com/RobertsLab/project-cod-temperature
Pocillopora acuta Symbiont Integration Moorea December 2021,manchester-hardening,0.2,Weak overlap: thermal,https://ahuffmyer.github.io/ASH_Putnam_Lab_Notebook/Pocillopora-acuta-Symbiont-Integration-Moorea-December-2021/,https://github.com/RobertsLab/manchester-hardening
Pocillopora acuta Symbiont Integration Moorea December 2021,project-gigas-oa-meth,0.2,Weak overlap: larvae,https://ahuffmyer.github.io/ASH_Putnam_Lab_Notebook/Pocillopora-acuta-Symbiont-Integration-Moorea-December-2021/,https://github.com/RobertsLab/project-gigas-oa-meth
Pocillopora acuta Symbiont Integration Moorea December 2021,project-pacific.oyster-larvae,0.2,Weak overlap: larvae,https://ahuffmyer.github.io/ASH_Putnam_Lab_Notebook/Pocillopora-acuta-Symbiont-Integration-Moorea-December-2021/,https://github.com/RobertsLab/project-pacific.oyster-larvae
Mcapitata Development 16S Analysis in QIIME2 (Part 3),project-eDNA-yellow,0.2,Weak overlap: Metabarcoding / eDNA / taxonomy,https://ahuffmyer.github.io/ASH_Putnam_Lab_Notebook/Mcapitata-Development-16S-Analysis-Part-3/,https://github.com/RobertsLab/project-eDNA-yellow
Mcapitata Development 16S Analysis in QIIME2 (Part 3),laby-18s,0.2,Weak overlap: Metabarcoding / eDNA / taxonomy,https://ahuffmyer.github.io/ASH_Putnam_Lab_Notebook/Mcapitata-Development-16S-Analysis-Part-3/,https://github.com/RobertsLab/laby-18s
January 2022 Goals,project-gigas-conditioning,0.2,Weak overlap: conditioning,https://ahuffmyer.github.io/ASH_Putnam_Lab_Notebook/January-2022-Goals/,https://github.com/RobertsLab/project-gigas-conditioning
January 2022 Goals,project-cod-temperature,0.2,Weak overlap: temperature,https://ahuffmyer.github.io/ASH_Putnam_Lab_Notebook/January-2022-Goals/,https://github.com/RobertsLab/project-cod-temperature
January 2022 Goals,manchester-hardening,0.2,Weak overlap: thermal,https://ahuffmyer.github.io/ASH_Putnam_Lab_Notebook/January-2022-Goals/,https://github.com/RobertsLab/manchester-hardening
16S Pipeline in Mothur,project-eDNA-yellow,0.2,Weak overlap: Metabarcoding / eDNA / taxonomy,https://ahuffmyer.github.io/ASH_Putnam_Lab_Notebook/16S-Analysis-in-Mothr-Part-1/,https://github.com/RobertsLab/project-eDNA-yellow
16S Pipeline in Mothur,laby-18s,0.2,Weak overlap: Metabarcoding / eDNA / taxonomy,https://ahuffmyer.github.io/ASH_Putnam_Lab_Notebook/16S-Analysis-in-Mothr-Part-1/,https://github.com/RobertsLab/laby-18s
Metabolomics WGCNA Analysis Part 2,polyIC-larvae,0.2,Weak overlap: larvae,https://ahuffmyer.github.io/ASH_Putnam_Lab_Notebook/Metabolomics-WGCNA-Analysis-Part-2/,https://github.com/RobertsLab/polyIC-larvae
Metabolomics WGCNA Analysis Part 2,project-gigas-oa-meth,0.2,Weak overlap: larvae,https://ahuffmyer.github.io/ASH_Putnam_Lab_Notebook/Metabolomics-WGCNA-Analysis-Part-2/,https://github.com/RobertsLab/project-gigas-oa-meth
Metabolomics WGCNA Analysis Part 2,project-pacific.oyster-larvae,0.2,Weak overlap: larvae,https://ahuffmyer.github.io/ASH_Putnam_Lab_Notebook/Metabolomics-WGCNA-Analysis-Part-2/,https://github.com/RobertsLab/project-pacific.oyster-larvae
Analyzing 16S Mothur Results in R,project-eDNA-yellow,0.2,Weak overlap: Metabarcoding / eDNA / taxonomy,https://ahuffmyer.github.io/ASH_Putnam_Lab_Notebook/Analyzing-16S-Mothur-Results-in-R/,https://github.com/RobertsLab/project-eDNA-yellow
Analyzing 16S Mothur Results in R,laby-18s,0.2,Weak overlap: Metabarcoding / eDNA / taxonomy,https://ahuffmyer.github.io/ASH_Putnam_Lab_Notebook/Analyzing-16S-Mothur-Results-in-R/,https://github.com/RobertsLab/laby-18s
February 2022 Goals,project-gigas-conditioning,0.2,Weak overlap: conditioning,https://ahuffmyer.github.io/ASH_Putnam_Lab_Notebook/February-2022-Goals/,https://github.com/RobertsLab/project-gigas-conditioning
February 2022 Goals,project-cod-temperature,0.2,Weak overlap: temperature,https://ahuffmyer.github.io/ASH_Putnam_Lab_Notebook/February-2022-Goals/,https://github.com/RobertsLab/project-cod-temperature
February 2022 Goals,manchester-hardening,0.2,Weak overlap: thermal,https://ahuffmyer.github.io/ASH_Putnam_Lab_Notebook/February-2022-Goals/,https://github.com/RobertsLab/manchester-hardening
Comparing TagSeq between genome assembly V1 and V2,project-lake-trout,0.2,Weak overlap: genome,https://ahuffmyer.github.io/ASH_Putnam_Lab_Notebook/Comparing-TagSeq-between-genome-assembly-V1-and-V2/,https://github.com/RobertsLab/project-lake-trout
Comparing TagSeq between genome assembly V1 and V2,duck-genome-viz,0.2,Weak overlap: genome,https://ahuffmyer.github.io/ASH_Putnam_Lab_Notebook/Comparing-TagSeq-between-genome-assembly-V1-and-V2/,https://github.com/RobertsLab/duck-genome-viz
Comparing TagSeq between genome assembly V1 and V2,project-geoduck-genome,0.2,Weak overlap: genome,https://ahuffmyer.github.io/ASH_Putnam_Lab_Notebook/Comparing-TagSeq-between-genome-assembly-V1-and-V2/,https://github.com/RobertsLab/project-geoduck-genome
Carbohydrates Protocol,polyIC-larvae,0.2,Weak overlap: larvae,https://ahuffmyer.github.io/ASH_Putnam_Lab_Notebook/Carbohydrates-Protocol/,https://github.com/RobertsLab/polyIC-larvae
Carbohydrates Protocol,project-cod-temperature,0.2,Weak overlap: temperature,https://ahuffmyer.github.io/ASH_Putnam_Lab_Notebook/Carbohydrates-Protocol/,https://github.com/RobertsLab/project-cod-temperature
Carbohydrates Protocol,project-gigas-oa-meth,0.2,Weak overlap: larvae,https://ahuffmyer.github.io/ASH_Putnam_Lab_Notebook/Carbohydrates-Protocol/,https://github.com/RobertsLab/project-gigas-oa-meth
Carbohydrates Protocol,project-pacific.oyster-larvae,0.2,Weak overlap: larvae,https://ahuffmyer.github.io/ASH_Putnam_Lab_Notebook/Carbohydrates-Protocol/,https://github.com/RobertsLab/project-pacific.oyster-larvae
Montipora capitata 2021 larval temperature experiment sample processing,polyIC-larvae,0.2,Weak overlap: larvae,https://ahuffmyer.github.io/ASH_Putnam_Lab_Notebook/Montipora-capitata-2021-larval-temperature-experiment-sample-processing/,https://github.com/RobertsLab/polyIC-larvae
Montipora capitata 2021 larval temperature experiment sample processing,project-cod-temperature,0.2,Weak overlap: temperature,https://ahuffmyer.github.io/ASH_Putnam_Lab_Notebook/Montipora-capitata-2021-larval-temperature-experiment-sample-processing/,https://github.com/RobertsLab/project-cod-temperature
Montipora capitata 2021 larval temperature experiment sample processing,manchester-hardening,0.2,Weak overlap: thermal,https://ahuffmyer.github.io/ASH_Putnam_Lab_Notebook/Montipora-capitata-2021-larval-temperature-experiment-sample-processing/,https://github.com/RobertsLab/manchester-hardening
Montipora capitata 2021 larval temperature experiment sample processing,project-gigas-oa-meth,0.2,Weak overlap: larvae,https://ahuffmyer.github.io/ASH_Putnam_Lab_Notebook/Montipora-capitata-2021-larval-temperature-experiment-sample-processing/,https://github.com/RobertsLab/project-gigas-oa-meth
Montipora capitata 2021 larval temperature experiment sample processing,project-pacific.oyster-larvae,0.2,Weak overlap: larvae,https://ahuffmyer.github.io/ASH_Putnam_Lab_Notebook/Montipora-capitata-2021-larval-temperature-experiment-sample-processing/,https://github.com/RobertsLab/project-pacific.oyster-larvae
Larval Size Photographs Protocol,polyIC-larvae,0.2,Weak overlap: larvae,https://ahuffmyer.github.io/ASH_Putnam_Lab_Notebook/Larval-Size-Photographs-Protocol/,https://github.com/RobertsLab/polyIC-larvae
Larval Size Photographs Protocol,project-gigas-oa-meth,0.2,Weak overlap: larvae,https://ahuffmyer.github.io/ASH_Putnam_Lab_Notebook/Larval-Size-Photographs-Protocol/,https://github.com/RobertsLab/project-gigas-oa-meth
Larval Size Photographs Protocol,project-pacific.oyster-larvae,0.2,Weak overlap: larvae,https://ahuffmyer.github.io/ASH_Putnam_Lab_Notebook/Larval-Size-Photographs-Protocol/,https://github.com/RobertsLab/project-pacific.oyster-larvae
Multi-Omic Integration Analysis Part 1,polyIC-larvae,0.2,Weak overlap: larvae,https://ahuffmyer.github.io/ASH_Putnam_Lab_Notebook/Multi-Omic-Integration-Analysis-Part-1/,https://github.com/RobertsLab/polyIC-larvae
Multi-Omic Integration Analysis Part 1,project-gigas-oa-meth,0.2,Weak overlap: larvae,https://ahuffmyer.github.io/ASH_Putnam_Lab_Notebook/Multi-Omic-Integration-Analysis-Part-1/,https://github.com/RobertsLab/project-gigas-oa-meth
Multi-Omic Integration Analysis Part 1,project-pacific.oyster-larvae,0.2,Weak overlap: larvae,https://ahuffmyer.github.io/ASH_Putnam_Lab_Notebook/Multi-Omic-Integration-Analysis-Part-1/,https://github.com/RobertsLab/project-pacific.oyster-larvae
May 2022 Goals,manchester-hardening,0.2,Weak overlap: thermal,https://ahuffmyer.github.io/ASH_Putnam_Lab_Notebook/May-2022-Goals/,https://github.com/RobertsLab/manchester-hardening
June 2022 Goals,manchester-hardening,0.2,Weak overlap: thermal,https://ahuffmyer.github.io/ASH_Putnam_Lab_Notebook/June-2022-Goals/,https://github.com/RobertsLab/manchester-hardening
SDR Microplate Respirometry Protocol,polyIC-larvae,0.2,Weak overlap: larvae,https://ahuffmyer.github.io/ASH_Putnam_Lab_Notebook/SDR-Microplate-Respirometry-Protocol/,https://github.com/RobertsLab/polyIC-larvae
SDR Microplate Respirometry Protocol,project-cod-temperature,0.2,Weak overlap: temperature,https://ahuffmyer.github.io/ASH_Putnam_Lab_Notebook/SDR-Microplate-Respirometry-Protocol/,https://github.com/RobertsLab/project-cod-temperature
SDR Microplate Respirometry Protocol,project-gigas-oa-meth,0.2,Weak overlap: larvae,https://ahuffmyer.github.io/ASH_Putnam_Lab_Notebook/SDR-Microplate-Respirometry-Protocol/,https://github.com/RobertsLab/project-gigas-oa-meth
SDR Microplate Respirometry Protocol,project-pacific.oyster-larvae,0.2,Weak overlap: larvae,https://ahuffmyer.github.io/ASH_Putnam_Lab_Notebook/SDR-Microplate-Respirometry-Protocol/,https://github.com/RobertsLab/project-pacific.oyster-larvae
Stable Isotope Metabolomics Larval Protocol,polyIC-larvae,0.2,Weak overlap: larvae,https://ahuffmyer.github.io/ASH_Putnam_Lab_Notebook/Stable-Isotope-Metabolomics-Larval-Protocol/,https://github.com/RobertsLab/polyIC-larvae
Stable Isotope Metabolomics Larval Protocol,project-cod-temperature,0.2,Weak overlap: temperature,https://ahuffmyer.github.io/ASH_Putnam_Lab_Notebook/Stable-Isotope-Metabolomics-Larval-Protocol/,https://github.com/RobertsLab/project-cod-temperature
Stable Isotope Metabolomics Larval Protocol,project-gigas-oa-meth,0.2,Weak overlap: larvae,https://ahuffmyer.github.io/ASH_Putnam_Lab_Notebook/Stable-Isotope-Metabolomics-Larval-Protocol/,https://github.com/RobertsLab/project-gigas-oa-meth
Stable Isotope Metabolomics Larval Protocol,project-pacific.oyster-larvae,0.2,Weak overlap: larvae,https://ahuffmyer.github.io/ASH_Putnam_Lab_Notebook/Stable-Isotope-Metabolomics-Larval-Protocol/,https://github.com/RobertsLab/project-pacific.oyster-larvae
Montipora capitata spawning and larval rearing protocol,polyIC-larvae,0.2,Weak overlap: larvae,https://ahuffmyer.github.io/ASH_Putnam_Lab_Notebook/Montipora-capitata-spawning-and-larval-rearing-protocol/,https://github.com/RobertsLab/polyIC-larvae
Montipora capitata spawning and larval rearing protocol,project-gigas-oa-meth,0.2,Weak overlap: larvae,https://ahuffmyer.github.io/ASH_Putnam_Lab_Notebook/Montipora-capitata-spawning-and-larval-rearing-protocol/,https://github.com/RobertsLab/project-gigas-oa-meth
Montipora capitata spawning and larval rearing protocol,project-pacific.oyster-larvae,0.2,Weak overlap: larvae,https://ahuffmyer.github.io/ASH_Putnam_Lab_Notebook/Montipora-capitata-spawning-and-larval-rearing-protocol/,https://github.com/RobertsLab/project-pacific.oyster-larvae
August 2022 Goals,project-cod-temperature,0.2,Weak overlap: temperature,https://ahuffmyer.github.io/ASH_Putnam_Lab_Notebook/August-2022-Goals/,https://github.com/RobertsLab/project-cod-temperature
E5 Multivariate Physiological Plasticity Analysis,project-cod-temperature,0.2,Weak overlap: temperature,https://ahuffmyer.github.io/ASH_Putnam_Lab_Notebook/E5-Multivariate-Physiological-Plasticity-Analysis/,https://github.com/RobertsLab/project-cod-temperature
Moorea 2022 Coral Spawning and Field Expedition Daily Entry,polyIC-larvae,0.2,Weak overlap: larvae,https://ahuffmyer.github.io/ASH_Putnam_Lab_Notebook/Moorea-2022-Coral-Spawning-and-Field-Expedition-Daily-Entry/,https://github.com/RobertsLab/polyIC-larvae
Moorea 2022 Coral Spawning and Field Expedition Daily Entry,project-cod-temperature,0.2,Weak overlap: temperature,https://ahuffmyer.github.io/ASH_Putnam_Lab_Notebook/Moorea-2022-Coral-Spawning-and-Field-Expedition-Daily-Entry/,https://github.com/RobertsLab/project-cod-temperature
Moorea 2022 Coral Spawning and Field Expedition Daily Entry,manchester-hardening,0.2,Weak overlap: thermal,https://ahuffmyer.github.io/ASH_Putnam_Lab_Notebook/Moorea-2022-Coral-Spawning-and-Field-Expedition-Daily-Entry/,https://github.com/RobertsLab/manchester-hardening
Moorea 2022 Coral Spawning and Field Expedition Daily Entry,project-gigas-oa-meth,0.2,Weak overlap: larvae,https://ahuffmyer.github.io/ASH_Putnam_Lab_Notebook/Moorea-2022-Coral-Spawning-and-Field-Expedition-Daily-Entry/,https://github.com/RobertsLab/project-gigas-oa-meth
Moorea 2022 Coral Spawning and Field Expedition Daily Entry,project-pacific.oyster-larvae,0.2,Weak overlap: larvae,https://ahuffmyer.github.io/ASH_Putnam_Lab_Notebook/Moorea-2022-Coral-Spawning-and-Field-Expedition-Daily-Entry/,https://github.com/RobertsLab/project-pacific.oyster-larvae
SRA Uploads 10 November 2022,polyIC-larvae,0.2,Weak overlap: larvae,https://ahuffmyer.github.io/ASH_Putnam_Lab_Notebook/SRA-Uploads-10-November-2022/,https://github.com/RobertsLab/polyIC-larvae
SRA Uploads 10 November 2022,project-gigas-oa-meth,0.2,Weak overlap: larvae,https://ahuffmyer.github.io/ASH_Putnam_Lab_Notebook/SRA-Uploads-10-November-2022/,https://github.com/RobertsLab/project-gigas-oa-meth
SRA Uploads 10 November 2022,project-pacific.oyster-larvae,0.2,Weak overlap: larvae,https://ahuffmyer.github.io/ASH_Putnam_Lab_Notebook/SRA-Uploads-10-November-2022/,https://github.com/RobertsLab/project-pacific.oyster-larvae
Analyzing Environmental Data - Acropora larval metabolism 2022,polyIC-larvae,0.2,Weak overlap: larvae,https://ahuffmyer.github.io/ASH_Putnam_Lab_Notebook/Analyzing-Environmental-Data-Acropora-larval-metabolism-2022/,https://github.com/RobertsLab/polyIC-larvae
Analyzing Environmental Data - Acropora larval metabolism 2022,project-cod-temperature,0.2,Weak overlap: temperature,https://ahuffmyer.github.io/ASH_Putnam_Lab_Notebook/Analyzing-Environmental-Data-Acropora-larval-metabolism-2022/,https://github.com/RobertsLab/project-cod-temperature
Analyzing Environmental Data - Acropora larval metabolism 2022,project-gigas-oa-meth,0.2,Weak overlap: larvae,https://ahuffmyer.github.io/ASH_Putnam_Lab_Notebook/Analyzing-Environmental-Data-Acropora-larval-metabolism-2022/,https://github.com/RobertsLab/project-gigas-oa-meth
Analyzing Environmental Data - Acropora larval metabolism 2022,project-pacific.oyster-larvae,0.2,Weak overlap: larvae,https://ahuffmyer.github.io/ASH_Putnam_Lab_Notebook/Analyzing-Environmental-Data-Acropora-larval-metabolism-2022/,https://github.com/RobertsLab/project-pacific.oyster-larvae
Symbiont gene expression in Mcap2020 developmental time series,project-lake-trout,0.2,Weak overlap: genome,https://ahuffmyer.github.io/ASH_Putnam_Lab_Notebook/Symbiont-gene-expression-in-Mcap2020-developmental-time-series/,https://github.com/RobertsLab/project-lake-trout
Symbiont gene expression in Mcap2020 developmental time series,duck-genome-viz,0.2,Weak overlap: genome,https://ahuffmyer.github.io/ASH_Putnam_Lab_Notebook/Symbiont-gene-expression-in-Mcap2020-developmental-time-series/,https://github.com/RobertsLab/duck-genome-viz
Symbiont gene expression in Mcap2020 developmental time series,project-geoduck-genome,0.2,Weak overlap: genome,https://ahuffmyer.github.io/ASH_Putnam_Lab_Notebook/Symbiont-gene-expression-in-Mcap2020-developmental-time-series/,https://github.com/RobertsLab/project-geoduck-genome
Analyzing Acropora larval metabolism experiment respirometry data,polyIC-larvae,0.2,Weak overlap: larvae,https://ahuffmyer.github.io/ASH_Putnam_Lab_Notebook/Analyzing-Acropora-larval-metabolism-experiment-respirometry-data/,https://github.com/RobertsLab/polyIC-larvae
Analyzing Acropora larval metabolism experiment respirometry data,project-cod-temperature,0.2,Weak overlap: temperature,https://ahuffmyer.github.io/ASH_Putnam_Lab_Notebook/Analyzing-Acropora-larval-metabolism-experiment-respirometry-data/,https://github.com/RobertsLab/project-cod-temperature
Analyzing Acropora larval metabolism experiment respirometry data,manchester-hardening,0.2,Weak overlap: thermal,https://ahuffmyer.github.io/ASH_Putnam_Lab_Notebook/Analyzing-Acropora-larval-metabolism-experiment-respirometry-data/,https://github.com/RobertsLab/manchester-hardening
Analyzing Acropora larval metabolism experiment respirometry data,project-gigas-oa-meth,0.2,Weak overlap: larvae,https://ahuffmyer.github.io/ASH_Putnam_Lab_Notebook/Analyzing-Acropora-larval-metabolism-experiment-respirometry-data/,https://github.com/RobertsLab/project-gigas-oa-meth
Analyzing Acropora larval metabolism experiment respirometry data,project-pacific.oyster-larvae,0.2,Weak overlap: larvae,https://ahuffmyer.github.io/ASH_Putnam_Lab_Notebook/Analyzing-Acropora-larval-metabolism-experiment-respirometry-data/,https://github.com/RobertsLab/project-pacific.oyster-larvae
December 2022 Goals,project-lake-trout,0.2,Weak overlap: genome,https://ahuffmyer.github.io/ASH_Putnam_Lab_Notebook/December-2022-Goals/,https://github.com/RobertsLab/project-lake-trout
December 2022 Goals,duck-genome-viz,0.2,Weak overlap: genome,https://ahuffmyer.github.io/ASH_Putnam_Lab_Notebook/December-2022-Goals/,https://github.com/RobertsLab/duck-genome-viz
December 2022 Goals,project-geoduck-genome,0.2,Weak overlap: genome,https://ahuffmyer.github.io/ASH_Putnam_Lab_Notebook/December-2022-Goals/,https://github.com/RobertsLab/project-geoduck-genome
Mcapitata Development 16S Analysis - Mothur pipeline visualizations,polyIC-larvae,0.2,Weak overlap: larvae,https://ahuffmyer.github.io/ASH_Putnam_Lab_Notebook/Mcapitata-Development-16S-Analysis-Mothur-Pipeline-Visualizations/,https://github.com/RobertsLab/polyIC-larvae
Mcapitata Development 16S Analysis - Mothur pipeline visualizations,project-gigas-oa-meth,0.2,Weak overlap: larvae,https://ahuffmyer.github.io/ASH_Putnam_Lab_Notebook/Mcapitata-Development-16S-Analysis-Mothur-Pipeline-Visualizations/,https://github.com/RobertsLab/project-gigas-oa-meth
Mcapitata Development 16S Analysis - Mothur pipeline visualizations,project-pacific.oyster-larvae,0.2,Weak overlap: larvae,https://ahuffmyer.github.io/ASH_Putnam_Lab_Notebook/Mcapitata-Development-16S-Analysis-Mothur-Pipeline-Visualizations/,https://github.com/RobertsLab/project-pacific.oyster-larvae
Revising Figures for Mcapitata Development 2020 Project,polyIC-larvae,0.2,Weak overlap: larvae,https://ahuffmyer.github.io/ASH_Putnam_Lab_Notebook/Revising-Figures-for-Mcapitata-Development-2020-Project/,https://github.com/RobertsLab/polyIC-larvae
Revising Figures for Mcapitata Development 2020 Project,project-gigas-oa-meth,0.2,Weak overlap: larvae,https://ahuffmyer.github.io/ASH_Putnam_Lab_Notebook/Revising-Figures-for-Mcapitata-Development-2020-Project/,https://github.com/RobertsLab/project-gigas-oa-meth
Revising Figures for Mcapitata Development 2020 Project,project-pacific.oyster-larvae,0.2,Weak overlap: larvae,https://ahuffmyer.github.io/ASH_Putnam_Lab_Notebook/Revising-Figures-for-Mcapitata-Development-2020-Project/,https://github.com/RobertsLab/project-pacific.oyster-larvae
Analyzing TagSeq data with new annotation,project-lake-trout,0.2,Weak overlap: genome,https://ahuffmyer.github.io/ASH_Putnam_Lab_Notebook/Analyzing-TagSeq-data-with-new-annotation/,https://github.com/RobertsLab/project-lake-trout
Analyzing TagSeq data with new annotation,polyIC-larvae,0.2,Weak overlap: larvae,https://ahuffmyer.github.io/ASH_Putnam_Lab_Notebook/Analyzing-TagSeq-data-with-new-annotation/,https://github.com/RobertsLab/polyIC-larvae
Analyzing TagSeq data with new annotation,project-gigas-oa-meth,0.2,Weak overlap: larvae,https://ahuffmyer.github.io/ASH_Putnam_Lab_Notebook/Analyzing-TagSeq-data-with-new-annotation/,https://github.com/RobertsLab/project-gigas-oa-meth
Analyzing TagSeq data with new annotation,duck-genome-viz,0.2,Weak overlap: genome,https://ahuffmyer.github.io/ASH_Putnam_Lab_Notebook/Analyzing-TagSeq-data-with-new-annotation/,https://github.com/RobertsLab/duck-genome-viz
Analyzing TagSeq data with new annotation,project-pacific.oyster-larvae,0.2,Weak overlap: larvae,https://ahuffmyer.github.io/ASH_Putnam_Lab_Notebook/Analyzing-TagSeq-data-with-new-annotation/,https://github.com/RobertsLab/project-pacific.oyster-larvae
Analyzing TagSeq data with new annotation,project-geoduck-genome,0.2,Weak overlap: genome,https://ahuffmyer.github.io/ASH_Putnam_Lab_Notebook/Analyzing-TagSeq-data-with-new-annotation/,https://github.com/RobertsLab/project-geoduck-genome
Integrative analysis for Montipora capitata developmental time series,polyIC-larvae,0.2,Weak overlap: larvae,https://ahuffmyer.github.io/ASH_Putnam_Lab_Notebook/Integrative-analysis-for-Montipora-capitata-developmental-time-series/,https://github.com/RobertsLab/polyIC-larvae
Integrative analysis for Montipora capitata developmental time series,project-gigas-oa-meth,0.2,Weak overlap: larvae,https://ahuffmyer.github.io/ASH_Putnam_Lab_Notebook/Integrative-analysis-for-Montipora-capitata-developmental-time-series/,https://github.com/RobertsLab/project-gigas-oa-meth
Integrative analysis for Montipora capitata developmental time series,project-pacific.oyster-larvae,0.2,Weak overlap: larvae,https://ahuffmyer.github.io/ASH_Putnam_Lab_Notebook/Integrative-analysis-for-Montipora-capitata-developmental-time-series/,https://github.com/RobertsLab/project-pacific.oyster-larvae
March 2023 Goals,project-sc-RNAseq,0.2,Weak overlap: RNA-seq,https://ahuffmyer.github.io/ASH_Putnam_Lab_Notebook/March-2023-Goals/,https://github.com/RobertsLab/project-sc-RNAseq
Mcapitata Larval Temperature Experiment Data Analysis,polyIC-larvae,0.2,Weak overlap: larvae,https://ahuffmyer.github.io/ASH_Putnam_Lab_Notebook/Mcapitata-Larval-Temperature-Experiment-Data-Analysis/,https://github.com/RobertsLab/polyIC-larvae
Mcapitata Larval Temperature Experiment Data Analysis,project-cod-temperature,0.2,Weak overlap: temperature,https://ahuffmyer.github.io/ASH_Putnam_Lab_Notebook/Mcapitata-Larval-Temperature-Experiment-Data-Analysis/,https://github.com/RobertsLab/project-cod-temperature
Mcapitata Larval Temperature Experiment Data Analysis,manchester-hardening,0.2,Weak overlap: thermal,https://ahuffmyer.github.io/ASH_Putnam_Lab_Notebook/Mcapitata-Larval-Temperature-Experiment-Data-Analysis/,https://github.com/RobertsLab/manchester-hardening
Mcapitata Larval Temperature Experiment Data Analysis,project-gigas-oa-meth,0.2,Weak overlap: larvae,https://ahuffmyer.github.io/ASH_Putnam_Lab_Notebook/Mcapitata-Larval-Temperature-Experiment-Data-Analysis/,https://github.com/RobertsLab/project-gigas-oa-meth
Mcapitata Larval Temperature Experiment Data Analysis,project-pacific.oyster-larvae,0.2,Weak overlap: larvae,https://ahuffmyer.github.io/ASH_Putnam_Lab_Notebook/Mcapitata-Larval-Temperature-Experiment-Data-Analysis/,https://github.com/RobertsLab/project-pacific.oyster-larvae
E5 Deep Dive RNAseq Count Matrix Analysis,project-lake-trout,0.2,Weak overlap: genome,https://ahuffmyer.github.io/ASH_Putnam_Lab_Notebook/E5-Deep-Dive-RNAseq-Count-Matrix-Analysis/,https://github.com/RobertsLab/project-lake-trout
E5 Deep Dive RNAseq Count Matrix Analysis,project-sc-RNAseq,0.2,Weak overlap: RNA-seq,https://ahuffmyer.github.io/ASH_Putnam_Lab_Notebook/E5-Deep-Dive-RNAseq-Count-Matrix-Analysis/,https://github.com/RobertsLab/project-sc-RNAseq
E5 Deep Dive RNAseq Count Matrix Analysis,duck-genome-viz,0.2,Weak overlap: genome,https://ahuffmyer.github.io/ASH_Putnam_Lab_Notebook/E5-Deep-Dive-RNAseq-Count-Matrix-Analysis/,https://github.com/RobertsLab/duck-genome-viz
E5 Deep Dive RNAseq Count Matrix Analysis,project-geoduck-genome,0.2,Weak overlap: genome,https://ahuffmyer.github.io/ASH_Putnam_Lab_Notebook/E5-Deep-Dive-RNAseq-Count-Matrix-Analysis/,https://github.com/RobertsLab/project-geoduck-genome
Mcap 2021 Stable Isotope Metabolomics Analysis,polyIC-larvae,0.2,Weak overlap: larvae,https://ahuffmyer.github.io/ASH_Putnam_Lab_Notebook/Mcap-2021-Stable-Isotope-Metabolomics-Analysis/,https://github.com/RobertsLab/polyIC-larvae
Mcap 2021 Stable Isotope Metabolomics Analysis,project-cod-temperature,0.2,Weak overlap: temperature,https://ahuffmyer.github.io/ASH_Putnam_Lab_Notebook/Mcap-2021-Stable-Isotope-Metabolomics-Analysis/,https://github.com/RobertsLab/project-cod-temperature
Mcap 2021 Stable Isotope Metabolomics Analysis,project-gigas-oa-meth,0.2,Weak overlap: larvae,https://ahuffmyer.github.io/ASH_Putnam_Lab_Notebook/Mcap-2021-Stable-Isotope-Metabolomics-Analysis/,https://github.com/RobertsLab/project-gigas-oa-meth
Mcap 2021 Stable Isotope Metabolomics Analysis,project-pacific.oyster-larvae,0.2,Weak overlap: larvae,https://ahuffmyer.github.io/ASH_Putnam_Lab_Notebook/Mcap-2021-Stable-Isotope-Metabolomics-Analysis/,https://github.com/RobertsLab/project-pacific.oyster-larvae
April 2023 Goals,project-sc-RNAseq,0.2,Weak overlap: RNA-seq,https://ahuffmyer.github.io/ASH_Putnam_Lab_Notebook/April-2023-Goals/,https://github.com/RobertsLab/project-sc-RNAseq
Process to apply for US CITES export permit,polyIC-larvae,0.2,Weak overlap: larvae,https://ahuffmyer.github.io/ASH_Putnam_Lab_Notebook/Process-to-apply-for-US-CITES-export-permit/,https://github.com/RobertsLab/polyIC-larvae
Process to apply for US CITES export permit,project-cod-temperature,0.2,Weak overlap: temperature,https://ahuffmyer.github.io/ASH_Putnam_Lab_Notebook/Process-to-apply-for-US-CITES-export-permit/,https://github.com/RobertsLab/project-cod-temperature
Process to apply for US CITES export permit,manchester-hardening,0.2,Weak overlap: thermal,https://ahuffmyer.github.io/ASH_Putnam_Lab_Notebook/Process-to-apply-for-US-CITES-export-permit/,https://github.com/RobertsLab/manchester-hardening
Process to apply for US CITES export permit,project-gigas-oa-meth,0.2,Weak overlap: larvae,https://ahuffmyer.github.io/ASH_Putnam_Lab_Notebook/Process-to-apply-for-US-CITES-export-permit/,https://github.com/RobertsLab/project-gigas-oa-meth
Process to apply for US CITES export permit,project-pacific.oyster-larvae,0.2,Weak overlap: larvae,https://ahuffmyer.github.io/ASH_Putnam_Lab_Notebook/Process-to-apply-for-US-CITES-export-permit/,https://github.com/RobertsLab/project-pacific.oyster-larvae
E5 Deep Dive RNAseq WGCNA Analysis,manchester-hardening,0.2,Weak overlap: thermal,https://ahuffmyer.github.io/ASH_Putnam_Lab_Notebook/E5-Deep-Dive-RNAseq-WGCNA-Analysis/,https://github.com/RobertsLab/manchester-hardening
E5 Deep Dive RNAseq WGCNA Analysis,project-sc-RNAseq,0.2,Weak overlap: RNA-seq,https://ahuffmyer.github.io/ASH_Putnam_Lab_Notebook/E5-Deep-Dive-RNAseq-WGCNA-Analysis/,https://github.com/RobertsLab/project-sc-RNAseq
Sanger Sequencing Training,project-lake-trout,0.2,Weak overlap: genome,https://ahuffmyer.github.io/ASH_Putnam_Lab_Notebook/Sanger-Sequencing-Training/,https://github.com/RobertsLab/project-lake-trout
Sanger Sequencing Training,project-cod-temperature,0.2,Weak overlap: temperature,https://ahuffmyer.github.io/ASH_Putnam_Lab_Notebook/Sanger-Sequencing-Training/,https://github.com/RobertsLab/project-cod-temperature
Sanger Sequencing Training,duck-genome-viz,0.2,Weak overlap: genome,https://ahuffmyer.github.io/ASH_Putnam_Lab_Notebook/Sanger-Sequencing-Training/,https://github.com/RobertsLab/duck-genome-viz
Sanger Sequencing Training,project-geoduck-genome,0.2,Weak overlap: genome,https://ahuffmyer.github.io/ASH_Putnam_Lab_Notebook/Sanger-Sequencing-Training/,https://github.com/RobertsLab/project-geoduck-genome
Hawaii 2023 Coral Spawning and Field Expedition Daily Entry,polyIC-larvae,0.2,Weak overlap: larvae,https://ahuffmyer.github.io/ASH_Putnam_Lab_Notebook/Hawaii-2023-Coral-Spawning-and-Field-Expedition-Daily-Entry/,https://github.com/RobertsLab/polyIC-larvae
Hawaii 2023 Coral Spawning and Field Expedition Daily Entry,project-cod-temperature,0.2,Weak overlap: temperature,https://ahuffmyer.github.io/ASH_Putnam_Lab_Notebook/Hawaii-2023-Coral-Spawning-and-Field-Expedition-Daily-Entry/,https://github.com/RobertsLab/project-cod-temperature
Hawaii 2023 Coral Spawning and Field Expedition Daily Entry,manchester-hardening,0.2,Weak overlap: thermal,https://ahuffmyer.github.io/ASH_Putnam_Lab_Notebook/Hawaii-2023-Coral-Spawning-and-Field-Expedition-Daily-Entry/,https://github.com/RobertsLab/manchester-hardening
Hawaii 2023 Coral Spawning and Field Expedition Daily Entry,project-gigas-oa-meth,0.2,Weak overlap: larvae,https://ahuffmyer.github.io/ASH_Putnam_Lab_Notebook/Hawaii-2023-Coral-Spawning-and-Field-Expedition-Daily-Entry/,https://github.com/RobertsLab/project-gigas-oa-meth
Hawaii 2023 Coral Spawning and Field Expedition Daily Entry,project-pacific.oyster-larvae,0.2,Weak overlap: larvae,https://ahuffmyer.github.io/ASH_Putnam_Lab_Notebook/Hawaii-2023-Coral-Spawning-and-Field-Expedition-Daily-Entry/,https://github.com/RobertsLab/project-pacific.oyster-larvae
July 2023 Goals,project-cod-temperature,0.2,Weak overlap: temperature,https://ahuffmyer.github.io/ASH_Putnam_Lab_Notebook/July-2023-Goals/,https://github.com/RobertsLab/project-cod-temperature
F1F2 project data analysis Hawaii 2023,polyIC-larvae,0.2,Weak overlap: larvae,https://ahuffmyer.github.io/ASH_Putnam_Lab_Notebook/F1F2-project-data-analysis-Hawaii-2023/,https://github.com/RobertsLab/polyIC-larvae
F1F2 project data analysis Hawaii 2023,project-cod-temperature,0.2,Weak overlap: temperature,https://ahuffmyer.github.io/ASH_Putnam_Lab_Notebook/F1F2-project-data-analysis-Hawaii-2023/,https://github.com/RobertsLab/project-cod-temperature
F1F2 project data analysis Hawaii 2023,manchester-hardening,0.2,Weak overlap: thermal,https://ahuffmyer.github.io/ASH_Putnam_Lab_Notebook/F1F2-project-data-analysis-Hawaii-2023/,https://github.com/RobertsLab/manchester-hardening
F1F2 project data analysis Hawaii 2023,project-gigas-oa-meth,0.2,Weak overlap: larvae,https://ahuffmyer.github.io/ASH_Putnam_Lab_Notebook/F1F2-project-data-analysis-Hawaii-2023/,https://github.com/RobertsLab/project-gigas-oa-meth
F1F2 project data analysis Hawaii 2023,project-pacific.oyster-larvae,0.2,Weak overlap: larvae,https://ahuffmyer.github.io/ASH_Putnam_Lab_Notebook/F1F2-project-data-analysis-Hawaii-2023/,https://github.com/RobertsLab/project-pacific.oyster-larvae
Trial oyster strip spawning at Point Whitney,project-cod-temperature,0.2,Weak overlap: temperature,https://ahuffmyer.github.io/ASH_Putnam_Lab_Notebook/Trial-oyster-strip-spawning-at-Point-Whitney/,https://github.com/RobertsLab/project-cod-temperature
Trial oyster strip spawning at Point Whitney,paper-hatchery-microbiome,0.2,Weak overlap: hatchery,https://ahuffmyer.github.io/ASH_Putnam_Lab_Notebook/Trial-oyster-strip-spawning-at-Point-Whitney/,https://github.com/RobertsLab/paper-hatchery-microbiome
August 2023 Goals,paper-hatchery-microbiome,0.2,Weak overlap: hatchery,https://ahuffmyer.github.io/ASH_Putnam_Lab_Notebook/August-2023-Goals/,https://github.com/RobertsLab/paper-hatchery-microbiome
Larval rearing at Point Whitney,polyIC-larvae,0.2,Weak overlap: larvae,https://ahuffmyer.github.io/ASH_Putnam_Lab_Notebook/Larval-rearing-at-Point-Whitney/,https://github.com/RobertsLab/polyIC-larvae
Larval rearing at Point Whitney,project-gigas-oa-meth,0.2,Weak overlap: larvae,https://ahuffmyer.github.io/ASH_Putnam_Lab_Notebook/Larval-rearing-at-Point-Whitney/,https://github.com/RobertsLab/project-gigas-oa-meth
Larval rearing at Point Whitney,paper-hatchery-microbiome,0.2,Weak overlap: hatchery,https://ahuffmyer.github.io/ASH_Putnam_Lab_Notebook/Larval-rearing-at-Point-Whitney/,https://github.com/RobertsLab/paper-hatchery-microbiome
Ceabigr correlation matrices attempt,project-mytilus-methylation,0.2,"Weak overlap: DNA methylation, methylation",https://ahuffmyer.github.io/ASH_Putnam_Lab_Notebook/Ceabigr-correlation-matrices-attempt/,https://github.com/RobertsLab/project-mytilus-methylation
Ceabigr correlation matrices attempt,project-caligus-methylation,0.2,"Weak overlap: DNA methylation, methylation",https://ahuffmyer.github.io/ASH_Putnam_Lab_Notebook/Ceabigr-correlation-matrices-attempt/,https://github.com/RobertsLab/project-caligus-methylation
Ceabigr correlation matrices attempt,project-myt-crass-methylation,0.2,"Weak overlap: DNA methylation, methylation",https://ahuffmyer.github.io/ASH_Putnam_Lab_Notebook/Ceabigr-correlation-matrices-attempt/,https://github.com/RobertsLab/project-myt-crass-methylation
Ceabigr correlation matrices attempt,EpiDiverse-snp,0.2,"Weak overlap: DNA methylation, SNP / variant calling, methylation",https://ahuffmyer.github.io/ASH_Putnam_Lab_Notebook/Ceabigr-correlation-matrices-attempt/,https://github.com/RobertsLab/EpiDiverse-snp
Ceabigr correlation matrices attempt,project-gigas-oa-meth,0.2,"Weak overlap: DNA methylation, methylation",https://ahuffmyer.github.io/ASH_Putnam_Lab_Notebook/Ceabigr-correlation-matrices-attempt/,https://github.com/RobertsLab/project-gigas-oa-meth
Ceabigr correlation matrices attempt,paper-gigas-metaanalysis,0.2,"Weak overlap: DNA methylation, methylation",https://ahuffmyer.github.io/ASH_Putnam_Lab_Notebook/Ceabigr-correlation-matrices-attempt/,https://github.com/RobertsLab/paper-gigas-metaanalysis
October 2023 Goals,project-sc-RNAseq,0.2,Weak overlap: RNA-seq,https://ahuffmyer.github.io/ASH_Putnam_Lab_Notebook/October-2023-Goals/,https://github.com/RobertsLab/project-sc-RNAseq
January 2024 Goals,project-sc-RNAseq,0.2,Weak overlap: RNA-seq,https://ahuffmyer.github.io/ASH_Putnam_Lab_Notebook/January-2024-Goals/,https://github.com/RobertsLab/project-sc-RNAseq
Planning WSG USDA sample sizes and equipment for spring oyster rearing,project-gigas-conditioning,0.2,Weak overlap: conditioning,https://ahuffmyer.github.io/ASH_Putnam_Lab_Notebook/Planning-WSG-USDA-sample-sizes-and-equipment-for-spring-oyster-rearing/,https://github.com/RobertsLab/project-gigas-conditioning
Planning WSG USDA sample sizes and equipment for spring oyster rearing,polyIC-larvae,0.2,Weak overlap: larvae,https://ahuffmyer.github.io/ASH_Putnam_Lab_Notebook/Planning-WSG-USDA-sample-sizes-and-equipment-for-spring-oyster-rearing/,https://github.com/RobertsLab/polyIC-larvae
Planning WSG USDA sample sizes and equipment for spring oyster rearing,project-cod-temperature,0.2,Weak overlap: temperature,https://ahuffmyer.github.io/ASH_Putnam_Lab_Notebook/Planning-WSG-USDA-sample-sizes-and-equipment-for-spring-oyster-rearing/,https://github.com/RobertsLab/project-cod-temperature
Planning WSG USDA sample sizes and equipment for spring oyster rearing,project-mytilus-methylation,0.2,"Weak overlap: DNA methylation, methylation",https://ahuffmyer.github.io/ASH_Putnam_Lab_Notebook/Planning-WSG-USDA-sample-sizes-and-equipment-for-spring-oyster-rearing/,https://github.com/RobertsLab/project-mytilus-methylation
Planning WSG USDA sample sizes and equipment for spring oyster rearing,manchester-hardening,0.2,Weak overlap: thermal,https://ahuffmyer.github.io/ASH_Putnam_Lab_Notebook/Planning-WSG-USDA-sample-sizes-and-equipment-for-spring-oyster-rearing/,https://github.com/RobertsLab/manchester-hardening
Planning WSG USDA sample sizes and equipment for spring oyster rearing,project-gigas-carryover,0.2,Weak overlap: aquaculture,https://ahuffmyer.github.io/ASH_Putnam_Lab_Notebook/Planning-WSG-USDA-sample-sizes-and-equipment-for-spring-oyster-rearing/,https://github.com/RobertsLab/project-gigas-carryover
Planning WSG USDA sample sizes and equipment for spring oyster rearing,project-caligus-methylation,0.2,"Weak overlap: DNA methylation, methylation",https://ahuffmyer.github.io/ASH_Putnam_Lab_Notebook/Planning-WSG-USDA-sample-sizes-and-equipment-for-spring-oyster-rearing/,https://github.com/RobertsLab/project-caligus-methylation
Planning WSG USDA sample sizes and equipment for spring oyster rearing,project-myt-crass-methylation,0.2,"Weak overlap: DNA methylation, methylation",https://ahuffmyer.github.io/ASH_Putnam_Lab_Notebook/Planning-WSG-USDA-sample-sizes-and-equipment-for-spring-oyster-rearing/,https://github.com/RobertsLab/project-myt-crass-methylation
Planning WSG USDA sample sizes and equipment for spring oyster rearing,EpiDiverse-snp,0.2,"Weak overlap: DNA methylation, methylation",https://ahuffmyer.github.io/ASH_Putnam_Lab_Notebook/Planning-WSG-USDA-sample-sizes-and-equipment-for-spring-oyster-rearing/,https://github.com/RobertsLab/EpiDiverse-snp
Planning WSG USDA sample sizes and equipment for spring oyster rearing,project-gigas-oa-meth,0.2,"Weak overlap: DNA methylation, larvae, methylation",https://ahuffmyer.github.io/ASH_Putnam_Lab_Notebook/Planning-WSG-USDA-sample-sizes-and-equipment-for-spring-oyster-rearing/,https://github.com/RobertsLab/project-gigas-oa-meth
Planning WSG USDA sample sizes and equipment for spring oyster rearing,paper-gigas-metaanalysis,0.2,"Weak overlap: DNA methylation, methylation",https://ahuffmyer.github.io/ASH_Putnam_Lab_Notebook/Planning-WSG-USDA-sample-sizes-and-equipment-for-spring-oyster-rearing/,https://github.com/RobertsLab/paper-gigas-metaanalysis
WSG USDA Hatchery Day - Assessing lifestage carry over project,10K-seed-Cgigas,0.2,Weak overlap: Pacific oyster (Crassostrea/Magallana gigas),https://ahuffmyer.github.io/ASH_Putnam_Lab_Notebook/WSG-USDA-Hatchery-Day---Assessing-lifestage-carry-over-project/,https://github.com/RobertsLab/10K-seed-Cgigas
WSG USDA Hatchery Day - Assessing lifestage carry over project,project-cod-temperature,0.2,Weak overlap: temperature,https://ahuffmyer.github.io/ASH_Putnam_Lab_Notebook/WSG-USDA-Hatchery-Day---Assessing-lifestage-carry-over-project/,https://github.com/RobertsLab/project-cod-temperature
WSG USDA Hatchery Day - Assessing lifestage carry over project,pgc-edc-oyster,0.2,Weak overlap: Pacific oyster (Crassostrea/Magallana gigas),https://ahuffmyer.github.io/ASH_Putnam_Lab_Notebook/WSG-USDA-Hatchery-Day---Assessing-lifestage-carry-over-project/,https://github.com/RobertsLab/pgc-edc-oyster
WSG USDA Hatchery Day - Assessing lifestage carry over project,oyster-ploidy-hardening,0.2,"Weak overlap: Pacific oyster (Crassostrea/Magallana gigas), diploid, triploid",https://ahuffmyer.github.io/ASH_Putnam_Lab_Notebook/WSG-USDA-Hatchery-Day---Assessing-lifestage-carry-over-project/,https://github.com/RobertsLab/oyster-ploidy-hardening
WSG USDA Hatchery Day - Assessing lifestage carry over project,project-gigas-oa-meth,0.2,Weak overlap: Pacific oyster (Crassostrea/Magallana gigas),https://ahuffmyer.github.io/ASH_Putnam_Lab_Notebook/WSG-USDA-Hatchery-Day---Assessing-lifestage-carry-over-project/,https://github.com/RobertsLab/project-gigas-oa-meth
WSG USDA Hatchery Day - Assessing lifestage carry over project,project-gigas-ploidy-oa,0.2,Weak overlap: Pacific oyster (Crassostrea/Magallana gigas),https://ahuffmyer.github.io/ASH_Putnam_Lab_Notebook/WSG-USDA-Hatchery-Day---Assessing-lifestage-carry-over-project/,https://github.com/RobertsLab/project-gigas-ploidy-oa
WSG USDA Hatchery Day - Assessing lifestage carry over project,project-gigas_ploidy,0.2,"Weak overlap: Pacific oyster (Crassostrea/Magallana gigas), diploid, triploid",https://ahuffmyer.github.io/ASH_Putnam_Lab_Notebook/WSG-USDA-Hatchery-Day---Assessing-lifestage-carry-over-project/,https://github.com/RobertsLab/project-gigas_ploidy
WSG USDA Hatchery Day - Assessing lifestage carry over project,paper-hatchery-microbiome,0.2,Weak overlap: hatchery,https://ahuffmyer.github.io/ASH_Putnam_Lab_Notebook/WSG-USDA-Hatchery-Day---Assessing-lifestage-carry-over-project/,https://github.com/RobertsLab/paper-hatchery-microbiome
WSG USDA Hatchery Day - Assessing lifestage carry over project,paper-gigas-DNR-proteomics,0.2,Weak overlap: Pacific oyster (Crassostrea/Magallana gigas),https://ahuffmyer.github.io/ASH_Putnam_Lab_Notebook/WSG-USDA-Hatchery-Day---Assessing-lifestage-carry-over-project/,https://github.com/RobertsLab/paper-gigas-DNR-proteomics
WSG USDA Hatchery Day - Assessing lifestage carry over project,paper-gigas-metaanalysis,0.2,Weak overlap: Pacific oyster (Crassostrea/Magallana gigas),https://ahuffmyer.github.io/ASH_Putnam_Lab_Notebook/WSG-USDA-Hatchery-Day---Assessing-lifestage-carry-over-project/,https://github.com/RobertsLab/paper-gigas-metaanalysis
Oyster USDA WSG Project Planning 5 Feb 2024,project-gigas-conditioning,0.2,Weak overlap: conditioning,https://ahuffmyer.github.io/ASH_Putnam_Lab_Notebook/Oyster-USDA-WSG-Project-Planning/,https://github.com/RobertsLab/project-gigas-conditioning
Oyster USDA WSG Project Planning 5 Feb 2024,10K-seed-Cgigas,0.2,Weak overlap: hardening,https://ahuffmyer.github.io/ASH_Putnam_Lab_Notebook/Oyster-USDA-WSG-Project-Planning/,https://github.com/RobertsLab/10K-seed-Cgigas
Oyster USDA WSG Project Planning 5 Feb 2024,manchester-hardening,0.2,Weak overlap: hardening,https://ahuffmyer.github.io/ASH_Putnam_Lab_Notebook/Oyster-USDA-WSG-Project-Planning/,https://github.com/RobertsLab/manchester-hardening
Oyster USDA WSG Project Planning 5 Feb 2024,project-gigas-carryover,0.2,Weak overlap: aquaculture,https://ahuffmyer.github.io/ASH_Putnam_Lab_Notebook/Oyster-USDA-WSG-Project-Planning/,https://github.com/RobertsLab/project-gigas-carryover
Oyster USDA WSG Project Planning 5 Feb 2024,paper-hatchery-microbiome,0.2,Weak overlap: hatchery,https://ahuffmyer.github.io/ASH_Putnam_Lab_Notebook/Oyster-USDA-WSG-Project-Planning/,https://github.com/RobertsLab/paper-hatchery-microbiome
Hatchery Day at Point Whitney to Check Lifestage Carryover Project,project-gigas-conditioning,0.2,Weak overlap: Pacific oyster (Crassostrea/Magallana gigas),https://ahuffmyer.github.io/ASH_Putnam_Lab_Notebook/Hatchery-Day-Checking-Lifestage-Carryover-Project/,https://github.com/RobertsLab/project-gigas-conditioning
Hatchery Day at Point Whitney to Check Lifestage Carryover Project,10K-seed-Cgigas,0.2,Weak overlap: Pacific oyster (Crassostrea/Magallana gigas),https://ahuffmyer.github.io/ASH_Putnam_Lab_Notebook/Hatchery-Day-Checking-Lifestage-Carryover-Project/,https://github.com/RobertsLab/10K-seed-Cgigas
Hatchery Day at Point Whitney to Check Lifestage Carryover Project,pgc-edc-oyster,0.2,Weak overlap: Pacific oyster (Crassostrea/Magallana gigas),https://ahuffmyer.github.io/ASH_Putnam_Lab_Notebook/Hatchery-Day-Checking-Lifestage-Carryover-Project/,https://github.com/RobertsLab/pgc-edc-oyster
Hatchery Day at Point Whitney to Check Lifestage Carryover Project,oyster-ploidy-hardening,0.2,Weak overlap: Pacific oyster (Crassostrea/Magallana gigas),https://ahuffmyer.github.io/ASH_Putnam_Lab_Notebook/Hatchery-Day-Checking-Lifestage-Carryover-Project/,https://github.com/RobertsLab/oyster-ploidy-hardening
Hatchery Day at Point Whitney to Check Lifestage Carryover Project,project-gigas-oa-meth,0.2,Weak overlap: Pacific oyster (Crassostrea/Magallana gigas),https://ahuffmyer.github.io/ASH_Putnam_Lab_Notebook/Hatchery-Day-Checking-Lifestage-Carryover-Project/,https://github.com/RobertsLab/project-gigas-oa-meth
Hatchery Day at Point Whitney to Check Lifestage Carryover Project,project-gigas-ploidy-oa,0.2,Weak overlap: Pacific oyster (Crassostrea/Magallana gigas),https://ahuffmyer.github.io/ASH_Putnam_Lab_Notebook/Hatchery-Day-Checking-Lifestage-Carryover-Project/,https://github.com/RobertsLab/project-gigas-ploidy-oa
Hatchery Day at Point Whitney to Check Lifestage Carryover Project,project-gigas_ploidy,0.2,Weak overlap: Pacific oyster (Crassostrea/Magallana gigas),https://ahuffmyer.github.io/ASH_Putnam_Lab_Notebook/Hatchery-Day-Checking-Lifestage-Carryover-Project/,https://github.com/RobertsLab/project-gigas_ploidy
Hatchery Day at Point Whitney to Check Lifestage Carryover Project,paper-hatchery-microbiome,0.2,Weak overlap: hatchery,https://ahuffmyer.github.io/ASH_Putnam_Lab_Notebook/Hatchery-Day-Checking-Lifestage-Carryover-Project/,https://github.com/RobertsLab/paper-hatchery-microbiome
Hatchery Day at Point Whitney to Check Lifestage Carryover Project,paper-gigas-DNR-proteomics,0.2,Weak overlap: Pacific oyster (Crassostrea/Magallana gigas),https://ahuffmyer.github.io/ASH_Putnam_Lab_Notebook/Hatchery-Day-Checking-Lifestage-Carryover-Project/,https://github.com/RobertsLab/paper-gigas-DNR-proteomics
Hatchery Day at Point Whitney to Check Lifestage Carryover Project,paper-gigas-metaanalysis,0.2,Weak overlap: Pacific oyster (Crassostrea/Magallana gigas),https://ahuffmyer.github.io/ASH_Putnam_Lab_Notebook/Hatchery-Day-Checking-Lifestage-Carryover-Project/,https://github.com/RobertsLab/paper-gigas-metaanalysis
Raw sequence downloads and NCBI SRA uploads for M. capitata larval thermal tolerance project,polyIC-larvae,0.2,Weak overlap: larvae,https://ahuffmyer.github.io/ASH_Putnam_Lab_Notebook/Mcapitata-Larval-Thermal-Tolerance-Project-NCBI-upload/,https://github.com/RobertsLab/polyIC-larvae
Raw sequence downloads and NCBI SRA uploads for M. capitata larval thermal tolerance project,project-cod-temperature,0.2,Weak overlap: temperature,https://ahuffmyer.github.io/ASH_Putnam_Lab_Notebook/Mcapitata-Larval-Thermal-Tolerance-Project-NCBI-upload/,https://github.com/RobertsLab/project-cod-temperature
Raw sequence downloads and NCBI SRA uploads for M. capitata larval thermal tolerance project,manchester-hardening,0.2,Weak overlap: thermal,https://ahuffmyer.github.io/ASH_Putnam_Lab_Notebook/Mcapitata-Larval-Thermal-Tolerance-Project-NCBI-upload/,https://github.com/RobertsLab/manchester-hardening
Raw sequence downloads and NCBI SRA uploads for M. capitata larval thermal tolerance project,project-gigas-oa-meth,0.2,Weak overlap: larvae,https://ahuffmyer.github.io/ASH_Putnam_Lab_Notebook/Mcapitata-Larval-Thermal-Tolerance-Project-NCBI-upload/,https://github.com/RobertsLab/project-gigas-oa-meth
Raw sequence downloads and NCBI SRA uploads for M. capitata larval thermal tolerance project,project-pacific.oyster-larvae,0.2,Weak overlap: larvae,https://ahuffmyer.github.io/ASH_Putnam_Lab_Notebook/Mcapitata-Larval-Thermal-Tolerance-Project-NCBI-upload/,https://github.com/RobertsLab/project-pacific.oyster-larvae
QC of RNAseq files for Montipora capitata larval thermal tolerance 2023 project,manchester-hardening,0.2,Weak overlap: thermal,https://ahuffmyer.github.io/ASH_Putnam_Lab_Notebook/RNAseq-QC-for-Mcapitata-Larval-Thermal-Tolerance-Project/,https://github.com/RobertsLab/manchester-hardening
QC of RNAseq files for Montipora capitata larval thermal tolerance 2023 project,project-sc-RNAseq,0.2,Weak overlap: RNA-seq,https://ahuffmyer.github.io/ASH_Putnam_Lab_Notebook/RNAseq-QC-for-Mcapitata-Larval-Thermal-Tolerance-Project/,https://github.com/RobertsLab/project-sc-RNAseq
Prepping equipment and oysters for Lifestage Carryover project sampling day,project-cod-temperature,0.2,Weak overlap: temperature,https://ahuffmyer.github.io/ASH_Putnam_Lab_Notebook/Hatchery-Day-Preparing-Lifestage-Carryover-Project-for-Sampling/,https://github.com/RobertsLab/project-cod-temperature
Prepping equipment and oysters for Lifestage Carryover project sampling day,paper-hatchery-microbiome,0.2,Weak overlap: hatchery,https://ahuffmyer.github.io/ASH_Putnam_Lab_Notebook/Hatchery-Day-Preparing-Lifestage-Carryover-Project-for-Sampling/,https://github.com/RobertsLab/paper-hatchery-microbiome
Lifestage Carryover Project Sampling,project-gigas-conditioning,0.2,Weak overlap: conditioning,https://ahuffmyer.github.io/ASH_Putnam_Lab_Notebook/Lifestage-Carryover-Project-Sampling/,https://github.com/RobertsLab/project-gigas-conditioning
Lifestage Carryover Project Sampling,project-cod-temperature,0.2,Weak overlap: temperature,https://ahuffmyer.github.io/ASH_Putnam_Lab_Notebook/Lifestage-Carryover-Project-Sampling/,https://github.com/RobertsLab/project-cod-temperature
Lifestage Carryover Project Sampling,manchester-hardening,0.2,Weak overlap: thermal,https://ahuffmyer.github.io/ASH_Putnam_Lab_Notebook/Lifestage-Carryover-Project-Sampling/,https://github.com/RobertsLab/manchester-hardening
Lifestage Carryover Project Sampling,oyster-ploidy-hardening,0.2,"Weak overlap: diploid, triploid",https://ahuffmyer.github.io/ASH_Putnam_Lab_Notebook/Lifestage-Carryover-Project-Sampling/,https://github.com/RobertsLab/oyster-ploidy-hardening
Lifestage Carryover Project Sampling,project-gigas_ploidy,0.2,"Weak overlap: diploid, triploid",https://ahuffmyer.github.io/ASH_Putnam_Lab_Notebook/Lifestage-Carryover-Project-Sampling/,https://github.com/RobertsLab/project-gigas_ploidy
March 2024 Goals,polyIC-larvae,0.2,Weak overlap: larvae,https://ahuffmyer.github.io/ASH_Putnam_Lab_Notebook/March-2024-Goals/,https://github.com/RobertsLab/polyIC-larvae
March 2024 Goals,project-sc-RNAseq,0.2,Weak overlap: RNA-seq,https://ahuffmyer.github.io/ASH_Putnam_Lab_Notebook/March-2024-Goals/,https://github.com/RobertsLab/project-sc-RNAseq
March 2024 Goals,project-gigas-oa-meth,0.2,Weak overlap: larvae,https://ahuffmyer.github.io/ASH_Putnam_Lab_Notebook/March-2024-Goals/,https://github.com/RobertsLab/project-gigas-oa-meth
Point Whitney field day to start individual growth experiment and plan for new seed exposure work,project-gigas-conditioning,0.2,Weak overlap: conditioning,https://ahuffmyer.github.io/ASH_Putnam_Lab_Notebook/Oyster-Individual-Growth-and-New-Seed-Exposures/,https://github.com/RobertsLab/project-gigas-conditioning
Point Whitney field day to start individual growth experiment and plan for new seed exposure work,10K-seed-Cgigas,0.2,Weak overlap: hardening,https://ahuffmyer.github.io/ASH_Putnam_Lab_Notebook/Oyster-Individual-Growth-and-New-Seed-Exposures/,https://github.com/RobertsLab/10K-seed-Cgigas
Point Whitney field day to start individual growth experiment and plan for new seed exposure work,project-cod-temperature,0.2,Weak overlap: temperature,https://ahuffmyer.github.io/ASH_Putnam_Lab_Notebook/Oyster-Individual-Growth-and-New-Seed-Exposures/,https://github.com/RobertsLab/project-cod-temperature
Point Whitney field day to start individual growth experiment and plan for new seed exposure work,manchester-hardening,0.2,Weak overlap: hardening,https://ahuffmyer.github.io/ASH_Putnam_Lab_Notebook/Oyster-Individual-Growth-and-New-Seed-Exposures/,https://github.com/RobertsLab/manchester-hardening
Point Whitney field day to start individual growth experiment and plan for new seed exposure work,paper-hatchery-microbiome,0.2,Weak overlap: hatchery,https://ahuffmyer.github.io/ASH_Putnam_Lab_Notebook/Oyster-Individual-Growth-and-New-Seed-Exposures/,https://github.com/RobertsLab/paper-hatchery-microbiome
Analysis of Variance Simultaneous Component Analyses ASCA for CEABIGR project,project-mytilus-methylation,0.2,"Weak overlap: DNA methylation, methylation",https://ahuffmyer.github.io/ASH_Putnam_Lab_Notebook/Analysis-of-Variance-Simultaneous-Component-Analyses-ASCA-for-CEABIGR-project/,https://github.com/RobertsLab/project-mytilus-methylation
Analysis of Variance Simultaneous Component Analyses ASCA for CEABIGR project,project-caligus-methylation,0.2,"Weak overlap: DNA methylation, methylation",https://ahuffmyer.github.io/ASH_Putnam_Lab_Notebook/Analysis-of-Variance-Simultaneous-Component-Analyses-ASCA-for-CEABIGR-project/,https://github.com/RobertsLab/project-caligus-methylation
Analysis of Variance Simultaneous Component Analyses ASCA for CEABIGR project,project-myt-crass-methylation,0.2,"Weak overlap: DNA methylation, methylation",https://ahuffmyer.github.io/ASH_Putnam_Lab_Notebook/Analysis-of-Variance-Simultaneous-Component-Analyses-ASCA-for-CEABIGR-project/,https://github.com/RobertsLab/project-myt-crass-methylation
Analysis of Variance Simultaneous Component Analyses ASCA for CEABIGR project,project-sc-RNAseq,0.2,Weak overlap: RNA-seq,https://ahuffmyer.github.io/ASH_Putnam_Lab_Notebook/Analysis-of-Variance-Simultaneous-Component-Analyses-ASCA-for-CEABIGR-project/,https://github.com/RobertsLab/project-sc-RNAseq
Analysis of Variance Simultaneous Component Analyses ASCA for CEABIGR project,EpiDiverse-snp,0.2,"Weak overlap: DNA methylation, methylation",https://ahuffmyer.github.io/ASH_Putnam_Lab_Notebook/Analysis-of-Variance-Simultaneous-Component-Analyses-ASCA-for-CEABIGR-project/,https://github.com/RobertsLab/EpiDiverse-snp
Analysis of Variance Simultaneous Component Analyses ASCA for CEABIGR project,paper-gigas-metaanalysis,0.2,"Weak overlap: DNA methylation, methylation",https://ahuffmyer.github.io/ASH_Putnam_Lab_Notebook/Analysis-of-Variance-Simultaneous-Component-Analyses-ASCA-for-CEABIGR-project/,https://github.com/RobertsLab/paper-gigas-metaanalysis
Washington Sea Grant Shellfish Growers Meeting Notes,project-gigas-conditioning,0.2,Weak overlap: Pacific oyster (Crassostrea/Magallana gigas),https://ahuffmyer.github.io/ASH_Putnam_Lab_Notebook/Washington-Sea-Grant-Shellfish-Growers-Meeting-Notes/,https://github.com/RobertsLab/project-gigas-conditioning
Washington Sea Grant Shellfish Growers Meeting Notes,10K-seed-Cgigas,0.2,"Weak overlap: Pacific oyster (Crassostrea/Magallana gigas), hardening",https://ahuffmyer.github.io/ASH_Putnam_Lab_Notebook/Washington-Sea-Grant-Shellfish-Growers-Meeting-Notes/,https://github.com/RobertsLab/10K-seed-Cgigas
Washington Sea Grant Shellfish Growers Meeting Notes,project-cod-temperature,0.2,Weak overlap: temperature,https://ahuffmyer.github.io/ASH_Putnam_Lab_Notebook/Washington-Sea-Grant-Shellfish-Growers-Meeting-Notes/,https://github.com/RobertsLab/project-cod-temperature
Washington Sea Grant Shellfish Growers Meeting Notes,project-gigas-carryover,0.2,"Weak overlap: Pacific oyster (Crassostrea/Magallana gigas), aquaculture",https://ahuffmyer.github.io/ASH_Putnam_Lab_Notebook/Washington-Sea-Grant-Shellfish-Growers-Meeting-Notes/,https://github.com/RobertsLab/project-gigas-carryover
Washington Sea Grant Shellfish Growers Meeting Notes,pgc-edc-oyster,0.2,Weak overlap: Pacific oyster (Crassostrea/Magallana gigas),https://ahuffmyer.github.io/ASH_Putnam_Lab_Notebook/Washington-Sea-Grant-Shellfish-Growers-Meeting-Notes/,https://github.com/RobertsLab/pgc-edc-oyster
Washington Sea Grant Shellfish Growers Meeting Notes,project-historical-hematodinium-crab,0.2,Weak overlap: Crab (general),https://ahuffmyer.github.io/ASH_Putnam_Lab_Notebook/Washington-Sea-Grant-Shellfish-Growers-Meeting-Notes/,https://github.com/RobertsLab/project-historical-hematodinium-crab
Washington Sea Grant Shellfish Growers Meeting Notes,project-crab,0.2,Weak overlap: Crab (general),https://ahuffmyer.github.io/ASH_Putnam_Lab_Notebook/Washington-Sea-Grant-Shellfish-Growers-Meeting-Notes/,https://github.com/RobertsLab/project-crab
Washington Sea Grant Shellfish Growers Meeting Notes,project-crab-capstone,0.2,Weak overlap: Crab (general),https://ahuffmyer.github.io/ASH_Putnam_Lab_Notebook/Washington-Sea-Grant-Shellfish-Growers-Meeting-Notes/,https://github.com/RobertsLab/project-crab-capstone
Washington Sea Grant Shellfish Growers Meeting Notes,project-gigas_ploidy,0.2,"Weak overlap: Pacific oyster (Crassostrea/Magallana gigas), ploidy",https://ahuffmyer.github.io/ASH_Putnam_Lab_Notebook/Washington-Sea-Grant-Shellfish-Growers-Meeting-Notes/,https://github.com/RobertsLab/project-gigas_ploidy
Washington Sea Grant Shellfish Growers Meeting Notes,paper-crab,0.2,Weak overlap: Crab (general),https://ahuffmyer.github.io/ASH_Putnam_Lab_Notebook/Washington-Sea-Grant-Shellfish-Growers-Meeting-Notes/,https://github.com/RobertsLab/paper-crab
Washington Sea Grant Shellfish Growers Meeting Notes,explore-crab-data,0.2,Weak overlap: Crab (general),https://ahuffmyer.github.io/ASH_Putnam_Lab_Notebook/Washington-Sea-Grant-Shellfish-Growers-Meeting-Notes/,https://github.com/RobertsLab/explore-crab-data
Washington Sea Grant Shellfish Growers Meeting Notes,paper-gigas-early-gametogenic-exposure,0.2,Weak overlap: Pacific oyster (Crassostrea/Magallana gigas),https://ahuffmyer.github.io/ASH_Putnam_Lab_Notebook/Washington-Sea-Grant-Shellfish-Growers-Meeting-Notes/,https://github.com/RobertsLab/paper-gigas-early-gametogenic-exposure
Washington Sea Grant Shellfish Growers Meeting Notes,paper-gigas-DNR-proteomics,0.2,Weak overlap: Pacific oyster (Crassostrea/Magallana gigas),https://ahuffmyer.github.io/ASH_Putnam_Lab_Notebook/Washington-Sea-Grant-Shellfish-Growers-Meeting-Notes/,https://github.com/RobertsLab/paper-gigas-DNR-proteomics
Washington Sea Grant Shellfish Growers Meeting Notes,paper-gigas-metaanalysis,0.2,Weak overlap: Pacific oyster (Crassostrea/Magallana gigas),https://ahuffmyer.github.io/ASH_Putnam_Lab_Notebook/Washington-Sea-Grant-Shellfish-Growers-Meeting-Notes/,https://github.com/RobertsLab/paper-gigas-metaanalysis
Hatchery day at Point Whitney to continue seed stress exposures,project-gigas-conditioning,0.2,Weak overlap: conditioning,https://ahuffmyer.github.io/ASH_Putnam_Lab_Notebook/Hatchery-Day-Continuing-Spat-Exposures/,https://github.com/RobertsLab/project-gigas-conditioning
Hatchery day at Point Whitney to continue seed stress exposures,project-cod-temperature,0.2,Weak overlap: temperature,https://ahuffmyer.github.io/ASH_Putnam_Lab_Notebook/Hatchery-Day-Continuing-Spat-Exposures/,https://github.com/RobertsLab/project-cod-temperature
Hatchery day at Point Whitney to continue seed stress exposures,paper-hatchery-microbiome,0.2,Weak overlap: hatchery,https://ahuffmyer.github.io/ASH_Putnam_Lab_Notebook/Hatchery-Day-Continuing-Spat-Exposures/,https://github.com/RobertsLab/paper-hatchery-microbiome
Correcting subsampling error in Mcap2020 ITS2 code and revise results,polyIC-larvae,0.2,Weak overlap: larvae,https://ahuffmyer.github.io/ASH_Putnam_Lab_Notebook/Correcting-subsampling-error-in-Mcap2020-ITS2-code-and-revise-results/,https://github.com/RobertsLab/polyIC-larvae
Correcting subsampling error in Mcap2020 ITS2 code and revise results,project-gigas-oa-meth,0.2,Weak overlap: larvae,https://ahuffmyer.github.io/ASH_Putnam_Lab_Notebook/Correcting-subsampling-error-in-Mcap2020-ITS2-code-and-revise-results/,https://github.com/RobertsLab/project-gigas-oa-meth
Correcting subsampling error in Mcap2020 ITS2 code and revise results,project-pacific.oyster-larvae,0.2,Weak overlap: larvae,https://ahuffmyer.github.io/ASH_Putnam_Lab_Notebook/Correcting-subsampling-error-in-Mcap2020-ITS2-code-and-revise-results/,https://github.com/RobertsLab/project-pacific.oyster-larvae
ITS2 amplicon PCR and preparation for sequencing 20240326,polyIC-larvae,0.2,Weak overlap: larvae,https://ahuffmyer.github.io/ASH_Putnam_Lab_Notebook/ITS2-amplicon-PCR-and-preparation-for-sequencing-20240326/,https://github.com/RobertsLab/polyIC-larvae
ITS2 amplicon PCR and preparation for sequencing 20240326,project-gigas-oa-meth,0.2,Weak overlap: larvae,https://ahuffmyer.github.io/ASH_Putnam_Lab_Notebook/ITS2-amplicon-PCR-and-preparation-for-sequencing-20240326/,https://github.com/RobertsLab/project-gigas-oa-meth
ITS2 amplicon PCR and preparation for sequencing 20240326,project-pacific.oyster-larvae,0.2,Weak overlap: larvae,https://ahuffmyer.github.io/ASH_Putnam_Lab_Notebook/ITS2-amplicon-PCR-and-preparation-for-sequencing-20240326/,https://github.com/RobertsLab/project-pacific.oyster-larvae
Sequence depth subsampling test with Mcap2020 ITS2 dataset,polyIC-larvae,0.2,Weak overlap: larvae,https://ahuffmyer.github.io/ASH_Putnam_Lab_Notebook/Sequence-depth-subsampling-test-with-Mcap2020-ITS2-dataset/,https://github.com/RobertsLab/polyIC-larvae
Sequence depth subsampling test with Mcap2020 ITS2 dataset,project-gigas-oa-meth,0.2,Weak overlap: larvae,https://ahuffmyer.github.io/ASH_Putnam_Lab_Notebook/Sequence-depth-subsampling-test-with-Mcap2020-ITS2-dataset/,https://github.com/RobertsLab/project-gigas-oa-meth
Sequence depth subsampling test with Mcap2020 ITS2 dataset,project-pacific.oyster-larvae,0.2,Weak overlap: larvae,https://ahuffmyer.github.io/ASH_Putnam_Lab_Notebook/Sequence-depth-subsampling-test-with-Mcap2020-ITS2-dataset/,https://github.com/RobertsLab/project-pacific.oyster-larvae
ITS2 amplicon sequencing preparation protocol,polyIC-larvae,0.2,Weak overlap: larvae,https://ahuffmyer.github.io/ASH_Putnam_Lab_Notebook/ITS2-amplification-protocol/,https://github.com/RobertsLab/polyIC-larvae
ITS2 amplicon sequencing preparation protocol,project-gigas-oa-meth,0.2,Weak overlap: larvae,https://ahuffmyer.github.io/ASH_Putnam_Lab_Notebook/ITS2-amplification-protocol/,https://github.com/RobertsLab/project-gigas-oa-meth
ITS2 amplicon sequencing preparation protocol,project-pacific.oyster-larvae,0.2,Weak overlap: larvae,https://ahuffmyer.github.io/ASH_Putnam_Lab_Notebook/ITS2-amplification-protocol/,https://github.com/RobertsLab/project-pacific.oyster-larvae
KAPA bead clean-up protocol for removal of primer dimers from PCR product,project-cod-temperature,0.2,Weak overlap: temperature,https://ahuffmyer.github.io/ASH_Putnam_Lab_Notebook/KAPA-bead-clean-up-protocol-for-removal-of-primer-dimers-from-PCR-product/,https://github.com/RobertsLab/project-cod-temperature
April 2024 Goals,project-gigas-conditioning,0.2,Weak overlap: conditioning,https://ahuffmyer.github.io/ASH_Putnam_Lab_Notebook/April-2024-Goals/,https://github.com/RobertsLab/project-gigas-conditioning
April 2024 Goals,project-sc-RNAseq,0.2,Weak overlap: RNA-seq,https://ahuffmyer.github.io/ASH_Putnam_Lab_Notebook/April-2024-Goals/,https://github.com/RobertsLab/project-sc-RNAseq
Hatchery field day at Point Whitney April 3 2024,10K-seed-Cgigas,0.2,Weak overlap: Pacific oyster (Crassostrea/Magallana gigas),https://ahuffmyer.github.io/ASH_Putnam_Lab_Notebook/Hatchery-field-day-at-Point-Whitney-April-3-2024/,https://github.com/RobertsLab/10K-seed-Cgigas
Hatchery field day at Point Whitney April 3 2024,project-cod-temperature,0.2,Weak overlap: temperature,https://ahuffmyer.github.io/ASH_Putnam_Lab_Notebook/Hatchery-field-day-at-Point-Whitney-April-3-2024/,https://github.com/RobertsLab/project-cod-temperature
Hatchery field day at Point Whitney April 3 2024,manchester-hardening,0.2,Weak overlap: thermal,https://ahuffmyer.github.io/ASH_Putnam_Lab_Notebook/Hatchery-field-day-at-Point-Whitney-April-3-2024/,https://github.com/RobertsLab/manchester-hardening
Hatchery field day at Point Whitney April 3 2024,pgc-edc-oyster,0.2,Weak overlap: Pacific oyster (Crassostrea/Magallana gigas),https://ahuffmyer.github.io/ASH_Putnam_Lab_Notebook/Hatchery-field-day-at-Point-Whitney-April-3-2024/,https://github.com/RobertsLab/pgc-edc-oyster
Hatchery field day at Point Whitney April 3 2024,oyster-ploidy-hardening,0.2,"Weak overlap: Pacific oyster (Crassostrea/Magallana gigas), diploid, triploid",https://ahuffmyer.github.io/ASH_Putnam_Lab_Notebook/Hatchery-field-day-at-Point-Whitney-April-3-2024/,https://github.com/RobertsLab/oyster-ploidy-hardening
Hatchery field day at Point Whitney April 3 2024,project-gigas-oa-meth,0.2,Weak overlap: Pacific oyster (Crassostrea/Magallana gigas),https://ahuffmyer.github.io/ASH_Putnam_Lab_Notebook/Hatchery-field-day-at-Point-Whitney-April-3-2024/,https://github.com/RobertsLab/project-gigas-oa-meth
Hatchery field day at Point Whitney April 3 2024,project-gigas-ploidy-oa,0.2,Weak overlap: Pacific oyster (Crassostrea/Magallana gigas),https://ahuffmyer.github.io/ASH_Putnam_Lab_Notebook/Hatchery-field-day-at-Point-Whitney-April-3-2024/,https://github.com/RobertsLab/project-gigas-ploidy-oa
Hatchery field day at Point Whitney April 3 2024,project-gigas_ploidy,0.2,"Weak overlap: Pacific oyster (Crassostrea/Magallana gigas), diploid, triploid",https://ahuffmyer.github.io/ASH_Putnam_Lab_Notebook/Hatchery-field-day-at-Point-Whitney-April-3-2024/,https://github.com/RobertsLab/project-gigas_ploidy
Hatchery field day at Point Whitney April 3 2024,paper-hatchery-microbiome,0.2,Weak overlap: hatchery,https://ahuffmyer.github.io/ASH_Putnam_Lab_Notebook/Hatchery-field-day-at-Point-Whitney-April-3-2024/,https://github.com/RobertsLab/paper-hatchery-microbiome
Hatchery field day at Point Whitney April 3 2024,paper-gigas-DNR-proteomics,0.2,Weak overlap: Pacific oyster (Crassostrea/Magallana gigas),https://ahuffmyer.github.io/ASH_Putnam_Lab_Notebook/Hatchery-field-day-at-Point-Whitney-April-3-2024/,https://github.com/RobertsLab/paper-gigas-DNR-proteomics
Hatchery field day at Point Whitney April 3 2024,paper-gigas-metaanalysis,0.2,Weak overlap: Pacific oyster (Crassostrea/Magallana gigas),https://ahuffmyer.github.io/ASH_Putnam_Lab_Notebook/Hatchery-field-day-at-Point-Whitney-April-3-2024/,https://github.com/RobertsLab/paper-gigas-metaanalysis
Raw sequence downloads and NCBI SRA uploads for M. capitata larval thermal tolerance project top off sequencing second upload,polyIC-larvae,0.2,Weak overlap: larvae,https://ahuffmyer.github.io/ASH_Putnam_Lab_Notebook/Mcapitata-Larval-Thermal-Tolerance-Project-Topoff-Sequencing_NCBI-upload-2/,https://github.com/RobertsLab/polyIC-larvae
Raw sequence downloads and NCBI SRA uploads for M. capitata larval thermal tolerance project top off sequencing second upload,project-cod-temperature,0.2,Weak overlap: temperature,https://ahuffmyer.github.io/ASH_Putnam_Lab_Notebook/Mcapitata-Larval-Thermal-Tolerance-Project-Topoff-Sequencing_NCBI-upload-2/,https://github.com/RobertsLab/project-cod-temperature
Raw sequence downloads and NCBI SRA uploads for M. capitata larval thermal tolerance project top off sequencing second upload,manchester-hardening,0.2,Weak overlap: thermal,https://ahuffmyer.github.io/ASH_Putnam_Lab_Notebook/Mcapitata-Larval-Thermal-Tolerance-Project-Topoff-Sequencing_NCBI-upload-2/,https://github.com/RobertsLab/manchester-hardening
Raw sequence downloads and NCBI SRA uploads for M. capitata larval thermal tolerance project top off sequencing second upload,project-gigas-oa-meth,0.2,Weak overlap: larvae,https://ahuffmyer.github.io/ASH_Putnam_Lab_Notebook/Mcapitata-Larval-Thermal-Tolerance-Project-Topoff-Sequencing_NCBI-upload-2/,https://github.com/RobertsLab/project-gigas-oa-meth
Raw sequence downloads and NCBI SRA uploads for M. capitata larval thermal tolerance project top off sequencing second upload,project-pacific.oyster-larvae,0.2,Weak overlap: larvae,https://ahuffmyer.github.io/ASH_Putnam_Lab_Notebook/Mcapitata-Larval-Thermal-Tolerance-Project-Topoff-Sequencing_NCBI-upload-2/,https://github.com/RobertsLab/project-pacific.oyster-larvae
QC of top off RNAseq files for Montipora capitata larval thermal tolerance 2023 project,manchester-hardening,0.2,Weak overlap: thermal,https://ahuffmyer.github.io/ASH_Putnam_Lab_Notebook/Toppoff-Sequencing-RNAseq-QC-for-Mcapitata-Larval-Thermal-Tolerance-Project/,https://github.com/RobertsLab/manchester-hardening
QC of top off RNAseq files for Montipora capitata larval thermal tolerance 2023 project,project-sc-RNAseq,0.2,Weak overlap: RNA-seq,https://ahuffmyer.github.io/ASH_Putnam_Lab_Notebook/Toppoff-Sequencing-RNAseq-QC-for-Mcapitata-Larval-Thermal-Tolerance-Project/,https://github.com/RobertsLab/project-sc-RNAseq
UT Sydney processing for lipidomics and metabolomics for Hawaii 2023 project,polyIC-larvae,0.2,Weak overlap: larvae,https://ahuffmyer.github.io/ASH_Putnam_Lab_Notebook/UT-Sydney-Lipid-Metabolite-Processing/,https://github.com/RobertsLab/polyIC-larvae
UT Sydney processing for lipidomics and metabolomics for Hawaii 2023 project,manchester-hardening,0.2,Weak overlap: thermal,https://ahuffmyer.github.io/ASH_Putnam_Lab_Notebook/UT-Sydney-Lipid-Metabolite-Processing/,https://github.com/RobertsLab/manchester-hardening
UT Sydney processing for lipidomics and metabolomics for Hawaii 2023 project,project-gigas-oa-meth,0.2,Weak overlap: larvae,https://ahuffmyer.github.io/ASH_Putnam_Lab_Notebook/UT-Sydney-Lipid-Metabolite-Processing/,https://github.com/RobertsLab/project-gigas-oa-meth
UT Sydney processing for lipidomics and metabolomics for Hawaii 2023 project,project-pacific.oyster-larvae,0.2,Weak overlap: larvae,https://ahuffmyer.github.io/ASH_Putnam_Lab_Notebook/UT-Sydney-Lipid-Metabolite-Processing/,https://github.com/RobertsLab/project-pacific.oyster-larvae
Alignment and assembly of RNAseq reads for Montipora capitata larval thermal tolerance 2023 project,manchester-hardening,0.2,Weak overlap: thermal,https://ahuffmyer.github.io/ASH_Putnam_Lab_Notebook/RNAseq-Alignment-and-Assembly-for-Mcapitata-Larval-Thermal-Tolerance-Project/,https://github.com/RobertsLab/manchester-hardening
Alignment and assembly of RNAseq reads for Montipora capitata larval thermal tolerance 2023 project,project-sc-RNAseq,0.2,Weak overlap: RNA-seq,https://ahuffmyer.github.io/ASH_Putnam_Lab_Notebook/RNAseq-Alignment-and-Assembly-for-Mcapitata-Larval-Thermal-Tolerance-Project/,https://github.com/RobertsLab/project-sc-RNAseq
Hatchery field day at Point Whitney May 1 2024,10K-seed-Cgigas,0.2,Weak overlap: Pacific oyster (Crassostrea/Magallana gigas),https://ahuffmyer.github.io/ASH_Putnam_Lab_Notebook/Hatchery-field-day-at-Point-Whitney-May-1-2024/,https://github.com/RobertsLab/10K-seed-Cgigas
Hatchery field day at Point Whitney May 1 2024,project-cod-temperature,0.2,Weak overlap: temperature,https://ahuffmyer.github.io/ASH_Putnam_Lab_Notebook/Hatchery-field-day-at-Point-Whitney-May-1-2024/,https://github.com/RobertsLab/project-cod-temperature
Hatchery field day at Point Whitney May 1 2024,manchester-hardening,0.2,Weak overlap: thermal,https://ahuffmyer.github.io/ASH_Putnam_Lab_Notebook/Hatchery-field-day-at-Point-Whitney-May-1-2024/,https://github.com/RobertsLab/manchester-hardening
Hatchery field day at Point Whitney May 1 2024,pgc-edc-oyster,0.2,Weak overlap: Pacific oyster (Crassostrea/Magallana gigas),https://ahuffmyer.github.io/ASH_Putnam_Lab_Notebook/Hatchery-field-day-at-Point-Whitney-May-1-2024/,https://github.com/RobertsLab/pgc-edc-oyster
Hatchery field day at Point Whitney May 1 2024,oyster-ploidy-hardening,0.2,Weak overlap: Pacific oyster (Crassostrea/Magallana gigas),https://ahuffmyer.github.io/ASH_Putnam_Lab_Notebook/Hatchery-field-day-at-Point-Whitney-May-1-2024/,https://github.com/RobertsLab/oyster-ploidy-hardening
Hatchery field day at Point Whitney May 1 2024,project-gigas-oa-meth,0.2,Weak overlap: Pacific oyster (Crassostrea/Magallana gigas),https://ahuffmyer.github.io/ASH_Putnam_Lab_Notebook/Hatchery-field-day-at-Point-Whitney-May-1-2024/,https://github.com/RobertsLab/project-gigas-oa-meth
Hatchery field day at Point Whitney May 1 2024,project-gigas-ploidy-oa,0.2,Weak overlap: Pacific oyster (Crassostrea/Magallana gigas),https://ahuffmyer.github.io/ASH_Putnam_Lab_Notebook/Hatchery-field-day-at-Point-Whitney-May-1-2024/,https://github.com/RobertsLab/project-gigas-ploidy-oa
Hatchery field day at Point Whitney May 1 2024,project-gigas_ploidy,0.2,Weak overlap: Pacific oyster (Crassostrea/Magallana gigas),https://ahuffmyer.github.io/ASH_Putnam_Lab_Notebook/Hatchery-field-day-at-Point-Whitney-May-1-2024/,https://github.com/RobertsLab/project-gigas_ploidy
Hatchery field day at Point Whitney May 1 2024,paper-hatchery-microbiome,0.2,Weak overlap: hatchery,https://ahuffmyer.github.io/ASH_Putnam_Lab_Notebook/Hatchery-field-day-at-Point-Whitney-May-1-2024/,https://github.com/RobertsLab/paper-hatchery-microbiome
Hatchery field day at Point Whitney May 1 2024,paper-gigas-DNR-proteomics,0.2,Weak overlap: Pacific oyster (Crassostrea/Magallana gigas),https://ahuffmyer.github.io/ASH_Putnam_Lab_Notebook/Hatchery-field-day-at-Point-Whitney-May-1-2024/,https://github.com/RobertsLab/paper-gigas-DNR-proteomics
Hatchery field day at Point Whitney May 1 2024,paper-gigas-metaanalysis,0.2,Weak overlap: Pacific oyster (Crassostrea/Magallana gigas),https://ahuffmyer.github.io/ASH_Putnam_Lab_Notebook/Hatchery-field-day-at-Point-Whitney-May-1-2024/,https://github.com/RobertsLab/paper-gigas-metaanalysis
May 2024 Goals,project-gigas-conditioning,0.2,Weak overlap: conditioning,https://ahuffmyer.github.io/ASH_Putnam_Lab_Notebook/May-2024-Goals/,https://github.com/RobertsLab/project-gigas-conditioning
May 2024 Goals,project-sc-RNAseq,0.2,Weak overlap: RNA-seq,https://ahuffmyer.github.io/ASH_Putnam_Lab_Notebook/May-2024-Goals/,https://github.com/RobertsLab/project-sc-RNAseq
May 2024 Goals,project-gigas-ploidy-oa,0.2,Weak overlap: ploidy,https://ahuffmyer.github.io/ASH_Putnam_Lab_Notebook/May-2024-Goals/,https://github.com/RobertsLab/project-gigas-ploidy-oa
May 2024 Goals,project-gigas_ploidy,0.2,Weak overlap: ploidy,https://ahuffmyer.github.io/ASH_Putnam_Lab_Notebook/May-2024-Goals/,https://github.com/RobertsLab/project-gigas_ploidy
Transfer raw sequencing data to backup Andromeda folder,project-sc-RNAseq,0.2,Weak overlap: RNA-seq,https://ahuffmyer.github.io/ASH_Putnam_Lab_Notebook/Transfer-Backup-Files-on-Andromeda/,https://github.com/RobertsLab/project-sc-RNAseq
DESeq2 Analysis of Montipora capitata 2023 RNAseq data,polyIC-larvae,0.2,Weak overlap: larvae,https://ahuffmyer.github.io/ASH_Putnam_Lab_Notebook/DESeq2-Analysis-of-Mcap-2023-RNAseq/,https://github.com/RobertsLab/polyIC-larvae
DESeq2 Analysis of Montipora capitata 2023 RNAseq data,project-cod-temperature,0.2,Weak overlap: temperature,https://ahuffmyer.github.io/ASH_Putnam_Lab_Notebook/DESeq2-Analysis-of-Mcap-2023-RNAseq/,https://github.com/RobertsLab/project-cod-temperature
DESeq2 Analysis of Montipora capitata 2023 RNAseq data,manchester-hardening,0.2,Weak overlap: thermal,https://ahuffmyer.github.io/ASH_Putnam_Lab_Notebook/DESeq2-Analysis-of-Mcap-2023-RNAseq/,https://github.com/RobertsLab/manchester-hardening
DESeq2 Analysis of Montipora capitata 2023 RNAseq data,project-sc-RNAseq,0.2,Weak overlap: RNA-seq,https://ahuffmyer.github.io/ASH_Putnam_Lab_Notebook/DESeq2-Analysis-of-Mcap-2023-RNAseq/,https://github.com/RobertsLab/project-sc-RNAseq
DESeq2 Analysis of Montipora capitata 2023 RNAseq data,project-gigas-oa-meth,0.2,Weak overlap: larvae,https://ahuffmyer.github.io/ASH_Putnam_Lab_Notebook/DESeq2-Analysis-of-Mcap-2023-RNAseq/,https://github.com/RobertsLab/project-gigas-oa-meth
DESeq2 Analysis of Montipora capitata 2023 RNAseq data,project-pacific.oyster-larvae,0.2,Weak overlap: larvae,https://ahuffmyer.github.io/ASH_Putnam_Lab_Notebook/DESeq2-Analysis-of-Mcap-2023-RNAseq/,https://github.com/RobertsLab/project-pacific.oyster-larvae
Hatchery field day at Point Whitney May 6 2024,project-cod-temperature,0.2,Weak overlap: temperature,https://ahuffmyer.github.io/ASH_Putnam_Lab_Notebook/Hatchery-field-day-at-Point-Whitney-May-6-2024/,https://github.com/RobertsLab/project-cod-temperature
Hatchery field day at Point Whitney May 6 2024,project-gigas_ploidy,0.2,"Weak overlap: diploid, ploidy, triploid",https://ahuffmyer.github.io/ASH_Putnam_Lab_Notebook/Hatchery-field-day-at-Point-Whitney-May-6-2024/,https://github.com/RobertsLab/project-gigas_ploidy
Hatchery field day at Point Whitney May 6 2024,paper-hatchery-microbiome,0.2,Weak overlap: hatchery,https://ahuffmyer.github.io/ASH_Putnam_Lab_Notebook/Hatchery-field-day-at-Point-Whitney-May-6-2024/,https://github.com/RobertsLab/paper-hatchery-microbiome
Oyster ploidy results,project-gigas-ploidy-oa,0.2,Weak overlap: ploidy,https://ahuffmyer.github.io/ASH_Putnam_Lab_Notebook/Oyster-ploidy-results/,https://github.com/RobertsLab/project-gigas-ploidy-oa
Oyster ploidy results,project-gigas_ploidy,0.2,Weak overlap: ploidy,https://ahuffmyer.github.io/ASH_Putnam_Lab_Notebook/Oyster-ploidy-results/,https://github.com/RobertsLab/project-gigas_ploidy
Hatchery field day at Point Whitney May 16 2024,project-cod-temperature,0.2,Weak overlap: temperature,https://ahuffmyer.github.io/ASH_Putnam_Lab_Notebook/Hatchery-field-day-at-Point-Whitney-May-16-2024/,https://github.com/RobertsLab/project-cod-temperature
Hatchery field day at Point Whitney May 16 2024,paper-hatchery-microbiome,0.2,Weak overlap: hatchery,https://ahuffmyer.github.io/ASH_Putnam_Lab_Notebook/Hatchery-field-day-at-Point-Whitney-May-16-2024/,https://github.com/RobertsLab/paper-hatchery-microbiome
Hatchery field day at Point Whitney May 22 2024,polyIC-larvae,0.2,Weak overlap: larvae,https://ahuffmyer.github.io/ASH_Putnam_Lab_Notebook/Hatchery-field-day-at-Point-Whitney-May-22-2024/,https://github.com/RobertsLab/polyIC-larvae
Hatchery field day at Point Whitney May 22 2024,10K-seed-Cgigas,0.2,Weak overlap: hardening,https://ahuffmyer.github.io/ASH_Putnam_Lab_Notebook/Hatchery-field-day-at-Point-Whitney-May-22-2024/,https://github.com/RobertsLab/10K-seed-Cgigas
Hatchery field day at Point Whitney May 22 2024,project-cod-temperature,0.2,Weak overlap: temperature,https://ahuffmyer.github.io/ASH_Putnam_Lab_Notebook/Hatchery-field-day-at-Point-Whitney-May-22-2024/,https://github.com/RobertsLab/project-cod-temperature
Hatchery field day at Point Whitney May 22 2024,manchester-hardening,0.2,"Weak overlap: hardening, thermal",https://ahuffmyer.github.io/ASH_Putnam_Lab_Notebook/Hatchery-field-day-at-Point-Whitney-May-22-2024/,https://github.com/RobertsLab/manchester-hardening
Hatchery field day at Point Whitney May 22 2024,project-gigas-oa-meth,0.2,Weak overlap: larvae,https://ahuffmyer.github.io/ASH_Putnam_Lab_Notebook/Hatchery-field-day-at-Point-Whitney-May-22-2024/,https://github.com/RobertsLab/project-gigas-oa-meth
Hatchery field day at Point Whitney May 22 2024,paper-hatchery-microbiome,0.2,Weak overlap: hatchery,https://ahuffmyer.github.io/ASH_Putnam_Lab_Notebook/Hatchery-field-day-at-Point-Whitney-May-22-2024/,https://github.com/RobertsLab/paper-hatchery-microbiome
Hatchery field day at Point Whitney May 29 2024,10K-seed-Cgigas,0.2,Weak overlap: hardening,https://ahuffmyer.github.io/ASH_Putnam_Lab_Notebook/Hatchery-field-day-at-Point-Whitney-May-29-2024/,https://github.com/RobertsLab/10K-seed-Cgigas
Hatchery field day at Point Whitney May 29 2024,project-cod-temperature,0.2,Weak overlap: temperature,https://ahuffmyer.github.io/ASH_Putnam_Lab_Notebook/Hatchery-field-day-at-Point-Whitney-May-29-2024/,https://github.com/RobertsLab/project-cod-temperature
Hatchery field day at Point Whitney May 29 2024,manchester-hardening,0.2,Weak overlap: hardening,https://ahuffmyer.github.io/ASH_Putnam_Lab_Notebook/Hatchery-field-day-at-Point-Whitney-May-29-2024/,https://github.com/RobertsLab/manchester-hardening
Hatchery field day at Point Whitney May 29 2024,paper-hatchery-microbiome,0.2,Weak overlap: hatchery,https://ahuffmyer.github.io/ASH_Putnam_Lab_Notebook/Hatchery-field-day-at-Point-Whitney-May-29-2024/,https://github.com/RobertsLab/paper-hatchery-microbiome
June 2024 Goals,10K-seed-Cgigas,0.2,Weak overlap: hardening,https://ahuffmyer.github.io/ASH_Putnam_Lab_Notebook/June-2024-Goals/,https://github.com/RobertsLab/10K-seed-Cgigas
June 2024 Goals,manchester-hardening,0.2,Weak overlap: hardening,https://ahuffmyer.github.io/ASH_Putnam_Lab_Notebook/June-2024-Goals/,https://github.com/RobertsLab/manchester-hardening
Oyster outplant overview,10K-seed-Cgigas,0.2,Weak overlap: hardening,https://ahuffmyer.github.io/ASH_Putnam_Lab_Notebook/Oyster-outplant-overview/,https://github.com/RobertsLab/10K-seed-Cgigas
Oyster outplant overview,project-cod-temperature,0.2,Weak overlap: temperature,https://ahuffmyer.github.io/ASH_Putnam_Lab_Notebook/Oyster-outplant-overview/,https://github.com/RobertsLab/project-cod-temperature
Oyster outplant overview,manchester-hardening,0.2,Weak overlap: hardening,https://ahuffmyer.github.io/ASH_Putnam_Lab_Notebook/Oyster-outplant-overview/,https://github.com/RobertsLab/manchester-hardening
Preparing Westcott outplants at Point Whitney on June 4 2024,10K-seed-Cgigas,0.2,Weak overlap: hardening,https://ahuffmyer.github.io/ASH_Putnam_Lab_Notebook/Prepare-Westcott-outplants-at-Point-Whitney-June-4-2024/,https://github.com/RobertsLab/10K-seed-Cgigas
Preparing Westcott outplants at Point Whitney on June 4 2024,project-cod-temperature,0.2,Weak overlap: temperature,https://ahuffmyer.github.io/ASH_Putnam_Lab_Notebook/Prepare-Westcott-outplants-at-Point-Whitney-June-4-2024/,https://github.com/RobertsLab/project-cod-temperature
Preparing Westcott outplants at Point Whitney on June 4 2024,manchester-hardening,0.2,"Weak overlap: hardening, thermal",https://ahuffmyer.github.io/ASH_Putnam_Lab_Notebook/Prepare-Westcott-outplants-at-Point-Whitney-June-4-2024/,https://github.com/RobertsLab/manchester-hardening
Upcoming oyster projects and to do lists,polyIC-larvae,0.2,Weak overlap: larvae,https://ahuffmyer.github.io/ASH_Putnam_Lab_Notebook/Upcoming-oyster-projects-and-to-do-list/,https://github.com/RobertsLab/polyIC-larvae
Upcoming oyster projects and to do lists,10K-seed-Cgigas,0.2,Weak overlap: hardening,https://ahuffmyer.github.io/ASH_Putnam_Lab_Notebook/Upcoming-oyster-projects-and-to-do-list/,https://github.com/RobertsLab/10K-seed-Cgigas
Upcoming oyster projects and to do lists,manchester-hardening,0.2,Weak overlap: hardening,https://ahuffmyer.github.io/ASH_Putnam_Lab_Notebook/Upcoming-oyster-projects-and-to-do-list/,https://github.com/RobertsLab/manchester-hardening
Upcoming oyster projects and to do lists,project-gigas-oa-meth,0.2,Weak overlap: larvae,https://ahuffmyer.github.io/ASH_Putnam_Lab_Notebook/Upcoming-oyster-projects-and-to-do-list/,https://github.com/RobertsLab/project-gigas-oa-meth
Upcoming oyster projects and to do lists,project-gigas_ploidy,0.2,Weak overlap: triploid,https://ahuffmyer.github.io/ASH_Putnam_Lab_Notebook/Upcoming-oyster-projects-and-to-do-list/,https://github.com/RobertsLab/project-gigas_ploidy
Hawaii 2023 Larval Tolerance project ITS2 Analysis Part 1,manchester-hardening,0.2,Weak overlap: thermal,https://ahuffmyer.github.io/ASH_Putnam_Lab_Notebook/Hawaii-2023-Larval-Tolerance-ITS2-Analysis-Part-1/,https://github.com/RobertsLab/manchester-hardening
NCBI upload for Montipora capitata larval tolerance ITS2 sequences,manchester-hardening,0.2,Weak overlap: thermal,https://ahuffmyer.github.io/ASH_Putnam_Lab_Notebook/NCBI-upload-for-Montipora-capitata-larval-tolerance-ITS2-sequences/,https://github.com/RobertsLab/manchester-hardening
Oyster survival testing for lifestage carryover project,10K-seed-Cgigas,0.2,"Weak overlap: Pacific oyster (Crassostrea/Magallana gigas), hardening",https://ahuffmyer.github.io/ASH_Putnam_Lab_Notebook/Oyster-survival-test-planning/,https://github.com/RobertsLab/10K-seed-Cgigas
Oyster survival testing for lifestage carryover project,project-cod-temperature,0.2,Weak overlap: temperature,https://ahuffmyer.github.io/ASH_Putnam_Lab_Notebook/Oyster-survival-test-planning/,https://github.com/RobertsLab/project-cod-temperature
Oyster survival testing for lifestage carryover project,manchester-hardening,0.2,Weak overlap: hardening,https://ahuffmyer.github.io/ASH_Putnam_Lab_Notebook/Oyster-survival-test-planning/,https://github.com/RobertsLab/manchester-hardening
Oyster survival testing for lifestage carryover project,pgc-edc-oyster,0.2,Weak overlap: Pacific oyster (Crassostrea/Magallana gigas),https://ahuffmyer.github.io/ASH_Putnam_Lab_Notebook/Oyster-survival-test-planning/,https://github.com/RobertsLab/pgc-edc-oyster
Oyster survival testing for lifestage carryover project,project-gigas-oa-meth,0.2,Weak overlap: Pacific oyster (Crassostrea/Magallana gigas),https://ahuffmyer.github.io/ASH_Putnam_Lab_Notebook/Oyster-survival-test-planning/,https://github.com/RobertsLab/project-gigas-oa-meth
Oyster survival testing for lifestage carryover project,project-gigas-ploidy-oa,0.2,Weak overlap: Pacific oyster (Crassostrea/Magallana gigas),https://ahuffmyer.github.io/ASH_Putnam_Lab_Notebook/Oyster-survival-test-planning/,https://github.com/RobertsLab/project-gigas-ploidy-oa
Oyster survival testing for lifestage carryover project,project-gigas_ploidy,0.2,Weak overlap: Pacific oyster (Crassostrea/Magallana gigas),https://ahuffmyer.github.io/ASH_Putnam_Lab_Notebook/Oyster-survival-test-planning/,https://github.com/RobertsLab/project-gigas_ploidy
Oyster survival testing for lifestage carryover project,paper-gigas-DNR-proteomics,0.2,Weak overlap: Pacific oyster (Crassostrea/Magallana gigas),https://ahuffmyer.github.io/ASH_Putnam_Lab_Notebook/Oyster-survival-test-planning/,https://github.com/RobertsLab/paper-gigas-DNR-proteomics
Oyster survival testing for lifestage carryover project,paper-gigas-metaanalysis,0.2,Weak overlap: Pacific oyster (Crassostrea/Magallana gigas),https://ahuffmyer.github.io/ASH_Putnam_Lab_Notebook/Oyster-survival-test-planning/,https://github.com/RobertsLab/paper-gigas-metaanalysis
Field day at Point Whitney June 12 2024,project-cod-temperature,0.2,Weak overlap: temperature,https://ahuffmyer.github.io/ASH_Putnam_Lab_Notebook/Point-Whitney-Field-Day-June-12-2024/,https://github.com/RobertsLab/project-cod-temperature
Field day at Point Whitney June 12 2024,project-gigas-ploidy-oa,0.2,Weak overlap: ploidy,https://ahuffmyer.github.io/ASH_Putnam_Lab_Notebook/Point-Whitney-Field-Day-June-12-2024/,https://github.com/RobertsLab/project-gigas-ploidy-oa
Field day at Point Whitney June 12 2024,project-gigas_ploidy,0.2,Weak overlap: ploidy,https://ahuffmyer.github.io/ASH_Putnam_Lab_Notebook/Point-Whitney-Field-Day-June-12-2024/,https://github.com/RobertsLab/project-gigas_ploidy
Spawning at Point Whitney June 13 2024,polyIC-larvae,0.2,Weak overlap: larvae,https://ahuffmyer.github.io/ASH_Putnam_Lab_Notebook/Spawning-at-Point-Whitney-June-13-2024/,https://github.com/RobertsLab/polyIC-larvae
Spawning at Point Whitney June 13 2024,project-gigas-oa-meth,0.2,"Weak overlap: gonad, larvae",https://ahuffmyer.github.io/ASH_Putnam_Lab_Notebook/Spawning-at-Point-Whitney-June-13-2024/,https://github.com/RobertsLab/project-gigas-oa-meth
Spawning at Point Whitney June 13 2024,paper-hatchery-microbiome,0.2,Weak overlap: hatchery,https://ahuffmyer.github.io/ASH_Putnam_Lab_Notebook/Spawning-at-Point-Whitney-June-13-2024/,https://github.com/RobertsLab/paper-hatchery-microbiome
Field day at Point Whitney June 19 2024,polyIC-larvae,0.2,Weak overlap: larvae,https://ahuffmyer.github.io/ASH_Putnam_Lab_Notebook/Point-Whitney-Field-Day-June-19-2024/,https://github.com/RobertsLab/polyIC-larvae
Field day at Point Whitney June 19 2024,project-cod-temperature,0.2,Weak overlap: temperature,https://ahuffmyer.github.io/ASH_Putnam_Lab_Notebook/Point-Whitney-Field-Day-June-19-2024/,https://github.com/RobertsLab/project-cod-temperature
Field day at Point Whitney June 19 2024,project-gigas-oa-meth,0.2,"Weak overlap: gonad, larvae",https://ahuffmyer.github.io/ASH_Putnam_Lab_Notebook/Point-Whitney-Field-Day-June-19-2024/,https://github.com/RobertsLab/project-gigas-oa-meth
Field day at Point Whitney Preparing Outplants June 24 2024,polyIC-larvae,0.2,Weak overlap: larvae,https://ahuffmyer.github.io/ASH_Putnam_Lab_Notebook/Point-Whitney-Preparing-Outplants-June-24-2024/,https://github.com/RobertsLab/polyIC-larvae
Field day at Point Whitney Preparing Outplants June 24 2024,project-cod-temperature,0.2,Weak overlap: temperature,https://ahuffmyer.github.io/ASH_Putnam_Lab_Notebook/Point-Whitney-Preparing-Outplants-June-24-2024/,https://github.com/RobertsLab/project-cod-temperature
Field day at Point Whitney Preparing Outplants June 24 2024,project-gigas-oa-meth,0.2,Weak overlap: larvae,https://ahuffmyer.github.io/ASH_Putnam_Lab_Notebook/Point-Whitney-Preparing-Outplants-June-24-2024/,https://github.com/RobertsLab/project-gigas-oa-meth
Outplanting oysters at Goose Point in Willapa Bay,project-cod-temperature,0.2,Weak overlap: temperature,https://ahuffmyer.github.io/ASH_Putnam_Lab_Notebook/Goose-Point-Outplanting-June-25-2024/,https://github.com/RobertsLab/project-cod-temperature
DESeq LRT and Functional Enrichment Analysis of Mcap2020 TagSeq Data,project-lake-trout,0.2,Weak overlap: genome,https://ahuffmyer.github.io/ASH_Putnam_Lab_Notebook/DESeq-LRT-and-Functional-Enrichment-Analysis-of-Mcap2020-TagSeq-Data/,https://github.com/RobertsLab/project-lake-trout
DESeq LRT and Functional Enrichment Analysis of Mcap2020 TagSeq Data,polyIC-larvae,0.2,Weak overlap: larvae,https://ahuffmyer.github.io/ASH_Putnam_Lab_Notebook/DESeq-LRT-and-Functional-Enrichment-Analysis-of-Mcap2020-TagSeq-Data/,https://github.com/RobertsLab/polyIC-larvae
DESeq LRT and Functional Enrichment Analysis of Mcap2020 TagSeq Data,project-gigas-oa-meth,0.2,Weak overlap: larvae,https://ahuffmyer.github.io/ASH_Putnam_Lab_Notebook/DESeq-LRT-and-Functional-Enrichment-Analysis-of-Mcap2020-TagSeq-Data/,https://github.com/RobertsLab/project-gigas-oa-meth
DESeq LRT and Functional Enrichment Analysis of Mcap2020 TagSeq Data,duck-genome-viz,0.2,Weak overlap: genome,https://ahuffmyer.github.io/ASH_Putnam_Lab_Notebook/DESeq-LRT-and-Functional-Enrichment-Analysis-of-Mcap2020-TagSeq-Data/,https://github.com/RobertsLab/duck-genome-viz
DESeq LRT and Functional Enrichment Analysis of Mcap2020 TagSeq Data,project-pacific.oyster-larvae,0.2,Weak overlap: larvae,https://ahuffmyer.github.io/ASH_Putnam_Lab_Notebook/DESeq-LRT-and-Functional-Enrichment-Analysis-of-Mcap2020-TagSeq-Data/,https://github.com/RobertsLab/project-pacific.oyster-larvae
DESeq LRT and Functional Enrichment Analysis of Mcap2020 TagSeq Data,project-geoduck-genome,0.2,Weak overlap: genome,https://ahuffmyer.github.io/ASH_Putnam_Lab_Notebook/DESeq-LRT-and-Functional-Enrichment-Analysis-of-Mcap2020-TagSeq-Data/,https://github.com/RobertsLab/project-geoduck-genome
PolyIC Immune Priming Protocols,oyster-ploidy-hardening,0.2,"Weak overlap: diploid, triploid",https://ahuffmyer.github.io/ASH_Putnam_Lab_Notebook/PolyIC-Immune-Priming-Protocols/,https://github.com/RobertsLab/oyster-ploidy-hardening
PolyIC Immune Priming Protocols,project-gigas_ploidy,0.2,"Weak overlap: diploid, triploid",https://ahuffmyer.github.io/ASH_Putnam_Lab_Notebook/PolyIC-Immune-Priming-Protocols/,https://github.com/RobertsLab/project-gigas_ploidy
Field day at Point Whitney June 28 2024,polyIC-larvae,0.2,Weak overlap: larvae,https://ahuffmyer.github.io/ASH_Putnam_Lab_Notebook/Point-Whitney-Field-Day-June-28-2024/,https://github.com/RobertsLab/polyIC-larvae
Field day at Point Whitney June 28 2024,project-cod-temperature,0.2,Weak overlap: temperature,https://ahuffmyer.github.io/ASH_Putnam_Lab_Notebook/Point-Whitney-Field-Day-June-28-2024/,https://github.com/RobertsLab/project-cod-temperature
Field day at Point Whitney June 28 2024,project-gigas-oa-meth,0.2,Weak overlap: larvae,https://ahuffmyer.github.io/ASH_Putnam_Lab_Notebook/Point-Whitney-Field-Day-June-28-2024/,https://github.com/RobertsLab/project-gigas-oa-meth
Field day at Point Whitney June 28 2024,project-gigas-ploidy-oa,0.2,Weak overlap: ploidy,https://ahuffmyer.github.io/ASH_Putnam_Lab_Notebook/Point-Whitney-Field-Day-June-28-2024/,https://github.com/RobertsLab/project-gigas-ploidy-oa
Field day at Point Whitney June 28 2024,project-gigas_ploidy,0.2,"Weak overlap: diploid, ploidy, triploid",https://ahuffmyer.github.io/ASH_Putnam_Lab_Notebook/Point-Whitney-Field-Day-June-28-2024/,https://github.com/RobertsLab/project-gigas_ploidy
Field day at Point Whitney June 28 2024,paper-hatchery-microbiome,0.2,Weak overlap: hatchery,https://ahuffmyer.github.io/ASH_Putnam_Lab_Notebook/Point-Whitney-Field-Day-June-28-2024/,https://github.com/RobertsLab/paper-hatchery-microbiome
July 2024 Goals,project-cod-temperature,0.2,Weak overlap: temperature,https://ahuffmyer.github.io/ASH_Putnam_Lab_Notebook/July-2024-Goals/,https://github.com/RobertsLab/project-cod-temperature
July 2024 Goals,project-sc-RNAseq,0.2,Weak overlap: RNA-seq,https://ahuffmyer.github.io/ASH_Putnam_Lab_Notebook/July-2024-Goals/,https://github.com/RobertsLab/project-sc-RNAseq
Field day at Point Whitney July 10 2024,polyIC-larvae,0.2,Weak overlap: larvae,https://ahuffmyer.github.io/ASH_Putnam_Lab_Notebook/Point-Whitney-Field-Day-July-10-2024/,https://github.com/RobertsLab/polyIC-larvae
Field day at Point Whitney July 10 2024,project-cod-temperature,0.2,Weak overlap: temperature,https://ahuffmyer.github.io/ASH_Putnam_Lab_Notebook/Point-Whitney-Field-Day-July-10-2024/,https://github.com/RobertsLab/project-cod-temperature
Field day at Point Whitney July 10 2024,project-gigas-oa-meth,0.2,Weak overlap: larvae,https://ahuffmyer.github.io/ASH_Putnam_Lab_Notebook/Point-Whitney-Field-Day-July-10-2024/,https://github.com/RobertsLab/project-gigas-oa-meth
Sampling 10K seed oyster project at UW,project-gigas-conditioning,0.2,Weak overlap: Pacific oyster (Crassostrea/Magallana gigas),https://ahuffmyer.github.io/ASH_Putnam_Lab_Notebook/Sampling-10K-seed-oyster-project-at-UW/,https://github.com/RobertsLab/project-gigas-conditioning
Sampling 10K seed oyster project at UW,project-cod-temperature,0.2,Weak overlap: temperature,https://ahuffmyer.github.io/ASH_Putnam_Lab_Notebook/Sampling-10K-seed-oyster-project-at-UW/,https://github.com/RobertsLab/project-cod-temperature
Sampling 10K seed oyster project at UW,manchester-hardening,0.2,Weak overlap: hardening,https://ahuffmyer.github.io/ASH_Putnam_Lab_Notebook/Sampling-10K-seed-oyster-project-at-UW/,https://github.com/RobertsLab/manchester-hardening
Sampling 10K seed oyster project at UW,project-gigas-carryover,0.2,Weak overlap: Pacific oyster (Crassostrea/Magallana gigas),https://ahuffmyer.github.io/ASH_Putnam_Lab_Notebook/Sampling-10K-seed-oyster-project-at-UW/,https://github.com/RobertsLab/project-gigas-carryover
Sampling 10K seed oyster project at UW,pgc-edc-oyster,0.2,Weak overlap: Pacific oyster (Crassostrea/Magallana gigas),https://ahuffmyer.github.io/ASH_Putnam_Lab_Notebook/Sampling-10K-seed-oyster-project-at-UW/,https://github.com/RobertsLab/pgc-edc-oyster
Sampling 10K seed oyster project at UW,project-gigas-oa-meth,0.2,Weak overlap: Pacific oyster (Crassostrea/Magallana gigas),https://ahuffmyer.github.io/ASH_Putnam_Lab_Notebook/Sampling-10K-seed-oyster-project-at-UW/,https://github.com/RobertsLab/project-gigas-oa-meth
Sampling 10K seed oyster project at UW,project-gigas-ploidy-oa,0.2,Weak overlap: Pacific oyster (Crassostrea/Magallana gigas),https://ahuffmyer.github.io/ASH_Putnam_Lab_Notebook/Sampling-10K-seed-oyster-project-at-UW/,https://github.com/RobertsLab/project-gigas-ploidy-oa
Sampling 10K seed oyster project at UW,project-gigas_ploidy,0.2,Weak overlap: Pacific oyster (Crassostrea/Magallana gigas),https://ahuffmyer.github.io/ASH_Putnam_Lab_Notebook/Sampling-10K-seed-oyster-project-at-UW/,https://github.com/RobertsLab/project-gigas_ploidy
Sampling 10K seed oyster project at UW,paper-gigas-DNR-proteomics,0.2,Weak overlap: Pacific oyster (Crassostrea/Magallana gigas),https://ahuffmyer.github.io/ASH_Putnam_Lab_Notebook/Sampling-10K-seed-oyster-project-at-UW/,https://github.com/RobertsLab/paper-gigas-DNR-proteomics
Sampling 10K seed oyster project at UW,paper-gigas-metaanalysis,0.2,Weak overlap: Pacific oyster (Crassostrea/Magallana gigas),https://ahuffmyer.github.io/ASH_Putnam_Lab_Notebook/Sampling-10K-seed-oyster-project-at-UW/,https://github.com/RobertsLab/paper-gigas-metaanalysis
Field day at Point Whitney Aug 8 2024,project-cod-temperature,0.2,Weak overlap: temperature,https://ahuffmyer.github.io/ASH_Putnam_Lab_Notebook/Point-Whitney-Field-Day-Aug-8-2024/,https://github.com/RobertsLab/project-cod-temperature
10K seed resazurin survival analysis,project-gigas-conditioning,0.2,Weak overlap: Pacific oyster (Crassostrea/Magallana gigas),https://ahuffmyer.github.io/ASH_Putnam_Lab_Notebook/10K-seed-resazurin-survival-analysis/,https://github.com/RobertsLab/project-gigas-conditioning
10K seed resazurin survival analysis,project-cod-temperature,0.2,Weak overlap: temperature,https://ahuffmyer.github.io/ASH_Putnam_Lab_Notebook/10K-seed-resazurin-survival-analysis/,https://github.com/RobertsLab/project-cod-temperature
10K seed resazurin survival analysis,manchester-hardening,0.2,Weak overlap: hardening,https://ahuffmyer.github.io/ASH_Putnam_Lab_Notebook/10K-seed-resazurin-survival-analysis/,https://github.com/RobertsLab/manchester-hardening
10K seed resazurin survival analysis,project-gigas-carryover,0.2,Weak overlap: Pacific oyster (Crassostrea/Magallana gigas),https://ahuffmyer.github.io/ASH_Putnam_Lab_Notebook/10K-seed-resazurin-survival-analysis/,https://github.com/RobertsLab/project-gigas-carryover
10K seed resazurin survival analysis,pgc-edc-oyster,0.2,Weak overlap: Pacific oyster (Crassostrea/Magallana gigas),https://ahuffmyer.github.io/ASH_Putnam_Lab_Notebook/10K-seed-resazurin-survival-analysis/,https://github.com/RobertsLab/pgc-edc-oyster
10K seed resazurin survival analysis,project-gigas-oa-meth,0.2,Weak overlap: Pacific oyster (Crassostrea/Magallana gigas),https://ahuffmyer.github.io/ASH_Putnam_Lab_Notebook/10K-seed-resazurin-survival-analysis/,https://github.com/RobertsLab/project-gigas-oa-meth
10K seed resazurin survival analysis,project-gigas-ploidy-oa,0.2,Weak overlap: Pacific oyster (Crassostrea/Magallana gigas),https://ahuffmyer.github.io/ASH_Putnam_Lab_Notebook/10K-seed-resazurin-survival-analysis/,https://github.com/RobertsLab/project-gigas-ploidy-oa
10K seed resazurin survival analysis,project-gigas_ploidy,0.2,Weak overlap: Pacific oyster (Crassostrea/Magallana gigas),https://ahuffmyer.github.io/ASH_Putnam_Lab_Notebook/10K-seed-resazurin-survival-analysis/,https://github.com/RobertsLab/project-gigas_ploidy
10K seed resazurin survival analysis,paper-hatchery-microbiome,0.2,Weak overlap: hatchery,https://ahuffmyer.github.io/ASH_Putnam_Lab_Notebook/10K-seed-resazurin-survival-analysis/,https://github.com/RobertsLab/paper-hatchery-microbiome
10K seed resazurin survival analysis,paper-gigas-early-gametogenic-exposure,0.2,Weak overlap: Pacific oyster (Crassostrea/Magallana gigas),https://ahuffmyer.github.io/ASH_Putnam_Lab_Notebook/10K-seed-resazurin-survival-analysis/,https://github.com/RobertsLab/paper-gigas-early-gametogenic-exposure
10K seed resazurin survival analysis,paper-gigas-DNR-proteomics,0.2,Weak overlap: Pacific oyster (Crassostrea/Magallana gigas),https://ahuffmyer.github.io/ASH_Putnam_Lab_Notebook/10K-seed-resazurin-survival-analysis/,https://github.com/RobertsLab/paper-gigas-DNR-proteomics
10K seed resazurin survival analysis,paper-gigas-metaanalysis,0.2,Weak overlap: Pacific oyster (Crassostrea/Magallana gigas),https://ahuffmyer.github.io/ASH_Putnam_Lab_Notebook/10K-seed-resazurin-survival-analysis/,https://github.com/RobertsLab/paper-gigas-metaanalysis
Survival and growth of oysters at Goose Point in Willapa Bay,project-cod-temperature,0.2,Weak overlap: temperature,https://ahuffmyer.github.io/ASH_Putnam_Lab_Notebook/Goose-Point-Sampling-Sept-9-2024/,https://github.com/RobertsLab/project-cod-temperature
Data entry for Goose Point data and schedule for incubations,project-cod-temperature,0.2,Weak overlap: temperature,https://ahuffmyer.github.io/ASH_Putnam_Lab_Notebook/Data-entry-for-Goose-Point-data-and-schedule-for-incubations/,https://github.com/RobertsLab/project-cod-temperature
Data entry for Goose Point data and schedule for incubations,manchester-hardening,0.2,Weak overlap: hardening,https://ahuffmyer.github.io/ASH_Putnam_Lab_Notebook/Data-entry-for-Goose-Point-data-and-schedule-for-incubations/,https://github.com/RobertsLab/manchester-hardening
Data entry for Goose Point data and schedule for incubations,project-gigas-carryover,0.2,Weak overlap: Pacific oyster (Crassostrea/Magallana gigas),https://ahuffmyer.github.io/ASH_Putnam_Lab_Notebook/Data-entry-for-Goose-Point-data-and-schedule-for-incubations/,https://github.com/RobertsLab/project-gigas-carryover
Data entry for Goose Point data and schedule for incubations,pgc-edc-oyster,0.2,Weak overlap: Pacific oyster (Crassostrea/Magallana gigas),https://ahuffmyer.github.io/ASH_Putnam_Lab_Notebook/Data-entry-for-Goose-Point-data-and-schedule-for-incubations/,https://github.com/RobertsLab/pgc-edc-oyster
Data entry for Goose Point data and schedule for incubations,project-gigas-oa-meth,0.2,Weak overlap: Pacific oyster (Crassostrea/Magallana gigas),https://ahuffmyer.github.io/ASH_Putnam_Lab_Notebook/Data-entry-for-Goose-Point-data-and-schedule-for-incubations/,https://github.com/RobertsLab/project-gigas-oa-meth
Data entry for Goose Point data and schedule for incubations,project-gigas-ploidy-oa,0.2,Weak overlap: Pacific oyster (Crassostrea/Magallana gigas),https://ahuffmyer.github.io/ASH_Putnam_Lab_Notebook/Data-entry-for-Goose-Point-data-and-schedule-for-incubations/,https://github.com/RobertsLab/project-gigas-ploidy-oa
Data entry for Goose Point data and schedule for incubations,project-gigas_ploidy,0.2,Weak overlap: Pacific oyster (Crassostrea/Magallana gigas),https://ahuffmyer.github.io/ASH_Putnam_Lab_Notebook/Data-entry-for-Goose-Point-data-and-schedule-for-incubations/,https://github.com/RobertsLab/project-gigas_ploidy
Data entry for Goose Point data and schedule for incubations,paper-gigas-early-gametogenic-exposure,0.2,Weak overlap: Pacific oyster (Crassostrea/Magallana gigas),https://ahuffmyer.github.io/ASH_Putnam_Lab_Notebook/Data-entry-for-Goose-Point-data-and-schedule-for-incubations/,https://github.com/RobertsLab/paper-gigas-early-gametogenic-exposure
Data entry for Goose Point data and schedule for incubations,paper-gigas-DNR-proteomics,0.2,Weak overlap: Pacific oyster (Crassostrea/Magallana gigas),https://ahuffmyer.github.io/ASH_Putnam_Lab_Notebook/Data-entry-for-Goose-Point-data-and-schedule-for-incubations/,https://github.com/RobertsLab/paper-gigas-DNR-proteomics
Data entry for Goose Point data and schedule for incubations,paper-gigas-metaanalysis,0.2,Weak overlap: Pacific oyster (Crassostrea/Magallana gigas),https://ahuffmyer.github.io/ASH_Putnam_Lab_Notebook/Data-entry-for-Goose-Point-data-and-schedule-for-incubations/,https://github.com/RobertsLab/paper-gigas-metaanalysis
Point Whitney Field Day September 17 and 20 2024,project-cod-temperature,0.2,Weak overlap: temperature,https://ahuffmyer.github.io/ASH_Putnam_Lab_Notebook/Point-Whitney-Field-Day-September-17-and-20-2024/,https://github.com/RobertsLab/project-cod-temperature
Point Whitney Field Day September 17 and 20 2024,manchester-hardening,0.2,Weak overlap: hardening,https://ahuffmyer.github.io/ASH_Putnam_Lab_Notebook/Point-Whitney-Field-Day-September-17-and-20-2024/,https://github.com/RobertsLab/manchester-hardening
Point Whitney Field Day September 17 and 20 2024,project-gigas-carryover,0.2,Weak overlap: Pacific oyster (Crassostrea/Magallana gigas),https://ahuffmyer.github.io/ASH_Putnam_Lab_Notebook/Point-Whitney-Field-Day-September-17-and-20-2024/,https://github.com/RobertsLab/project-gigas-carryover
Point Whitney Field Day September 17 and 20 2024,pgc-edc-oyster,0.2,Weak overlap: Pacific oyster (Crassostrea/Magallana gigas),https://ahuffmyer.github.io/ASH_Putnam_Lab_Notebook/Point-Whitney-Field-Day-September-17-and-20-2024/,https://github.com/RobertsLab/pgc-edc-oyster
Point Whitney Field Day September 17 and 20 2024,project-gigas-oa-meth,0.2,Weak overlap: Pacific oyster (Crassostrea/Magallana gigas),https://ahuffmyer.github.io/ASH_Putnam_Lab_Notebook/Point-Whitney-Field-Day-September-17-and-20-2024/,https://github.com/RobertsLab/project-gigas-oa-meth
Point Whitney Field Day September 17 and 20 2024,project-gigas-ploidy-oa,0.2,Weak overlap: Pacific oyster (Crassostrea/Magallana gigas),https://ahuffmyer.github.io/ASH_Putnam_Lab_Notebook/Point-Whitney-Field-Day-September-17-and-20-2024/,https://github.com/RobertsLab/project-gigas-ploidy-oa
Point Whitney Field Day September 17 and 20 2024,project-gigas_ploidy,0.2,Weak overlap: Pacific oyster (Crassostrea/Magallana gigas),https://ahuffmyer.github.io/ASH_Putnam_Lab_Notebook/Point-Whitney-Field-Day-September-17-and-20-2024/,https://github.com/RobertsLab/project-gigas_ploidy
Point Whitney Field Day September 17 and 20 2024,paper-hatchery-microbiome,0.2,Weak overlap: hatchery,https://ahuffmyer.github.io/ASH_Putnam_Lab_Notebook/Point-Whitney-Field-Day-September-17-and-20-2024/,https://github.com/RobertsLab/paper-hatchery-microbiome
Point Whitney Field Day September 17 and 20 2024,paper-gigas-early-gametogenic-exposure,0.2,Weak overlap: Pacific oyster (Crassostrea/Magallana gigas),https://ahuffmyer.github.io/ASH_Putnam_Lab_Notebook/Point-Whitney-Field-Day-September-17-and-20-2024/,https://github.com/RobertsLab/paper-gigas-early-gametogenic-exposure
Point Whitney Field Day September 17 and 20 2024,paper-gigas-DNR-proteomics,0.2,Weak overlap: Pacific oyster (Crassostrea/Magallana gigas),https://ahuffmyer.github.io/ASH_Putnam_Lab_Notebook/Point-Whitney-Field-Day-September-17-and-20-2024/,https://github.com/RobertsLab/paper-gigas-DNR-proteomics
Point Whitney Field Day September 17 and 20 2024,paper-gigas-metaanalysis,0.2,Weak overlap: Pacific oyster (Crassostrea/Magallana gigas),https://ahuffmyer.github.io/ASH_Putnam_Lab_Notebook/Point-Whitney-Field-Day-September-17-and-20-2024/,https://github.com/RobertsLab/paper-gigas-metaanalysis
Preliminary lipidomic and metabolomics analysis of Hawaii 2023 larval data,polyIC-larvae,0.2,Weak overlap: larvae,https://ahuffmyer.github.io/ASH_Putnam_Lab_Notebook/Preliminary-lipidomic-and-metabolomics-analysis-of-Hawaii-2023-larval-data/,https://github.com/RobertsLab/polyIC-larvae
Preliminary lipidomic and metabolomics analysis of Hawaii 2023 larval data,project-cod-temperature,0.2,Weak overlap: temperature,https://ahuffmyer.github.io/ASH_Putnam_Lab_Notebook/Preliminary-lipidomic-and-metabolomics-analysis-of-Hawaii-2023-larval-data/,https://github.com/RobertsLab/project-cod-temperature
Preliminary lipidomic and metabolomics analysis of Hawaii 2023 larval data,manchester-hardening,0.2,Weak overlap: thermal,https://ahuffmyer.github.io/ASH_Putnam_Lab_Notebook/Preliminary-lipidomic-and-metabolomics-analysis-of-Hawaii-2023-larval-data/,https://github.com/RobertsLab/manchester-hardening
Preliminary lipidomic and metabolomics analysis of Hawaii 2023 larval data,project-gigas-oa-meth,0.2,Weak overlap: larvae,https://ahuffmyer.github.io/ASH_Putnam_Lab_Notebook/Preliminary-lipidomic-and-metabolomics-analysis-of-Hawaii-2023-larval-data/,https://github.com/RobertsLab/project-gigas-oa-meth
Preliminary lipidomic and metabolomics analysis of Hawaii 2023 larval data,project-pacific.oyster-larvae,0.2,Weak overlap: larvae,https://ahuffmyer.github.io/ASH_Putnam_Lab_Notebook/Preliminary-lipidomic-and-metabolomics-analysis-of-Hawaii-2023-larval-data/,https://github.com/RobertsLab/project-pacific.oyster-larvae
Plotting temperature logger data for oyster field sites,project-cod-temperature,0.2,Weak overlap: temperature,https://ahuffmyer.github.io/ASH_Putnam_Lab_Notebook/Plotting-temperature-logger-data-for-oyster-field-sites/,https://github.com/RobertsLab/project-cod-temperature
Plotting temperature logger data for oyster field sites,manchester-hardening,0.2,Weak overlap: hardening,https://ahuffmyer.github.io/ASH_Putnam_Lab_Notebook/Plotting-temperature-logger-data-for-oyster-field-sites/,https://github.com/RobertsLab/manchester-hardening
Initial analysis of resazurin metabolic rates in 10K Seed oysters,project-gigas-conditioning,0.2,Weak overlap: Pacific oyster (Crassostrea/Magallana gigas),https://ahuffmyer.github.io/ASH_Putnam_Lab_Notebook/Initial-analysis-of-resazurin-metabolic-rates-in-10K-Seed-oysters/,https://github.com/RobertsLab/project-gigas-conditioning
Initial analysis of resazurin metabolic rates in 10K Seed oysters,project-cod-temperature,0.2,Weak overlap: temperature,https://ahuffmyer.github.io/ASH_Putnam_Lab_Notebook/Initial-analysis-of-resazurin-metabolic-rates-in-10K-Seed-oysters/,https://github.com/RobertsLab/project-cod-temperature
Initial analysis of resazurin metabolic rates in 10K Seed oysters,manchester-hardening,0.2,Weak overlap: hardening,https://ahuffmyer.github.io/ASH_Putnam_Lab_Notebook/Initial-analysis-of-resazurin-metabolic-rates-in-10K-Seed-oysters/,https://github.com/RobertsLab/manchester-hardening
Initial analysis of resazurin metabolic rates in 10K Seed oysters,project-gigas-carryover,0.2,Weak overlap: Pacific oyster (Crassostrea/Magallana gigas),https://ahuffmyer.github.io/ASH_Putnam_Lab_Notebook/Initial-analysis-of-resazurin-metabolic-rates-in-10K-Seed-oysters/,https://github.com/RobertsLab/project-gigas-carryover
Initial analysis of resazurin metabolic rates in 10K Seed oysters,pgc-edc-oyster,0.2,Weak overlap: Pacific oyster (Crassostrea/Magallana gigas),https://ahuffmyer.github.io/ASH_Putnam_Lab_Notebook/Initial-analysis-of-resazurin-metabolic-rates-in-10K-Seed-oysters/,https://github.com/RobertsLab/pgc-edc-oyster
Initial analysis of resazurin metabolic rates in 10K Seed oysters,project-gigas-oa-meth,0.2,Weak overlap: Pacific oyster (Crassostrea/Magallana gigas),https://ahuffmyer.github.io/ASH_Putnam_Lab_Notebook/Initial-analysis-of-resazurin-metabolic-rates-in-10K-Seed-oysters/,https://github.com/RobertsLab/project-gigas-oa-meth
Initial analysis of resazurin metabolic rates in 10K Seed oysters,project-gigas-ploidy-oa,0.2,Weak overlap: Pacific oyster (Crassostrea/Magallana gigas),https://ahuffmyer.github.io/ASH_Putnam_Lab_Notebook/Initial-analysis-of-resazurin-metabolic-rates-in-10K-Seed-oysters/,https://github.com/RobertsLab/project-gigas-ploidy-oa
Initial analysis of resazurin metabolic rates in 10K Seed oysters,project-gigas_ploidy,0.2,Weak overlap: Pacific oyster (Crassostrea/Magallana gigas),https://ahuffmyer.github.io/ASH_Putnam_Lab_Notebook/Initial-analysis-of-resazurin-metabolic-rates-in-10K-Seed-oysters/,https://github.com/RobertsLab/project-gigas_ploidy
Initial analysis of resazurin metabolic rates in 10K Seed oysters,paper-hatchery-microbiome,0.2,Weak overlap: hatchery,https://ahuffmyer.github.io/ASH_Putnam_Lab_Notebook/Initial-analysis-of-resazurin-metabolic-rates-in-10K-Seed-oysters/,https://github.com/RobertsLab/paper-hatchery-microbiome
Initial analysis of resazurin metabolic rates in 10K Seed oysters,paper-gigas-early-gametogenic-exposure,0.2,Weak overlap: Pacific oyster (Crassostrea/Magallana gigas),https://ahuffmyer.github.io/ASH_Putnam_Lab_Notebook/Initial-analysis-of-resazurin-metabolic-rates-in-10K-Seed-oysters/,https://github.com/RobertsLab/paper-gigas-early-gametogenic-exposure
Initial analysis of resazurin metabolic rates in 10K Seed oysters,paper-gigas-DNR-proteomics,0.2,Weak overlap: Pacific oyster (Crassostrea/Magallana gigas),https://ahuffmyer.github.io/ASH_Putnam_Lab_Notebook/Initial-analysis-of-resazurin-metabolic-rates-in-10K-Seed-oysters/,https://github.com/RobertsLab/paper-gigas-DNR-proteomics
Initial analysis of resazurin metabolic rates in 10K Seed oysters,paper-gigas-metaanalysis,0.2,Weak overlap: Pacific oyster (Crassostrea/Magallana gigas),https://ahuffmyer.github.io/ASH_Putnam_Lab_Notebook/Initial-analysis-of-resazurin-metabolic-rates-in-10K-Seed-oysters/,https://github.com/RobertsLab/paper-gigas-metaanalysis
Spawning at Point Whitney 7 October 2024,project-gigas-conditioning,0.2,Weak overlap: Pacific oyster (Crassostrea/Magallana gigas),https://ahuffmyer.github.io/ASH_Putnam_Lab_Notebook/Spawning-at-Point-Whitney-7-October-2024/,https://github.com/RobertsLab/project-gigas-conditioning
Spawning at Point Whitney 7 October 2024,project-gigas-carryover,0.2,Weak overlap: Pacific oyster (Crassostrea/Magallana gigas),https://ahuffmyer.github.io/ASH_Putnam_Lab_Notebook/Spawning-at-Point-Whitney-7-October-2024/,https://github.com/RobertsLab/project-gigas-carryover
Spawning at Point Whitney 7 October 2024,pgc-edc-oyster,0.2,Weak overlap: Pacific oyster (Crassostrea/Magallana gigas),https://ahuffmyer.github.io/ASH_Putnam_Lab_Notebook/Spawning-at-Point-Whitney-7-October-2024/,https://github.com/RobertsLab/pgc-edc-oyster
Spawning at Point Whitney 7 October 2024,oyster-ploidy-hardening,0.2,Weak overlap: Pacific oyster (Crassostrea/Magallana gigas),https://ahuffmyer.github.io/ASH_Putnam_Lab_Notebook/Spawning-at-Point-Whitney-7-October-2024/,https://github.com/RobertsLab/oyster-ploidy-hardening
Spawning at Point Whitney 7 October 2024,project-gigas-oa-meth,0.2,"Weak overlap: Pacific oyster (Crassostrea/Magallana gigas), gonad, larvae",https://ahuffmyer.github.io/ASH_Putnam_Lab_Notebook/Spawning-at-Point-Whitney-7-October-2024/,https://github.com/RobertsLab/project-gigas-oa-meth
Spawning at Point Whitney 7 October 2024,project-gigas-ploidy-oa,0.2,Weak overlap: Pacific oyster (Crassostrea/Magallana gigas),https://ahuffmyer.github.io/ASH_Putnam_Lab_Notebook/Spawning-at-Point-Whitney-7-October-2024/,https://github.com/RobertsLab/project-gigas-ploidy-oa
Spawning at Point Whitney 7 October 2024,project-gigas_ploidy,0.2,Weak overlap: Pacific oyster (Crassostrea/Magallana gigas),https://ahuffmyer.github.io/ASH_Putnam_Lab_Notebook/Spawning-at-Point-Whitney-7-October-2024/,https://github.com/RobertsLab/project-gigas_ploidy
Spawning at Point Whitney 7 October 2024,paper-hatchery-microbiome,0.2,Weak overlap: hatchery,https://ahuffmyer.github.io/ASH_Putnam_Lab_Notebook/Spawning-at-Point-Whitney-7-October-2024/,https://github.com/RobertsLab/paper-hatchery-microbiome
Spawning at Point Whitney 7 October 2024,paper-gigas-early-gametogenic-exposure,0.2,Weak overlap: Pacific oyster (Crassostrea/Magallana gigas),https://ahuffmyer.github.io/ASH_Putnam_Lab_Notebook/Spawning-at-Point-Whitney-7-October-2024/,https://github.com/RobertsLab/paper-gigas-early-gametogenic-exposure
Spawning at Point Whitney 7 October 2024,paper-gigas-DNR-proteomics,0.2,Weak overlap: Pacific oyster (Crassostrea/Magallana gigas),https://ahuffmyer.github.io/ASH_Putnam_Lab_Notebook/Spawning-at-Point-Whitney-7-October-2024/,https://github.com/RobertsLab/paper-gigas-DNR-proteomics
Spawning at Point Whitney 7 October 2024,paper-gigas-metaanalysis,0.2,Weak overlap: Pacific oyster (Crassostrea/Magallana gigas),https://ahuffmyer.github.io/ASH_Putnam_Lab_Notebook/Spawning-at-Point-Whitney-7-October-2024/,https://github.com/RobertsLab/paper-gigas-metaanalysis
Analysis of Effort D oyster lab survival tests,project-cod-temperature,0.2,Weak overlap: temperature,https://ahuffmyer.github.io/ASH_Putnam_Lab_Notebook/Analysis-of-Effort-D-oyster-lab-survival-tests/,https://github.com/RobertsLab/project-cod-temperature
Analysis of Effort D oyster lab survival tests,manchester-hardening,0.2,"Weak overlap: hardening, thermal",https://ahuffmyer.github.io/ASH_Putnam_Lab_Notebook/Analysis-of-Effort-D-oyster-lab-survival-tests/,https://github.com/RobertsLab/manchester-hardening
Analysis of Effort D oyster lab survival tests,project-gigas-carryover,0.2,Weak overlap: Pacific oyster (Crassostrea/Magallana gigas),https://ahuffmyer.github.io/ASH_Putnam_Lab_Notebook/Analysis-of-Effort-D-oyster-lab-survival-tests/,https://github.com/RobertsLab/project-gigas-carryover
Analysis of Effort D oyster lab survival tests,pgc-edc-oyster,0.2,Weak overlap: Pacific oyster (Crassostrea/Magallana gigas),https://ahuffmyer.github.io/ASH_Putnam_Lab_Notebook/Analysis-of-Effort-D-oyster-lab-survival-tests/,https://github.com/RobertsLab/pgc-edc-oyster
Analysis of Effort D oyster lab survival tests,project-gigas-oa-meth,0.2,Weak overlap: Pacific oyster (Crassostrea/Magallana gigas),https://ahuffmyer.github.io/ASH_Putnam_Lab_Notebook/Analysis-of-Effort-D-oyster-lab-survival-tests/,https://github.com/RobertsLab/project-gigas-oa-meth
Analysis of Effort D oyster lab survival tests,project-gigas-ploidy-oa,0.2,Weak overlap: Pacific oyster (Crassostrea/Magallana gigas),https://ahuffmyer.github.io/ASH_Putnam_Lab_Notebook/Analysis-of-Effort-D-oyster-lab-survival-tests/,https://github.com/RobertsLab/project-gigas-ploidy-oa
Analysis of Effort D oyster lab survival tests,project-gigas_ploidy,0.2,Weak overlap: Pacific oyster (Crassostrea/Magallana gigas),https://ahuffmyer.github.io/ASH_Putnam_Lab_Notebook/Analysis-of-Effort-D-oyster-lab-survival-tests/,https://github.com/RobertsLab/project-gigas_ploidy
Analysis of Effort D oyster lab survival tests,paper-gigas-early-gametogenic-exposure,0.2,Weak overlap: Pacific oyster (Crassostrea/Magallana gigas),https://ahuffmyer.github.io/ASH_Putnam_Lab_Notebook/Analysis-of-Effort-D-oyster-lab-survival-tests/,https://github.com/RobertsLab/paper-gigas-early-gametogenic-exposure
Analysis of Effort D oyster lab survival tests,paper-gigas-DNR-proteomics,0.2,Weak overlap: Pacific oyster (Crassostrea/Magallana gigas),https://ahuffmyer.github.io/ASH_Putnam_Lab_Notebook/Analysis-of-Effort-D-oyster-lab-survival-tests/,https://github.com/RobertsLab/paper-gigas-DNR-proteomics
Analysis of Effort D oyster lab survival tests,paper-gigas-metaanalysis,0.2,Weak overlap: Pacific oyster (Crassostrea/Magallana gigas),https://ahuffmyer.github.io/ASH_Putnam_Lab_Notebook/Analysis-of-Effort-D-oyster-lab-survival-tests/,https://github.com/RobertsLab/paper-gigas-metaanalysis
Larval sampling at Point Whitney 10 October 2024,project-gigas-conditioning,0.2,Weak overlap: Pacific oyster (Crassostrea/Magallana gigas),https://ahuffmyer.github.io/ASH_Putnam_Lab_Notebook/Larval-Sampling-at-Point-Whitney-10-October-2024/,https://github.com/RobertsLab/project-gigas-conditioning
Larval sampling at Point Whitney 10 October 2024,project-cod-temperature,0.2,Weak overlap: temperature,https://ahuffmyer.github.io/ASH_Putnam_Lab_Notebook/Larval-Sampling-at-Point-Whitney-10-October-2024/,https://github.com/RobertsLab/project-cod-temperature
Larval sampling at Point Whitney 10 October 2024,project-gigas-carryover,0.2,Weak overlap: Pacific oyster (Crassostrea/Magallana gigas),https://ahuffmyer.github.io/ASH_Putnam_Lab_Notebook/Larval-Sampling-at-Point-Whitney-10-October-2024/,https://github.com/RobertsLab/project-gigas-carryover
Larval sampling at Point Whitney 10 October 2024,pgc-edc-oyster,0.2,Weak overlap: Pacific oyster (Crassostrea/Magallana gigas),https://ahuffmyer.github.io/ASH_Putnam_Lab_Notebook/Larval-Sampling-at-Point-Whitney-10-October-2024/,https://github.com/RobertsLab/pgc-edc-oyster
Larval sampling at Point Whitney 10 October 2024,oyster-ploidy-hardening,0.2,Weak overlap: Pacific oyster (Crassostrea/Magallana gigas),https://ahuffmyer.github.io/ASH_Putnam_Lab_Notebook/Larval-Sampling-at-Point-Whitney-10-October-2024/,https://github.com/RobertsLab/oyster-ploidy-hardening
Larval sampling at Point Whitney 10 October 2024,project-gigas-oa-meth,0.2,"Weak overlap: Pacific oyster (Crassostrea/Magallana gigas), larvae",https://ahuffmyer.github.io/ASH_Putnam_Lab_Notebook/Larval-Sampling-at-Point-Whitney-10-October-2024/,https://github.com/RobertsLab/project-gigas-oa-meth
Larval sampling at Point Whitney 10 October 2024,project-gigas-ploidy-oa,0.2,Weak overlap: Pacific oyster (Crassostrea/Magallana gigas),https://ahuffmyer.github.io/ASH_Putnam_Lab_Notebook/Larval-Sampling-at-Point-Whitney-10-October-2024/,https://github.com/RobertsLab/project-gigas-ploidy-oa
Larval sampling at Point Whitney 10 October 2024,project-gigas_ploidy,0.2,Weak overlap: Pacific oyster (Crassostrea/Magallana gigas),https://ahuffmyer.github.io/ASH_Putnam_Lab_Notebook/Larval-Sampling-at-Point-Whitney-10-October-2024/,https://github.com/RobertsLab/project-gigas_ploidy
Larval sampling at Point Whitney 10 October 2024,paper-gigas-early-gametogenic-exposure,0.2,Weak overlap: Pacific oyster (Crassostrea/Magallana gigas),https://ahuffmyer.github.io/ASH_Putnam_Lab_Notebook/Larval-Sampling-at-Point-Whitney-10-October-2024/,https://github.com/RobertsLab/paper-gigas-early-gametogenic-exposure
Larval sampling at Point Whitney 10 October 2024,paper-gigas-DNR-proteomics,0.2,Weak overlap: Pacific oyster (Crassostrea/Magallana gigas),https://ahuffmyer.github.io/ASH_Putnam_Lab_Notebook/Larval-Sampling-at-Point-Whitney-10-October-2024/,https://github.com/RobertsLab/paper-gigas-DNR-proteomics
Larval sampling at Point Whitney 10 October 2024,paper-gigas-metaanalysis,0.2,Weak overlap: Pacific oyster (Crassostrea/Magallana gigas),https://ahuffmyer.github.io/ASH_Putnam_Lab_Notebook/Larval-Sampling-at-Point-Whitney-10-October-2024/,https://github.com/RobertsLab/paper-gigas-metaanalysis
Larval sampling at Point Whitney 15 October,project-gigas-conditioning,0.2,Weak overlap: Pacific oyster (Crassostrea/Magallana gigas),https://ahuffmyer.github.io/ASH_Putnam_Lab_Notebook/Larval-sampling-at-Point-Whitney-15-October/,https://github.com/RobertsLab/project-gigas-conditioning
Larval sampling at Point Whitney 15 October,project-gigas-carryover,0.2,Weak overlap: Pacific oyster (Crassostrea/Magallana gigas),https://ahuffmyer.github.io/ASH_Putnam_Lab_Notebook/Larval-sampling-at-Point-Whitney-15-October/,https://github.com/RobertsLab/project-gigas-carryover
Larval sampling at Point Whitney 15 October,pgc-edc-oyster,0.2,Weak overlap: Pacific oyster (Crassostrea/Magallana gigas),https://ahuffmyer.github.io/ASH_Putnam_Lab_Notebook/Larval-sampling-at-Point-Whitney-15-October/,https://github.com/RobertsLab/pgc-edc-oyster
Larval sampling at Point Whitney 15 October,oyster-ploidy-hardening,0.2,Weak overlap: Pacific oyster (Crassostrea/Magallana gigas),https://ahuffmyer.github.io/ASH_Putnam_Lab_Notebook/Larval-sampling-at-Point-Whitney-15-October/,https://github.com/RobertsLab/oyster-ploidy-hardening
Larval sampling at Point Whitney 15 October,project-gigas-oa-meth,0.2,"Weak overlap: Pacific oyster (Crassostrea/Magallana gigas), larvae",https://ahuffmyer.github.io/ASH_Putnam_Lab_Notebook/Larval-sampling-at-Point-Whitney-15-October/,https://github.com/RobertsLab/project-gigas-oa-meth
Larval sampling at Point Whitney 15 October,project-gigas-ploidy-oa,0.2,Weak overlap: Pacific oyster (Crassostrea/Magallana gigas),https://ahuffmyer.github.io/ASH_Putnam_Lab_Notebook/Larval-sampling-at-Point-Whitney-15-October/,https://github.com/RobertsLab/project-gigas-ploidy-oa
Larval sampling at Point Whitney 15 October,project-gigas_ploidy,0.2,Weak overlap: Pacific oyster (Crassostrea/Magallana gigas),https://ahuffmyer.github.io/ASH_Putnam_Lab_Notebook/Larval-sampling-at-Point-Whitney-15-October/,https://github.com/RobertsLab/project-gigas_ploidy
Larval sampling at Point Whitney 15 October,paper-gigas-DNR-proteomics,0.2,Weak overlap: Pacific oyster (Crassostrea/Magallana gigas),https://ahuffmyer.github.io/ASH_Putnam_Lab_Notebook/Larval-sampling-at-Point-Whitney-15-October/,https://github.com/RobertsLab/paper-gigas-DNR-proteomics
Larval sampling at Point Whitney 15 October,paper-gigas-metaanalysis,0.2,Weak overlap: Pacific oyster (Crassostrea/Magallana gigas),https://ahuffmyer.github.io/ASH_Putnam_Lab_Notebook/Larval-sampling-at-Point-Whitney-15-October/,https://github.com/RobertsLab/paper-gigas-metaanalysis
Larval sampling at Point Whitney 21 October,project-gigas-conditioning,0.2,Weak overlap: Pacific oyster (Crassostrea/Magallana gigas),https://ahuffmyer.github.io/ASH_Putnam_Lab_Notebook/Larval-sampling-at-Point-Whitney-21-October/,https://github.com/RobertsLab/project-gigas-conditioning
Larval sampling at Point Whitney 21 October,project-gigas-carryover,0.2,Weak overlap: Pacific oyster (Crassostrea/Magallana gigas),https://ahuffmyer.github.io/ASH_Putnam_Lab_Notebook/Larval-sampling-at-Point-Whitney-21-October/,https://github.com/RobertsLab/project-gigas-carryover
Larval sampling at Point Whitney 21 October,pgc-edc-oyster,0.2,Weak overlap: Pacific oyster (Crassostrea/Magallana gigas),https://ahuffmyer.github.io/ASH_Putnam_Lab_Notebook/Larval-sampling-at-Point-Whitney-21-October/,https://github.com/RobertsLab/pgc-edc-oyster
Larval sampling at Point Whitney 21 October,oyster-ploidy-hardening,0.2,Weak overlap: Pacific oyster (Crassostrea/Magallana gigas),https://ahuffmyer.github.io/ASH_Putnam_Lab_Notebook/Larval-sampling-at-Point-Whitney-21-October/,https://github.com/RobertsLab/oyster-ploidy-hardening
Larval sampling at Point Whitney 21 October,project-gigas-oa-meth,0.2,"Weak overlap: Pacific oyster (Crassostrea/Magallana gigas), larvae",https://ahuffmyer.github.io/ASH_Putnam_Lab_Notebook/Larval-sampling-at-Point-Whitney-21-October/,https://github.com/RobertsLab/project-gigas-oa-meth
Larval sampling at Point Whitney 21 October,project-gigas-ploidy-oa,0.2,Weak overlap: Pacific oyster (Crassostrea/Magallana gigas),https://ahuffmyer.github.io/ASH_Putnam_Lab_Notebook/Larval-sampling-at-Point-Whitney-21-October/,https://github.com/RobertsLab/project-gigas-ploidy-oa
Larval sampling at Point Whitney 21 October,project-gigas_ploidy,0.2,Weak overlap: Pacific oyster (Crassostrea/Magallana gigas),https://ahuffmyer.github.io/ASH_Putnam_Lab_Notebook/Larval-sampling-at-Point-Whitney-21-October/,https://github.com/RobertsLab/project-gigas_ploidy
Larval sampling at Point Whitney 21 October,paper-gigas-early-gametogenic-exposure,0.2,Weak overlap: Pacific oyster (Crassostrea/Magallana gigas),https://ahuffmyer.github.io/ASH_Putnam_Lab_Notebook/Larval-sampling-at-Point-Whitney-21-October/,https://github.com/RobertsLab/paper-gigas-early-gametogenic-exposure
Larval sampling at Point Whitney 21 October,paper-gigas-DNR-proteomics,0.2,Weak overlap: Pacific oyster (Crassostrea/Magallana gigas),https://ahuffmyer.github.io/ASH_Putnam_Lab_Notebook/Larval-sampling-at-Point-Whitney-21-October/,https://github.com/RobertsLab/paper-gigas-DNR-proteomics
Larval sampling at Point Whitney 21 October,paper-gigas-metaanalysis,0.2,Weak overlap: Pacific oyster (Crassostrea/Magallana gigas),https://ahuffmyer.github.io/ASH_Putnam_Lab_Notebook/Larval-sampling-at-Point-Whitney-21-October/,https://github.com/RobertsLab/paper-gigas-metaanalysis
Writing updates,10K-seed-Cgigas,0.2,Weak overlap: hardening,https://ahuffmyer.github.io/ASH_Putnam_Lab_Notebook/Writing-updates/,https://github.com/RobertsLab/10K-seed-Cgigas
Writing updates,manchester-hardening,0.2,Weak overlap: hardening,https://ahuffmyer.github.io/ASH_Putnam_Lab_Notebook/Writing-updates/,https://github.com/RobertsLab/manchester-hardening
Writing updates,project-sc-RNAseq,0.2,Weak overlap: RNA-seq,https://ahuffmyer.github.io/ASH_Putnam_Lab_Notebook/Writing-updates/,https://github.com/RobertsLab/project-sc-RNAseq
Writing updates,project-gigas-oa-meth,0.2,Weak overlap: larvae,https://ahuffmyer.github.io/ASH_Putnam_Lab_Notebook/Writing-updates/,https://github.com/RobertsLab/project-gigas-oa-meth
Analysis of Efforts BDE oyster lab survival tests,project-cod-temperature,0.2,Weak overlap: temperature,https://ahuffmyer.github.io/ASH_Putnam_Lab_Notebook/Analysis-of-Efforts-oyster-lab-survival-tests/,https://github.com/RobertsLab/project-cod-temperature
Analysis of Efforts BDE oyster lab survival tests,manchester-hardening,0.2,"Weak overlap: hardening, thermal",https://ahuffmyer.github.io/ASH_Putnam_Lab_Notebook/Analysis-of-Efforts-oyster-lab-survival-tests/,https://github.com/RobertsLab/manchester-hardening
Analysis of Efforts BDE oyster lab survival tests,project-gigas-carryover,0.2,Weak overlap: Pacific oyster (Crassostrea/Magallana gigas),https://ahuffmyer.github.io/ASH_Putnam_Lab_Notebook/Analysis-of-Efforts-oyster-lab-survival-tests/,https://github.com/RobertsLab/project-gigas-carryover
Analysis of Efforts BDE oyster lab survival tests,pgc-edc-oyster,0.2,Weak overlap: Pacific oyster (Crassostrea/Magallana gigas),https://ahuffmyer.github.io/ASH_Putnam_Lab_Notebook/Analysis-of-Efforts-oyster-lab-survival-tests/,https://github.com/RobertsLab/pgc-edc-oyster
Analysis of Efforts BDE oyster lab survival tests,project-gigas-oa-meth,0.2,Weak overlap: Pacific oyster (Crassostrea/Magallana gigas),https://ahuffmyer.github.io/ASH_Putnam_Lab_Notebook/Analysis-of-Efforts-oyster-lab-survival-tests/,https://github.com/RobertsLab/project-gigas-oa-meth
Analysis of Efforts BDE oyster lab survival tests,project-gigas-ploidy-oa,0.2,Weak overlap: Pacific oyster (Crassostrea/Magallana gigas),https://ahuffmyer.github.io/ASH_Putnam_Lab_Notebook/Analysis-of-Efforts-oyster-lab-survival-tests/,https://github.com/RobertsLab/project-gigas-ploidy-oa
Analysis of Efforts BDE oyster lab survival tests,project-gigas_ploidy,0.2,Weak overlap: Pacific oyster (Crassostrea/Magallana gigas),https://ahuffmyer.github.io/ASH_Putnam_Lab_Notebook/Analysis-of-Efforts-oyster-lab-survival-tests/,https://github.com/RobertsLab/project-gigas_ploidy
Analysis of Efforts BDE oyster lab survival tests,paper-gigas-early-gametogenic-exposure,0.2,Weak overlap: Pacific oyster (Crassostrea/Magallana gigas),https://ahuffmyer.github.io/ASH_Putnam_Lab_Notebook/Analysis-of-Efforts-oyster-lab-survival-tests/,https://github.com/RobertsLab/paper-gigas-early-gametogenic-exposure
Analysis of Efforts BDE oyster lab survival tests,paper-gigas-DNR-proteomics,0.2,Weak overlap: Pacific oyster (Crassostrea/Magallana gigas),https://ahuffmyer.github.io/ASH_Putnam_Lab_Notebook/Analysis-of-Efforts-oyster-lab-survival-tests/,https://github.com/RobertsLab/paper-gigas-DNR-proteomics
Analysis of Efforts BDE oyster lab survival tests,paper-gigas-metaanalysis,0.2,Weak overlap: Pacific oyster (Crassostrea/Magallana gigas),https://ahuffmyer.github.io/ASH_Putnam_Lab_Notebook/Analysis-of-Efforts-oyster-lab-survival-tests/,https://github.com/RobertsLab/paper-gigas-metaanalysis
10K seed outplant preparations,project-gigas-conditioning,0.2,Weak overlap: Pacific oyster (Crassostrea/Magallana gigas),https://ahuffmyer.github.io/ASH_Putnam_Lab_Notebook/10K-seed-outplant-preparations/,https://github.com/RobertsLab/project-gigas-conditioning
10K seed outplant preparations,project-cod-temperature,0.2,Weak overlap: temperature,https://ahuffmyer.github.io/ASH_Putnam_Lab_Notebook/10K-seed-outplant-preparations/,https://github.com/RobertsLab/project-cod-temperature
10K seed outplant preparations,manchester-hardening,0.2,Weak overlap: hardening,https://ahuffmyer.github.io/ASH_Putnam_Lab_Notebook/10K-seed-outplant-preparations/,https://github.com/RobertsLab/manchester-hardening
10K seed outplant preparations,pgc-edc-oyster,0.2,Weak overlap: Pacific oyster (Crassostrea/Magallana gigas),https://ahuffmyer.github.io/ASH_Putnam_Lab_Notebook/10K-seed-outplant-preparations/,https://github.com/RobertsLab/pgc-edc-oyster
10K seed outplant preparations,project-gigas-oa-meth,0.2,Weak overlap: Pacific oyster (Crassostrea/Magallana gigas),https://ahuffmyer.github.io/ASH_Putnam_Lab_Notebook/10K-seed-outplant-preparations/,https://github.com/RobertsLab/project-gigas-oa-meth
10K seed outplant preparations,project-gigas-ploidy-oa,0.2,Weak overlap: Pacific oyster (Crassostrea/Magallana gigas),https://ahuffmyer.github.io/ASH_Putnam_Lab_Notebook/10K-seed-outplant-preparations/,https://github.com/RobertsLab/project-gigas-ploidy-oa
10K seed outplant preparations,project-gigas_ploidy,0.2,Weak overlap: Pacific oyster (Crassostrea/Magallana gigas),https://ahuffmyer.github.io/ASH_Putnam_Lab_Notebook/10K-seed-outplant-preparations/,https://github.com/RobertsLab/project-gigas_ploidy
10K seed outplant preparations,paper-hatchery-microbiome,0.2,Weak overlap: hatchery,https://ahuffmyer.github.io/ASH_Putnam_Lab_Notebook/10K-seed-outplant-preparations/,https://github.com/RobertsLab/paper-hatchery-microbiome
10K seed outplant preparations,paper-gigas-DNR-proteomics,0.2,Weak overlap: Pacific oyster (Crassostrea/Magallana gigas),https://ahuffmyer.github.io/ASH_Putnam_Lab_Notebook/10K-seed-outplant-preparations/,https://github.com/RobertsLab/paper-gigas-DNR-proteomics
10K seed outplant preparations,paper-gigas-metaanalysis,0.2,Weak overlap: Pacific oyster (Crassostrea/Magallana gigas),https://ahuffmyer.github.io/ASH_Putnam_Lab_Notebook/10K-seed-outplant-preparations/,https://github.com/RobertsLab/paper-gigas-metaanalysis
10K seed outplant at Baywater Shellfish,project-cod-temperature,0.2,Weak overlap: temperature,https://ahuffmyer.github.io/ASH_Putnam_Lab_Notebook/10K-seed-outplant-at-Baywater/,https://github.com/RobertsLab/project-cod-temperature
November 2024 Goals,project-gigas-carryover,0.2,Weak overlap: aquaculture,https://ahuffmyer.github.io/ASH_Putnam_Lab_Notebook/November-2024-Goals/,https://github.com/RobertsLab/project-gigas-carryover
Outreach event with Maritime High School Nov 12 2024,project-eDNA-yellow,0.2,Weak overlap: Metabarcoding / eDNA / taxonomy,https://ahuffmyer.github.io/ASH_Putnam_Lab_Notebook/Outreach-event-with-Maritime-High-School-Nov-12-2024/,https://github.com/RobertsLab/project-eDNA-yellow
Outreach event with Maritime High School Nov 12 2024,laby-18s,0.2,Weak overlap: Metabarcoding / eDNA / taxonomy,https://ahuffmyer.github.io/ASH_Putnam_Lab_Notebook/Outreach-event-with-Maritime-High-School-Nov-12-2024/,https://github.com/RobertsLab/laby-18s
Plans for USDA seed transfers in 2025,project-gigas-conditioning,0.2,Weak overlap: Pacific oyster (Crassostrea/Magallana gigas),https://ahuffmyer.github.io/ASH_Putnam_Lab_Notebook/Plans-for-USDA-seed-transfers-in-2025/,https://github.com/RobertsLab/project-gigas-conditioning
Plans for USDA seed transfers in 2025,manchester-hardening,0.2,Weak overlap: hardening,https://ahuffmyer.github.io/ASH_Putnam_Lab_Notebook/Plans-for-USDA-seed-transfers-in-2025/,https://github.com/RobertsLab/manchester-hardening
Plans for USDA seed transfers in 2025,project-gigas-carryover,0.2,Weak overlap: Pacific oyster (Crassostrea/Magallana gigas),https://ahuffmyer.github.io/ASH_Putnam_Lab_Notebook/Plans-for-USDA-seed-transfers-in-2025/,https://github.com/RobertsLab/project-gigas-carryover
Plans for USDA seed transfers in 2025,pgc-edc-oyster,0.2,Weak overlap: Pacific oyster (Crassostrea/Magallana gigas),https://ahuffmyer.github.io/ASH_Putnam_Lab_Notebook/Plans-for-USDA-seed-transfers-in-2025/,https://github.com/RobertsLab/pgc-edc-oyster
Plans for USDA seed transfers in 2025,project-gigas-oa-meth,0.2,Weak overlap: Pacific oyster (Crassostrea/Magallana gigas),https://ahuffmyer.github.io/ASH_Putnam_Lab_Notebook/Plans-for-USDA-seed-transfers-in-2025/,https://github.com/RobertsLab/project-gigas-oa-meth
Plans for USDA seed transfers in 2025,project-gigas-ploidy-oa,0.2,Weak overlap: Pacific oyster (Crassostrea/Magallana gigas),https://ahuffmyer.github.io/ASH_Putnam_Lab_Notebook/Plans-for-USDA-seed-transfers-in-2025/,https://github.com/RobertsLab/project-gigas-ploidy-oa
Plans for USDA seed transfers in 2025,project-gigas_ploidy,0.2,Weak overlap: Pacific oyster (Crassostrea/Magallana gigas),https://ahuffmyer.github.io/ASH_Putnam_Lab_Notebook/Plans-for-USDA-seed-transfers-in-2025/,https://github.com/RobertsLab/project-gigas_ploidy
Plans for USDA seed transfers in 2025,paper-gigas-early-gametogenic-exposure,0.2,Weak overlap: Pacific oyster (Crassostrea/Magallana gigas),https://ahuffmyer.github.io/ASH_Putnam_Lab_Notebook/Plans-for-USDA-seed-transfers-in-2025/,https://github.com/RobertsLab/paper-gigas-early-gametogenic-exposure
Plans for USDA seed transfers in 2025,paper-gigas-DNR-proteomics,0.2,Weak overlap: Pacific oyster (Crassostrea/Magallana gigas),https://ahuffmyer.github.io/ASH_Putnam_Lab_Notebook/Plans-for-USDA-seed-transfers-in-2025/,https://github.com/RobertsLab/paper-gigas-DNR-proteomics
Plans for USDA seed transfers in 2025,paper-gigas-metaanalysis,0.2,Weak overlap: Pacific oyster (Crassostrea/Magallana gigas),https://ahuffmyer.github.io/ASH_Putnam_Lab_Notebook/Plans-for-USDA-seed-transfers-in-2025/,https://github.com/RobertsLab/paper-gigas-metaanalysis
Preliminary environmental RDA analysis for E5 physiology project,project-cod-temperature,0.2,Weak overlap: temperature,https://ahuffmyer.github.io/ASH_Putnam_Lab_Notebook/Preliminary-environmental-RDA-analysis-for-E5-physiology-project/,https://github.com/RobertsLab/project-cod-temperature
December 2024 Goals,project-cod-temperature,0.2,Weak overlap: temperature,https://ahuffmyer.github.io/ASH_Putnam_Lab_Notebook/December-2024-Goals/,https://github.com/RobertsLab/project-cod-temperature
PolyIC spat sampling at Point Whitney 20241204,project-cod-temperature,0.2,Weak overlap: temperature,https://ahuffmyer.github.io/ASH_Putnam_Lab_Notebook/PolyIC-spat-sampling-at-Point-Whitney-20241204/,https://github.com/RobertsLab/project-cod-temperature
PolyIC spat sampling at Point Whitney 20241204,project-gigas-carryover,0.2,Weak overlap: Pacific oyster (Crassostrea/Magallana gigas),https://ahuffmyer.github.io/ASH_Putnam_Lab_Notebook/PolyIC-spat-sampling-at-Point-Whitney-20241204/,https://github.com/RobertsLab/project-gigas-carryover
PolyIC spat sampling at Point Whitney 20241204,pgc-edc-oyster,0.2,Weak overlap: Pacific oyster (Crassostrea/Magallana gigas),https://ahuffmyer.github.io/ASH_Putnam_Lab_Notebook/PolyIC-spat-sampling-at-Point-Whitney-20241204/,https://github.com/RobertsLab/pgc-edc-oyster
PolyIC spat sampling at Point Whitney 20241204,oyster-ploidy-hardening,0.2,Weak overlap: Pacific oyster (Crassostrea/Magallana gigas),https://ahuffmyer.github.io/ASH_Putnam_Lab_Notebook/PolyIC-spat-sampling-at-Point-Whitney-20241204/,https://github.com/RobertsLab/oyster-ploidy-hardening
PolyIC spat sampling at Point Whitney 20241204,project-gigas-oa-meth,0.2,"Weak overlap: Pacific oyster (Crassostrea/Magallana gigas), larvae",https://ahuffmyer.github.io/ASH_Putnam_Lab_Notebook/PolyIC-spat-sampling-at-Point-Whitney-20241204/,https://github.com/RobertsLab/project-gigas-oa-meth
PolyIC spat sampling at Point Whitney 20241204,project-gigas-ploidy-oa,0.2,Weak overlap: Pacific oyster (Crassostrea/Magallana gigas),https://ahuffmyer.github.io/ASH_Putnam_Lab_Notebook/PolyIC-spat-sampling-at-Point-Whitney-20241204/,https://github.com/RobertsLab/project-gigas-ploidy-oa
PolyIC spat sampling at Point Whitney 20241204,project-gigas_ploidy,0.2,Weak overlap: Pacific oyster (Crassostrea/Magallana gigas),https://ahuffmyer.github.io/ASH_Putnam_Lab_Notebook/PolyIC-spat-sampling-at-Point-Whitney-20241204/,https://github.com/RobertsLab/project-gigas_ploidy
PolyIC spat sampling at Point Whitney 20241204,paper-hatchery-microbiome,0.2,Weak overlap: hatchery,https://ahuffmyer.github.io/ASH_Putnam_Lab_Notebook/PolyIC-spat-sampling-at-Point-Whitney-20241204/,https://github.com/RobertsLab/paper-hatchery-microbiome
PolyIC spat sampling at Point Whitney 20241204,paper-gigas-early-gametogenic-exposure,0.2,Weak overlap: Pacific oyster (Crassostrea/Magallana gigas),https://ahuffmyer.github.io/ASH_Putnam_Lab_Notebook/PolyIC-spat-sampling-at-Point-Whitney-20241204/,https://github.com/RobertsLab/paper-gigas-early-gametogenic-exposure
PolyIC spat sampling at Point Whitney 20241204,paper-gigas-DNR-proteomics,0.2,Weak overlap: Pacific oyster (Crassostrea/Magallana gigas),https://ahuffmyer.github.io/ASH_Putnam_Lab_Notebook/PolyIC-spat-sampling-at-Point-Whitney-20241204/,https://github.com/RobertsLab/paper-gigas-DNR-proteomics
PolyIC spat sampling at Point Whitney 20241204,paper-gigas-metaanalysis,0.2,Weak overlap: Pacific oyster (Crassostrea/Magallana gigas),https://ahuffmyer.github.io/ASH_Putnam_Lab_Notebook/PolyIC-spat-sampling-at-Point-Whitney-20241204/,https://github.com/RobertsLab/paper-gigas-metaanalysis
Larval size and symbiont cell density from Hawaii 2023 project,polyIC-larvae,0.2,Weak overlap: larvae,https://ahuffmyer.github.io/ASH_Putnam_Lab_Notebook/Larval-size-and-symbiont-cell-density-from-Hawaii-2023-project/,https://github.com/RobertsLab/polyIC-larvae
Larval size and symbiont cell density from Hawaii 2023 project,project-gigas-oa-meth,0.2,Weak overlap: larvae,https://ahuffmyer.github.io/ASH_Putnam_Lab_Notebook/Larval-size-and-symbiont-cell-density-from-Hawaii-2023-project/,https://github.com/RobertsLab/project-gigas-oa-meth
Larval size and symbiont cell density from Hawaii 2023 project,project-pacific.oyster-larvae,0.2,Weak overlap: larvae,https://ahuffmyer.github.io/ASH_Putnam_Lab_Notebook/Larval-size-and-symbiont-cell-density-from-Hawaii-2023-project/,https://github.com/RobertsLab/project-pacific.oyster-larvae
Oyster outplant fall assessment at Goose Point Dec 11,project-cod-temperature,0.2,Weak overlap: temperature,https://ahuffmyer.github.io/ASH_Putnam_Lab_Notebook/Oyster-outplant-fall-assessment-at-Goose-Point-Dec-11/,https://github.com/RobertsLab/project-cod-temperature
Oyster outplant fall assessment at Goose Point Dec 11,manchester-hardening,0.2,Weak overlap: hardening,https://ahuffmyer.github.io/ASH_Putnam_Lab_Notebook/Oyster-outplant-fall-assessment-at-Goose-Point-Dec-11/,https://github.com/RobertsLab/manchester-hardening
Oyster outplant fall assessment at Goose Point Dec 11,project-gigas-carryover,0.2,Weak overlap: Pacific oyster (Crassostrea/Magallana gigas),https://ahuffmyer.github.io/ASH_Putnam_Lab_Notebook/Oyster-outplant-fall-assessment-at-Goose-Point-Dec-11/,https://github.com/RobertsLab/project-gigas-carryover
Oyster outplant fall assessment at Goose Point Dec 11,pgc-edc-oyster,0.2,Weak overlap: Pacific oyster (Crassostrea/Magallana gigas),https://ahuffmyer.github.io/ASH_Putnam_Lab_Notebook/Oyster-outplant-fall-assessment-at-Goose-Point-Dec-11/,https://github.com/RobertsLab/pgc-edc-oyster
Oyster outplant fall assessment at Goose Point Dec 11,project-gigas-oa-meth,0.2,Weak overlap: Pacific oyster (Crassostrea/Magallana gigas),https://ahuffmyer.github.io/ASH_Putnam_Lab_Notebook/Oyster-outplant-fall-assessment-at-Goose-Point-Dec-11/,https://github.com/RobertsLab/project-gigas-oa-meth
Oyster outplant fall assessment at Goose Point Dec 11,project-gigas-ploidy-oa,0.2,Weak overlap: Pacific oyster (Crassostrea/Magallana gigas),https://ahuffmyer.github.io/ASH_Putnam_Lab_Notebook/Oyster-outplant-fall-assessment-at-Goose-Point-Dec-11/,https://github.com/RobertsLab/project-gigas-ploidy-oa
Oyster outplant fall assessment at Goose Point Dec 11,project-gigas_ploidy,0.2,Weak overlap: Pacific oyster (Crassostrea/Magallana gigas),https://ahuffmyer.github.io/ASH_Putnam_Lab_Notebook/Oyster-outplant-fall-assessment-at-Goose-Point-Dec-11/,https://github.com/RobertsLab/project-gigas_ploidy
Oyster outplant fall assessment at Goose Point Dec 11,paper-gigas-early-gametogenic-exposure,0.2,Weak overlap: Pacific oyster (Crassostrea/Magallana gigas),https://ahuffmyer.github.io/ASH_Putnam_Lab_Notebook/Oyster-outplant-fall-assessment-at-Goose-Point-Dec-11/,https://github.com/RobertsLab/paper-gigas-early-gametogenic-exposure
Oyster outplant fall assessment at Goose Point Dec 11,paper-gigas-DNR-proteomics,0.2,Weak overlap: Pacific oyster (Crassostrea/Magallana gigas),https://ahuffmyer.github.io/ASH_Putnam_Lab_Notebook/Oyster-outplant-fall-assessment-at-Goose-Point-Dec-11/,https://github.com/RobertsLab/paper-gigas-DNR-proteomics
Oyster outplant fall assessment at Goose Point Dec 11,paper-gigas-metaanalysis,0.2,Weak overlap: Pacific oyster (Crassostrea/Magallana gigas),https://ahuffmyer.github.io/ASH_Putnam_Lab_Notebook/Oyster-outplant-fall-assessment-at-Goose-Point-Dec-11/,https://github.com/RobertsLab/paper-gigas-metaanalysis
Oyster outplant fall assessment at Westcott Dec 17,project-cod-temperature,0.2,Weak overlap: temperature,https://ahuffmyer.github.io/ASH_Putnam_Lab_Notebook/Oyster-outplant-fall-assessment-at-Westcott-Dec-17/,https://github.com/RobertsLab/project-cod-temperature
Oyster outplant fall assessment at Westcott Dec 17,manchester-hardening,0.2,Weak overlap: hardening,https://ahuffmyer.github.io/ASH_Putnam_Lab_Notebook/Oyster-outplant-fall-assessment-at-Westcott-Dec-17/,https://github.com/RobertsLab/manchester-hardening
Oyster outplant fall assessment at Westcott Dec 17,project-gigas-carryover,0.2,Weak overlap: Pacific oyster (Crassostrea/Magallana gigas),https://ahuffmyer.github.io/ASH_Putnam_Lab_Notebook/Oyster-outplant-fall-assessment-at-Westcott-Dec-17/,https://github.com/RobertsLab/project-gigas-carryover
Oyster outplant fall assessment at Westcott Dec 17,pgc-edc-oyster,0.2,Weak overlap: Pacific oyster (Crassostrea/Magallana gigas),https://ahuffmyer.github.io/ASH_Putnam_Lab_Notebook/Oyster-outplant-fall-assessment-at-Westcott-Dec-17/,https://github.com/RobertsLab/pgc-edc-oyster
Oyster outplant fall assessment at Westcott Dec 17,project-gigas-oa-meth,0.2,Weak overlap: Pacific oyster (Crassostrea/Magallana gigas),https://ahuffmyer.github.io/ASH_Putnam_Lab_Notebook/Oyster-outplant-fall-assessment-at-Westcott-Dec-17/,https://github.com/RobertsLab/project-gigas-oa-meth
Oyster outplant fall assessment at Westcott Dec 17,project-gigas-ploidy-oa,0.2,Weak overlap: Pacific oyster (Crassostrea/Magallana gigas),https://ahuffmyer.github.io/ASH_Putnam_Lab_Notebook/Oyster-outplant-fall-assessment-at-Westcott-Dec-17/,https://github.com/RobertsLab/project-gigas-ploidy-oa
Oyster outplant fall assessment at Westcott Dec 17,project-gigas_ploidy,0.2,Weak overlap: Pacific oyster (Crassostrea/Magallana gigas),https://ahuffmyer.github.io/ASH_Putnam_Lab_Notebook/Oyster-outplant-fall-assessment-at-Westcott-Dec-17/,https://github.com/RobertsLab/project-gigas_ploidy
Oyster outplant fall assessment at Westcott Dec 17,paper-gigas-early-gametogenic-exposure,0.2,Weak overlap: Pacific oyster (Crassostrea/Magallana gigas),https://ahuffmyer.github.io/ASH_Putnam_Lab_Notebook/Oyster-outplant-fall-assessment-at-Westcott-Dec-17/,https://github.com/RobertsLab/paper-gigas-early-gametogenic-exposure
Oyster outplant fall assessment at Westcott Dec 17,paper-gigas-DNR-proteomics,0.2,Weak overlap: Pacific oyster (Crassostrea/Magallana gigas),https://ahuffmyer.github.io/ASH_Putnam_Lab_Notebook/Oyster-outplant-fall-assessment-at-Westcott-Dec-17/,https://github.com/RobertsLab/paper-gigas-DNR-proteomics
Oyster outplant fall assessment at Westcott Dec 17,paper-gigas-metaanalysis,0.2,Weak overlap: Pacific oyster (Crassostrea/Magallana gigas),https://ahuffmyer.github.io/ASH_Putnam_Lab_Notebook/Oyster-outplant-fall-assessment-at-Westcott-Dec-17/,https://github.com/RobertsLab/paper-gigas-metaanalysis
Point Whitney Field Day 7 Jan 2025,project-cod-temperature,0.2,Weak overlap: temperature,https://ahuffmyer.github.io/ASH_Putnam_Lab_Notebook/Point-Whitney-Field-Day-7-Jan-2025/,https://github.com/RobertsLab/project-cod-temperature
Point Whitney Field Day 7 Jan 2025,project-gigas-carryover,0.2,Weak overlap: Pacific oyster (Crassostrea/Magallana gigas),https://ahuffmyer.github.io/ASH_Putnam_Lab_Notebook/Point-Whitney-Field-Day-7-Jan-2025/,https://github.com/RobertsLab/project-gigas-carryover
Point Whitney Field Day 7 Jan 2025,pgc-edc-oyster,0.2,Weak overlap: Pacific oyster (Crassostrea/Magallana gigas),https://ahuffmyer.github.io/ASH_Putnam_Lab_Notebook/Point-Whitney-Field-Day-7-Jan-2025/,https://github.com/RobertsLab/pgc-edc-oyster
Point Whitney Field Day 7 Jan 2025,oyster-ploidy-hardening,0.2,Weak overlap: Pacific oyster (Crassostrea/Magallana gigas),https://ahuffmyer.github.io/ASH_Putnam_Lab_Notebook/Point-Whitney-Field-Day-7-Jan-2025/,https://github.com/RobertsLab/oyster-ploidy-hardening
Point Whitney Field Day 7 Jan 2025,project-gigas-oa-meth,0.2,"Weak overlap: Pacific oyster (Crassostrea/Magallana gigas), larvae",https://ahuffmyer.github.io/ASH_Putnam_Lab_Notebook/Point-Whitney-Field-Day-7-Jan-2025/,https://github.com/RobertsLab/project-gigas-oa-meth
Point Whitney Field Day 7 Jan 2025,project-gigas-ploidy-oa,0.2,Weak overlap: Pacific oyster (Crassostrea/Magallana gigas),https://ahuffmyer.github.io/ASH_Putnam_Lab_Notebook/Point-Whitney-Field-Day-7-Jan-2025/,https://github.com/RobertsLab/project-gigas-ploidy-oa
Point Whitney Field Day 7 Jan 2025,project-gigas_ploidy,0.2,Weak overlap: Pacific oyster (Crassostrea/Magallana gigas),https://ahuffmyer.github.io/ASH_Putnam_Lab_Notebook/Point-Whitney-Field-Day-7-Jan-2025/,https://github.com/RobertsLab/project-gigas_ploidy
Point Whitney Field Day 7 Jan 2025,paper-hatchery-microbiome,0.2,Weak overlap: hatchery,https://ahuffmyer.github.io/ASH_Putnam_Lab_Notebook/Point-Whitney-Field-Day-7-Jan-2025/,https://github.com/RobertsLab/paper-hatchery-microbiome
Point Whitney Field Day 7 Jan 2025,paper-gigas-early-gametogenic-exposure,0.2,Weak overlap: Pacific oyster (Crassostrea/Magallana gigas),https://ahuffmyer.github.io/ASH_Putnam_Lab_Notebook/Point-Whitney-Field-Day-7-Jan-2025/,https://github.com/RobertsLab/paper-gigas-early-gametogenic-exposure
Point Whitney Field Day 7 Jan 2025,paper-gigas-DNR-proteomics,0.2,Weak overlap: Pacific oyster (Crassostrea/Magallana gigas),https://ahuffmyer.github.io/ASH_Putnam_Lab_Notebook/Point-Whitney-Field-Day-7-Jan-2025/,https://github.com/RobertsLab/paper-gigas-DNR-proteomics
Point Whitney Field Day 7 Jan 2025,paper-gigas-metaanalysis,0.2,Weak overlap: Pacific oyster (Crassostrea/Magallana gigas),https://ahuffmyer.github.io/ASH_Putnam_Lab_Notebook/Point-Whitney-Field-Day-7-Jan-2025/,https://github.com/RobertsLab/paper-gigas-metaanalysis
Oysters at FTR 8 Jan 2025,project-gigas-conditioning,0.2,Weak overlap: Pacific oyster (Crassostrea/Magallana gigas),https://ahuffmyer.github.io/ASH_Putnam_Lab_Notebook/Oysters-at-FTR-8-Jan-2025/,https://github.com/RobertsLab/project-gigas-conditioning
Oysters at FTR 8 Jan 2025,project-cod-temperature,0.2,Weak overlap: temperature,https://ahuffmyer.github.io/ASH_Putnam_Lab_Notebook/Oysters-at-FTR-8-Jan-2025/,https://github.com/RobertsLab/project-cod-temperature
Oysters at FTR 8 Jan 2025,project-gigas-carryover,0.2,Weak overlap: Pacific oyster (Crassostrea/Magallana gigas),https://ahuffmyer.github.io/ASH_Putnam_Lab_Notebook/Oysters-at-FTR-8-Jan-2025/,https://github.com/RobertsLab/project-gigas-carryover
Oysters at FTR 8 Jan 2025,pgc-edc-oyster,0.2,Weak overlap: Pacific oyster (Crassostrea/Magallana gigas),https://ahuffmyer.github.io/ASH_Putnam_Lab_Notebook/Oysters-at-FTR-8-Jan-2025/,https://github.com/RobertsLab/pgc-edc-oyster
Oysters at FTR 8 Jan 2025,oyster-ploidy-hardening,0.2,Weak overlap: Pacific oyster (Crassostrea/Magallana gigas),https://ahuffmyer.github.io/ASH_Putnam_Lab_Notebook/Oysters-at-FTR-8-Jan-2025/,https://github.com/RobertsLab/oyster-ploidy-hardening
Oysters at FTR 8 Jan 2025,project-gigas-oa-meth,0.2,"Weak overlap: Pacific oyster (Crassostrea/Magallana gigas), larvae",https://ahuffmyer.github.io/ASH_Putnam_Lab_Notebook/Oysters-at-FTR-8-Jan-2025/,https://github.com/RobertsLab/project-gigas-oa-meth
Oysters at FTR 8 Jan 2025,project-gigas-ploidy-oa,0.2,Weak overlap: Pacific oyster (Crassostrea/Magallana gigas),https://ahuffmyer.github.io/ASH_Putnam_Lab_Notebook/Oysters-at-FTR-8-Jan-2025/,https://github.com/RobertsLab/project-gigas-ploidy-oa
Oysters at FTR 8 Jan 2025,project-gigas_ploidy,0.2,Weak overlap: Pacific oyster (Crassostrea/Magallana gigas),https://ahuffmyer.github.io/ASH_Putnam_Lab_Notebook/Oysters-at-FTR-8-Jan-2025/,https://github.com/RobertsLab/project-gigas_ploidy
Oysters at FTR 8 Jan 2025,paper-gigas-early-gametogenic-exposure,0.2,Weak overlap: Pacific oyster (Crassostrea/Magallana gigas),https://ahuffmyer.github.io/ASH_Putnam_Lab_Notebook/Oysters-at-FTR-8-Jan-2025/,https://github.com/RobertsLab/paper-gigas-early-gametogenic-exposure
Oysters at FTR 8 Jan 2025,paper-gigas-DNR-proteomics,0.2,Weak overlap: Pacific oyster (Crassostrea/Magallana gigas),https://ahuffmyer.github.io/ASH_Putnam_Lab_Notebook/Oysters-at-FTR-8-Jan-2025/,https://github.com/RobertsLab/paper-gigas-DNR-proteomics
Oysters at FTR 8 Jan 2025,paper-gigas-metaanalysis,0.2,Weak overlap: Pacific oyster (Crassostrea/Magallana gigas),https://ahuffmyer.github.io/ASH_Putnam_Lab_Notebook/Oysters-at-FTR-8-Jan-2025/,https://github.com/RobertsLab/paper-gigas-metaanalysis
Resazurin data analysis and size normalization for 10K seed project,project-gigas-conditioning,0.2,Weak overlap: Pacific oyster (Crassostrea/Magallana gigas),https://ahuffmyer.github.io/ASH_Putnam_Lab_Notebook/Resazurin-data-analysis-and-size-normalization-for-10K-seed-project/,https://github.com/RobertsLab/project-gigas-conditioning
Resazurin data analysis and size normalization for 10K seed project,project-cod-temperature,0.2,Weak overlap: temperature,https://ahuffmyer.github.io/ASH_Putnam_Lab_Notebook/Resazurin-data-analysis-and-size-normalization-for-10K-seed-project/,https://github.com/RobertsLab/project-cod-temperature
Resazurin data analysis and size normalization for 10K seed project,manchester-hardening,0.2,"Weak overlap: hardening, thermal",https://ahuffmyer.github.io/ASH_Putnam_Lab_Notebook/Resazurin-data-analysis-and-size-normalization-for-10K-seed-project/,https://github.com/RobertsLab/manchester-hardening
Resazurin data analysis and size normalization for 10K seed project,project-gigas-carryover,0.2,Weak overlap: Pacific oyster (Crassostrea/Magallana gigas),https://ahuffmyer.github.io/ASH_Putnam_Lab_Notebook/Resazurin-data-analysis-and-size-normalization-for-10K-seed-project/,https://github.com/RobertsLab/project-gigas-carryover
Resazurin data analysis and size normalization for 10K seed project,pgc-edc-oyster,0.2,Weak overlap: Pacific oyster (Crassostrea/Magallana gigas),https://ahuffmyer.github.io/ASH_Putnam_Lab_Notebook/Resazurin-data-analysis-and-size-normalization-for-10K-seed-project/,https://github.com/RobertsLab/pgc-edc-oyster
Resazurin data analysis and size normalization for 10K seed project,project-gigas-oa-meth,0.2,Weak overlap: Pacific oyster (Crassostrea/Magallana gigas),https://ahuffmyer.github.io/ASH_Putnam_Lab_Notebook/Resazurin-data-analysis-and-size-normalization-for-10K-seed-project/,https://github.com/RobertsLab/project-gigas-oa-meth
Resazurin data analysis and size normalization for 10K seed project,project-gigas-ploidy-oa,0.2,Weak overlap: Pacific oyster (Crassostrea/Magallana gigas),https://ahuffmyer.github.io/ASH_Putnam_Lab_Notebook/Resazurin-data-analysis-and-size-normalization-for-10K-seed-project/,https://github.com/RobertsLab/project-gigas-ploidy-oa
Resazurin data analysis and size normalization for 10K seed project,project-gigas_ploidy,0.2,Weak overlap: Pacific oyster (Crassostrea/Magallana gigas),https://ahuffmyer.github.io/ASH_Putnam_Lab_Notebook/Resazurin-data-analysis-and-size-normalization-for-10K-seed-project/,https://github.com/RobertsLab/project-gigas_ploidy
Resazurin data analysis and size normalization for 10K seed project,paper-gigas-early-gametogenic-exposure,0.2,Weak overlap: Pacific oyster (Crassostrea/Magallana gigas),https://ahuffmyer.github.io/ASH_Putnam_Lab_Notebook/Resazurin-data-analysis-and-size-normalization-for-10K-seed-project/,https://github.com/RobertsLab/paper-gigas-early-gametogenic-exposure
Resazurin data analysis and size normalization for 10K seed project,paper-gigas-DNR-proteomics,0.2,Weak overlap: Pacific oyster (Crassostrea/Magallana gigas),https://ahuffmyer.github.io/ASH_Putnam_Lab_Notebook/Resazurin-data-analysis-and-size-normalization-for-10K-seed-project/,https://github.com/RobertsLab/paper-gigas-DNR-proteomics
Resazurin data analysis and size normalization for 10K seed project,paper-gigas-metaanalysis,0.2,Weak overlap: Pacific oyster (Crassostrea/Magallana gigas),https://ahuffmyer.github.io/ASH_Putnam_Lab_Notebook/Resazurin-data-analysis-and-size-normalization-for-10K-seed-project/,https://github.com/RobertsLab/paper-gigas-metaanalysis
PolyIC Seed Resazurin Assay Testing,project-gigas-conditioning,0.2,Weak overlap: Pacific oyster (Crassostrea/Magallana gigas),https://ahuffmyer.github.io/ASH_Putnam_Lab_Notebook/PolyIC-Seed-Resazurin-Assay-Testing/,https://github.com/RobertsLab/project-gigas-conditioning
PolyIC Seed Resazurin Assay Testing,project-cod-temperature,0.2,Weak overlap: temperature,https://ahuffmyer.github.io/ASH_Putnam_Lab_Notebook/PolyIC-Seed-Resazurin-Assay-Testing/,https://github.com/RobertsLab/project-cod-temperature
PolyIC Seed Resazurin Assay Testing,manchester-hardening,0.2,"Weak overlap: hardening, thermal",https://ahuffmyer.github.io/ASH_Putnam_Lab_Notebook/PolyIC-Seed-Resazurin-Assay-Testing/,https://github.com/RobertsLab/manchester-hardening
PolyIC Seed Resazurin Assay Testing,project-gigas-carryover,0.2,Weak overlap: Pacific oyster (Crassostrea/Magallana gigas),https://ahuffmyer.github.io/ASH_Putnam_Lab_Notebook/PolyIC-Seed-Resazurin-Assay-Testing/,https://github.com/RobertsLab/project-gigas-carryover
PolyIC Seed Resazurin Assay Testing,pgc-edc-oyster,0.2,Weak overlap: Pacific oyster (Crassostrea/Magallana gigas),https://ahuffmyer.github.io/ASH_Putnam_Lab_Notebook/PolyIC-Seed-Resazurin-Assay-Testing/,https://github.com/RobertsLab/pgc-edc-oyster
PolyIC Seed Resazurin Assay Testing,project-gigas-oa-meth,0.2,"Weak overlap: Pacific oyster (Crassostrea/Magallana gigas), larvae",https://ahuffmyer.github.io/ASH_Putnam_Lab_Notebook/PolyIC-Seed-Resazurin-Assay-Testing/,https://github.com/RobertsLab/project-gigas-oa-meth
PolyIC Seed Resazurin Assay Testing,project-gigas-ploidy-oa,0.2,Weak overlap: Pacific oyster (Crassostrea/Magallana gigas),https://ahuffmyer.github.io/ASH_Putnam_Lab_Notebook/PolyIC-Seed-Resazurin-Assay-Testing/,https://github.com/RobertsLab/project-gigas-ploidy-oa
PolyIC Seed Resazurin Assay Testing,project-gigas_ploidy,0.2,Weak overlap: Pacific oyster (Crassostrea/Magallana gigas),https://ahuffmyer.github.io/ASH_Putnam_Lab_Notebook/PolyIC-Seed-Resazurin-Assay-Testing/,https://github.com/RobertsLab/project-gigas_ploidy
PolyIC Seed Resazurin Assay Testing,paper-gigas-early-gametogenic-exposure,0.2,Weak overlap: Pacific oyster (Crassostrea/Magallana gigas),https://ahuffmyer.github.io/ASH_Putnam_Lab_Notebook/PolyIC-Seed-Resazurin-Assay-Testing/,https://github.com/RobertsLab/paper-gigas-early-gametogenic-exposure
PolyIC Seed Resazurin Assay Testing,paper-gigas-DNR-proteomics,0.2,Weak overlap: Pacific oyster (Crassostrea/Magallana gigas),https://ahuffmyer.github.io/ASH_Putnam_Lab_Notebook/PolyIC-Seed-Resazurin-Assay-Testing/,https://github.com/RobertsLab/paper-gigas-DNR-proteomics
PolyIC Seed Resazurin Assay Testing,paper-gigas-metaanalysis,0.2,Weak overlap: Pacific oyster (Crassostrea/Magallana gigas),https://ahuffmyer.github.io/ASH_Putnam_Lab_Notebook/PolyIC-Seed-Resazurin-Assay-Testing/,https://github.com/RobertsLab/paper-gigas-metaanalysis
Resazurin Metabolic Assays Protocol for PolyIC Seed Testing,project-gigas-conditioning,0.2,Weak overlap: Pacific oyster (Crassostrea/Magallana gigas),https://ahuffmyer.github.io/ASH_Putnam_Lab_Notebook/Resazurin-Metabolic-Assays-Protocol-for-PolyIC-Seed-Testing/,https://github.com/RobertsLab/project-gigas-conditioning
Resazurin Metabolic Assays Protocol for PolyIC Seed Testing,project-cod-temperature,0.2,Weak overlap: temperature,https://ahuffmyer.github.io/ASH_Putnam_Lab_Notebook/Resazurin-Metabolic-Assays-Protocol-for-PolyIC-Seed-Testing/,https://github.com/RobertsLab/project-cod-temperature
Resazurin Metabolic Assays Protocol for PolyIC Seed Testing,manchester-hardening,0.2,Weak overlap: thermal,https://ahuffmyer.github.io/ASH_Putnam_Lab_Notebook/Resazurin-Metabolic-Assays-Protocol-for-PolyIC-Seed-Testing/,https://github.com/RobertsLab/manchester-hardening
Resazurin Metabolic Assays Protocol for PolyIC Seed Testing,project-gigas-carryover,0.2,Weak overlap: Pacific oyster (Crassostrea/Magallana gigas),https://ahuffmyer.github.io/ASH_Putnam_Lab_Notebook/Resazurin-Metabolic-Assays-Protocol-for-PolyIC-Seed-Testing/,https://github.com/RobertsLab/project-gigas-carryover
Resazurin Metabolic Assays Protocol for PolyIC Seed Testing,pgc-edc-oyster,0.2,Weak overlap: Pacific oyster (Crassostrea/Magallana gigas),https://ahuffmyer.github.io/ASH_Putnam_Lab_Notebook/Resazurin-Metabolic-Assays-Protocol-for-PolyIC-Seed-Testing/,https://github.com/RobertsLab/pgc-edc-oyster
Resazurin Metabolic Assays Protocol for PolyIC Seed Testing,oyster-ploidy-hardening,0.2,Weak overlap: Pacific oyster (Crassostrea/Magallana gigas),https://ahuffmyer.github.io/ASH_Putnam_Lab_Notebook/Resazurin-Metabolic-Assays-Protocol-for-PolyIC-Seed-Testing/,https://github.com/RobertsLab/oyster-ploidy-hardening
Resazurin Metabolic Assays Protocol for PolyIC Seed Testing,project-gigas-oa-meth,0.2,"Weak overlap: Pacific oyster (Crassostrea/Magallana gigas), larvae",https://ahuffmyer.github.io/ASH_Putnam_Lab_Notebook/Resazurin-Metabolic-Assays-Protocol-for-PolyIC-Seed-Testing/,https://github.com/RobertsLab/project-gigas-oa-meth
Resazurin Metabolic Assays Protocol for PolyIC Seed Testing,project-gigas-ploidy-oa,0.2,Weak overlap: Pacific oyster (Crassostrea/Magallana gigas),https://ahuffmyer.github.io/ASH_Putnam_Lab_Notebook/Resazurin-Metabolic-Assays-Protocol-for-PolyIC-Seed-Testing/,https://github.com/RobertsLab/project-gigas-ploidy-oa
Resazurin Metabolic Assays Protocol for PolyIC Seed Testing,project-gigas_ploidy,0.2,Weak overlap: Pacific oyster (Crassostrea/Magallana gigas),https://ahuffmyer.github.io/ASH_Putnam_Lab_Notebook/Resazurin-Metabolic-Assays-Protocol-for-PolyIC-Seed-Testing/,https://github.com/RobertsLab/project-gigas_ploidy
Resazurin Metabolic Assays Protocol for PolyIC Seed Testing,paper-gigas-early-gametogenic-exposure,0.2,Weak overlap: Pacific oyster (Crassostrea/Magallana gigas),https://ahuffmyer.github.io/ASH_Putnam_Lab_Notebook/Resazurin-Metabolic-Assays-Protocol-for-PolyIC-Seed-Testing/,https://github.com/RobertsLab/paper-gigas-early-gametogenic-exposure
Resazurin Metabolic Assays Protocol for PolyIC Seed Testing,paper-gigas-DNR-proteomics,0.2,Weak overlap: Pacific oyster (Crassostrea/Magallana gigas),https://ahuffmyer.github.io/ASH_Putnam_Lab_Notebook/Resazurin-Metabolic-Assays-Protocol-for-PolyIC-Seed-Testing/,https://github.com/RobertsLab/paper-gigas-DNR-proteomics
Resazurin Metabolic Assays Protocol for PolyIC Seed Testing,paper-gigas-metaanalysis,0.2,Weak overlap: Pacific oyster (Crassostrea/Magallana gigas),https://ahuffmyer.github.io/ASH_Putnam_Lab_Notebook/Resazurin-Metabolic-Assays-Protocol-for-PolyIC-Seed-Testing/,https://github.com/RobertsLab/paper-gigas-metaanalysis
PolyIC Seed Resazurin Assay January 28 and 29 2025,project-gigas-conditioning,0.2,Weak overlap: Pacific oyster (Crassostrea/Magallana gigas),https://ahuffmyer.github.io/ASH_Putnam_Lab_Notebook/PolyIC-Seed-Resazurin-Jan-28-and-29-2025/,https://github.com/RobertsLab/project-gigas-conditioning
PolyIC Seed Resazurin Assay January 28 and 29 2025,project-cod-temperature,0.2,Weak overlap: temperature,https://ahuffmyer.github.io/ASH_Putnam_Lab_Notebook/PolyIC-Seed-Resazurin-Jan-28-and-29-2025/,https://github.com/RobertsLab/project-cod-temperature
PolyIC Seed Resazurin Assay January 28 and 29 2025,manchester-hardening,0.2,"Weak overlap: hardening, thermal",https://ahuffmyer.github.io/ASH_Putnam_Lab_Notebook/PolyIC-Seed-Resazurin-Jan-28-and-29-2025/,https://github.com/RobertsLab/manchester-hardening
PolyIC Seed Resazurin Assay January 28 and 29 2025,project-gigas-carryover,0.2,Weak overlap: Pacific oyster (Crassostrea/Magallana gigas),https://ahuffmyer.github.io/ASH_Putnam_Lab_Notebook/PolyIC-Seed-Resazurin-Jan-28-and-29-2025/,https://github.com/RobertsLab/project-gigas-carryover
PolyIC Seed Resazurin Assay January 28 and 29 2025,pgc-edc-oyster,0.2,Weak overlap: Pacific oyster (Crassostrea/Magallana gigas),https://ahuffmyer.github.io/ASH_Putnam_Lab_Notebook/PolyIC-Seed-Resazurin-Jan-28-and-29-2025/,https://github.com/RobertsLab/pgc-edc-oyster
PolyIC Seed Resazurin Assay January 28 and 29 2025,project-gigas-oa-meth,0.2,"Weak overlap: Pacific oyster (Crassostrea/Magallana gigas), larvae",https://ahuffmyer.github.io/ASH_Putnam_Lab_Notebook/PolyIC-Seed-Resazurin-Jan-28-and-29-2025/,https://github.com/RobertsLab/project-gigas-oa-meth
PolyIC Seed Resazurin Assay January 28 and 29 2025,project-gigas-ploidy-oa,0.2,Weak overlap: Pacific oyster (Crassostrea/Magallana gigas),https://ahuffmyer.github.io/ASH_Putnam_Lab_Notebook/PolyIC-Seed-Resazurin-Jan-28-and-29-2025/,https://github.com/RobertsLab/project-gigas-ploidy-oa
PolyIC Seed Resazurin Assay January 28 and 29 2025,project-gigas_ploidy,0.2,Weak overlap: Pacific oyster (Crassostrea/Magallana gigas),https://ahuffmyer.github.io/ASH_Putnam_Lab_Notebook/PolyIC-Seed-Resazurin-Jan-28-and-29-2025/,https://github.com/RobertsLab/project-gigas_ploidy
PolyIC Seed Resazurin Assay January 28 and 29 2025,paper-gigas-early-gametogenic-exposure,0.2,Weak overlap: Pacific oyster (Crassostrea/Magallana gigas),https://ahuffmyer.github.io/ASH_Putnam_Lab_Notebook/PolyIC-Seed-Resazurin-Jan-28-and-29-2025/,https://github.com/RobertsLab/paper-gigas-early-gametogenic-exposure
PolyIC Seed Resazurin Assay January 28 and 29 2025,paper-gigas-DNR-proteomics,0.2,Weak overlap: Pacific oyster (Crassostrea/Magallana gigas),https://ahuffmyer.github.io/ASH_Putnam_Lab_Notebook/PolyIC-Seed-Resazurin-Jan-28-and-29-2025/,https://github.com/RobertsLab/paper-gigas-DNR-proteomics
PolyIC Seed Resazurin Assay January 28 and 29 2025,paper-gigas-metaanalysis,0.2,Weak overlap: Pacific oyster (Crassostrea/Magallana gigas),https://ahuffmyer.github.io/ASH_Putnam_Lab_Notebook/PolyIC-Seed-Resazurin-Jan-28-and-29-2025/,https://github.com/RobertsLab/paper-gigas-metaanalysis
All Projects To Do List,10K-seed-Cgigas,0.2,Weak overlap: hardening,https://ahuffmyer.github.io/ASH_Putnam_Lab_Notebook/All-projects-to-do-list/,https://github.com/RobertsLab/10K-seed-Cgigas
All Projects To Do List,project-sc-RNAseq,0.2,Weak overlap: RNA-seq,https://ahuffmyer.github.io/ASH_Putnam_Lab_Notebook/All-projects-to-do-list/,https://github.com/RobertsLab/project-sc-RNAseq
All Projects To Do List,project-gigas-oa-meth,0.2,Weak overlap: larvae,https://ahuffmyer.github.io/ASH_Putnam_Lab_Notebook/All-projects-to-do-list/,https://github.com/RobertsLab/project-gigas-oa-meth
E5 timeseries project multiomic WGCNA Part 1,project-mytilus-methylation,0.2,"Weak overlap: DNA methylation, methylation",https://ahuffmyer.github.io/ASH_Putnam_Lab_Notebook/E5-timeseries-multiomic-WGCNA-Part-1/,https://github.com/RobertsLab/project-mytilus-methylation
E5 timeseries project multiomic WGCNA Part 1,project-caligus-methylation,0.2,"Weak overlap: DNA methylation, methylation",https://ahuffmyer.github.io/ASH_Putnam_Lab_Notebook/E5-timeseries-multiomic-WGCNA-Part-1/,https://github.com/RobertsLab/project-caligus-methylation
E5 timeseries project multiomic WGCNA Part 1,project-myt-crass-methylation,0.2,"Weak overlap: DNA methylation, methylation",https://ahuffmyer.github.io/ASH_Putnam_Lab_Notebook/E5-timeseries-multiomic-WGCNA-Part-1/,https://github.com/RobertsLab/project-myt-crass-methylation
E5 timeseries project multiomic WGCNA Part 1,project-sc-RNAseq,0.2,Weak overlap: RNA-seq,https://ahuffmyer.github.io/ASH_Putnam_Lab_Notebook/E5-timeseries-multiomic-WGCNA-Part-1/,https://github.com/RobertsLab/project-sc-RNAseq
E5 timeseries project multiomic WGCNA Part 1,EpiDiverse-snp,0.2,"Weak overlap: DNA methylation, methylation",https://ahuffmyer.github.io/ASH_Putnam_Lab_Notebook/E5-timeseries-multiomic-WGCNA-Part-1/,https://github.com/RobertsLab/EpiDiverse-snp
E5 timeseries project multiomic WGCNA Part 1,project-gigas-oa-meth,0.2,"Weak overlap: DNA methylation, methylation",https://ahuffmyer.github.io/ASH_Putnam_Lab_Notebook/E5-timeseries-multiomic-WGCNA-Part-1/,https://github.com/RobertsLab/project-gigas-oa-meth
E5 timeseries project multiomic WGCNA Part 1,paper-gigas-metaanalysis,0.2,"Weak overlap: DNA methylation, methylation",https://ahuffmyer.github.io/ASH_Putnam_Lab_Notebook/E5-timeseries-multiomic-WGCNA-Part-1/,https://github.com/RobertsLab/paper-gigas-metaanalysis
February 2025 Goals,project-sc-RNAseq,0.2,Weak overlap: RNA-seq,https://ahuffmyer.github.io/ASH_Putnam_Lab_Notebook/February-2025-Goals/,https://github.com/RobertsLab/project-sc-RNAseq
Analysis of Goose Point growth data Part 1,project-cod-temperature,0.2,Weak overlap: temperature,https://ahuffmyer.github.io/ASH_Putnam_Lab_Notebook/Analysis-of-Goose-Point-Growth-Data-Part-1/,https://github.com/RobertsLab/project-cod-temperature
Analysis of Goose Point growth data Part 1,project-gigas-carryover,0.2,Weak overlap: Pacific oyster (Crassostrea/Magallana gigas),https://ahuffmyer.github.io/ASH_Putnam_Lab_Notebook/Analysis-of-Goose-Point-Growth-Data-Part-1/,https://github.com/RobertsLab/project-gigas-carryover
Analysis of Goose Point growth data Part 1,pgc-edc-oyster,0.2,Weak overlap: Pacific oyster (Crassostrea/Magallana gigas),https://ahuffmyer.github.io/ASH_Putnam_Lab_Notebook/Analysis-of-Goose-Point-Growth-Data-Part-1/,https://github.com/RobertsLab/pgc-edc-oyster
Analysis of Goose Point growth data Part 1,oyster-ploidy-hardening,0.2,Weak overlap: Pacific oyster (Crassostrea/Magallana gigas),https://ahuffmyer.github.io/ASH_Putnam_Lab_Notebook/Analysis-of-Goose-Point-Growth-Data-Part-1/,https://github.com/RobertsLab/oyster-ploidy-hardening
Analysis of Goose Point growth data Part 1,project-gigas-oa-meth,0.2,Weak overlap: Pacific oyster (Crassostrea/Magallana gigas),https://ahuffmyer.github.io/ASH_Putnam_Lab_Notebook/Analysis-of-Goose-Point-Growth-Data-Part-1/,https://github.com/RobertsLab/project-gigas-oa-meth
Analysis of Goose Point growth data Part 1,project-gigas-ploidy-oa,0.2,Weak overlap: Pacific oyster (Crassostrea/Magallana gigas),https://ahuffmyer.github.io/ASH_Putnam_Lab_Notebook/Analysis-of-Goose-Point-Growth-Data-Part-1/,https://github.com/RobertsLab/project-gigas-ploidy-oa
Analysis of Goose Point growth data Part 1,project-gigas_ploidy,0.2,Weak overlap: Pacific oyster (Crassostrea/Magallana gigas),https://ahuffmyer.github.io/ASH_Putnam_Lab_Notebook/Analysis-of-Goose-Point-Growth-Data-Part-1/,https://github.com/RobertsLab/project-gigas_ploidy
Analysis of Goose Point growth data Part 1,paper-gigas-early-gametogenic-exposure,0.2,Weak overlap: Pacific oyster (Crassostrea/Magallana gigas),https://ahuffmyer.github.io/ASH_Putnam_Lab_Notebook/Analysis-of-Goose-Point-Growth-Data-Part-1/,https://github.com/RobertsLab/paper-gigas-early-gametogenic-exposure
Analysis of Goose Point growth data Part 1,paper-gigas-DNR-proteomics,0.2,Weak overlap: Pacific oyster (Crassostrea/Magallana gigas),https://ahuffmyer.github.io/ASH_Putnam_Lab_Notebook/Analysis-of-Goose-Point-Growth-Data-Part-1/,https://github.com/RobertsLab/paper-gigas-DNR-proteomics
Analysis of Goose Point growth data Part 1,paper-gigas-metaanalysis,0.2,Weak overlap: Pacific oyster (Crassostrea/Magallana gigas),https://ahuffmyer.github.io/ASH_Putnam_Lab_Notebook/Analysis-of-Goose-Point-Growth-Data-Part-1/,https://github.com/RobertsLab/paper-gigas-metaanalysis
Testing CO2 bubbling in FTR,project-gigas-conditioning,0.2,Weak overlap: Pacific oyster (Crassostrea/Magallana gigas),https://ahuffmyer.github.io/ASH_Putnam_Lab_Notebook/Testing-CO2-bubbling-in-FTR/,https://github.com/RobertsLab/project-gigas-conditioning
Testing CO2 bubbling in FTR,project-cod-temperature,0.2,Weak overlap: temperature,https://ahuffmyer.github.io/ASH_Putnam_Lab_Notebook/Testing-CO2-bubbling-in-FTR/,https://github.com/RobertsLab/project-cod-temperature
Testing CO2 bubbling in FTR,manchester-hardening,0.2,Weak overlap: thermal,https://ahuffmyer.github.io/ASH_Putnam_Lab_Notebook/Testing-CO2-bubbling-in-FTR/,https://github.com/RobertsLab/manchester-hardening
Testing CO2 bubbling in FTR,project-gigas-carryover,0.2,Weak overlap: Pacific oyster (Crassostrea/Magallana gigas),https://ahuffmyer.github.io/ASH_Putnam_Lab_Notebook/Testing-CO2-bubbling-in-FTR/,https://github.com/RobertsLab/project-gigas-carryover
Testing CO2 bubbling in FTR,pgc-edc-oyster,0.2,Weak overlap: Pacific oyster (Crassostrea/Magallana gigas),https://ahuffmyer.github.io/ASH_Putnam_Lab_Notebook/Testing-CO2-bubbling-in-FTR/,https://github.com/RobertsLab/pgc-edc-oyster
Testing CO2 bubbling in FTR,oyster-ploidy-hardening,0.2,Weak overlap: Pacific oyster (Crassostrea/Magallana gigas),https://ahuffmyer.github.io/ASH_Putnam_Lab_Notebook/Testing-CO2-bubbling-in-FTR/,https://github.com/RobertsLab/oyster-ploidy-hardening
Testing CO2 bubbling in FTR,project-gigas_ploidy,0.2,Weak overlap: Pacific oyster (Crassostrea/Magallana gigas),https://ahuffmyer.github.io/ASH_Putnam_Lab_Notebook/Testing-CO2-bubbling-in-FTR/,https://github.com/RobertsLab/project-gigas_ploidy
Testing CO2 bubbling in FTR,paper-gigas-early-gametogenic-exposure,0.2,Weak overlap: Pacific oyster (Crassostrea/Magallana gigas),https://ahuffmyer.github.io/ASH_Putnam_Lab_Notebook/Testing-CO2-bubbling-in-FTR/,https://github.com/RobertsLab/paper-gigas-early-gametogenic-exposure
Testing CO2 bubbling in FTR,paper-gigas-DNR-proteomics,0.2,Weak overlap: Pacific oyster (Crassostrea/Magallana gigas),https://ahuffmyer.github.io/ASH_Putnam_Lab_Notebook/Testing-CO2-bubbling-in-FTR/,https://github.com/RobertsLab/paper-gigas-DNR-proteomics
Testing CO2 bubbling in FTR,paper-gigas-metaanalysis,0.2,Weak overlap: Pacific oyster (Crassostrea/Magallana gigas),https://ahuffmyer.github.io/ASH_Putnam_Lab_Notebook/Testing-CO2-bubbling-in-FTR/,https://github.com/RobertsLab/paper-gigas-metaanalysis
COTS Project Bioinformatic Analysis,project-lake-trout,0.2,Weak overlap: genome,https://ahuffmyer.github.io/ASH_Putnam_Lab_Notebook/COTS-Project-Bioinformatics-Analysis/,https://github.com/RobertsLab/project-lake-trout
COTS Project Bioinformatic Analysis,project-sc-RNAseq,0.2,Weak overlap: RNA-seq,https://ahuffmyer.github.io/ASH_Putnam_Lab_Notebook/COTS-Project-Bioinformatics-Analysis/,https://github.com/RobertsLab/project-sc-RNAseq
COTS Project Bioinformatic Analysis,duck-genome-viz,0.2,Weak overlap: genome,https://ahuffmyer.github.io/ASH_Putnam_Lab_Notebook/COTS-Project-Bioinformatics-Analysis/,https://github.com/RobertsLab/duck-genome-viz
COTS Project Bioinformatic Analysis,project-geoduck-genome,0.2,Weak overlap: genome,https://ahuffmyer.github.io/ASH_Putnam_Lab_Notebook/COTS-Project-Bioinformatics-Analysis/,https://github.com/RobertsLab/project-geoduck-genome
E5 timeseries molecular mRNA-WGBS machine learning analysis Part 1,project-mytilus-methylation,0.2,"Weak overlap: DNA methylation, methylation",https://ahuffmyer.github.io/ASH_Putnam_Lab_Notebook/E5-timeseries-molecular-mRNA-WGBS-machine-learning-analysis-Part-1/,https://github.com/RobertsLab/project-mytilus-methylation
E5 timeseries molecular mRNA-WGBS machine learning analysis Part 1,project-caligus-methylation,0.2,"Weak overlap: DNA methylation, methylation",https://ahuffmyer.github.io/ASH_Putnam_Lab_Notebook/E5-timeseries-molecular-mRNA-WGBS-machine-learning-analysis-Part-1/,https://github.com/RobertsLab/project-caligus-methylation
E5 timeseries molecular mRNA-WGBS machine learning analysis Part 1,project-myt-crass-methylation,0.2,"Weak overlap: DNA methylation, methylation",https://ahuffmyer.github.io/ASH_Putnam_Lab_Notebook/E5-timeseries-molecular-mRNA-WGBS-machine-learning-analysis-Part-1/,https://github.com/RobertsLab/project-myt-crass-methylation
E5 timeseries molecular mRNA-WGBS machine learning analysis Part 1,EpiDiverse-snp,0.2,"Weak overlap: DNA methylation, methylation",https://ahuffmyer.github.io/ASH_Putnam_Lab_Notebook/E5-timeseries-molecular-mRNA-WGBS-machine-learning-analysis-Part-1/,https://github.com/RobertsLab/EpiDiverse-snp
E5 timeseries molecular mRNA-WGBS machine learning analysis Part 1,project-gigas-oa-meth,0.2,"Weak overlap: DNA methylation, methylation",https://ahuffmyer.github.io/ASH_Putnam_Lab_Notebook/E5-timeseries-molecular-mRNA-WGBS-machine-learning-analysis-Part-1/,https://github.com/RobertsLab/project-gigas-oa-meth
E5 timeseries molecular mRNA-WGBS machine learning analysis Part 1,paper-gigas-metaanalysis,0.2,"Weak overlap: DNA methylation, methylation",https://ahuffmyer.github.io/ASH_Putnam_Lab_Notebook/E5-timeseries-molecular-mRNA-WGBS-machine-learning-analysis-Part-1/,https://github.com/RobertsLab/paper-gigas-metaanalysis
Point Whitney Field Day 26 Feb 2025,project-cod-temperature,0.2,Weak overlap: temperature,https://ahuffmyer.github.io/ASH_Putnam_Lab_Notebook/Point-Whitney-Field-Day-27-Feb-2025/,https://github.com/RobertsLab/project-cod-temperature
Point Whitney Field Day 26 Feb 2025,manchester-hardening,0.2,Weak overlap: hardening,https://ahuffmyer.github.io/ASH_Putnam_Lab_Notebook/Point-Whitney-Field-Day-27-Feb-2025/,https://github.com/RobertsLab/manchester-hardening
Point Whitney Field Day 26 Feb 2025,project-gigas-carryover,0.2,Weak overlap: Pacific oyster (Crassostrea/Magallana gigas),https://ahuffmyer.github.io/ASH_Putnam_Lab_Notebook/Point-Whitney-Field-Day-27-Feb-2025/,https://github.com/RobertsLab/project-gigas-carryover
Point Whitney Field Day 26 Feb 2025,pgc-edc-oyster,0.2,Weak overlap: Pacific oyster (Crassostrea/Magallana gigas),https://ahuffmyer.github.io/ASH_Putnam_Lab_Notebook/Point-Whitney-Field-Day-27-Feb-2025/,https://github.com/RobertsLab/pgc-edc-oyster
Point Whitney Field Day 26 Feb 2025,project-gigas-oa-meth,0.2,"Weak overlap: Pacific oyster (Crassostrea/Magallana gigas), larvae",https://ahuffmyer.github.io/ASH_Putnam_Lab_Notebook/Point-Whitney-Field-Day-27-Feb-2025/,https://github.com/RobertsLab/project-gigas-oa-meth
Point Whitney Field Day 26 Feb 2025,project-gigas-ploidy-oa,0.2,Weak overlap: Pacific oyster (Crassostrea/Magallana gigas),https://ahuffmyer.github.io/ASH_Putnam_Lab_Notebook/Point-Whitney-Field-Day-27-Feb-2025/,https://github.com/RobertsLab/project-gigas-ploidy-oa
Point Whitney Field Day 26 Feb 2025,project-gigas_ploidy,0.2,Weak overlap: Pacific oyster (Crassostrea/Magallana gigas),https://ahuffmyer.github.io/ASH_Putnam_Lab_Notebook/Point-Whitney-Field-Day-27-Feb-2025/,https://github.com/RobertsLab/project-gigas_ploidy
Point Whitney Field Day 26 Feb 2025,paper-gigas-early-gametogenic-exposure,0.2,Weak overlap: Pacific oyster (Crassostrea/Magallana gigas),https://ahuffmyer.github.io/ASH_Putnam_Lab_Notebook/Point-Whitney-Field-Day-27-Feb-2025/,https://github.com/RobertsLab/paper-gigas-early-gametogenic-exposure
Point Whitney Field Day 26 Feb 2025,paper-gigas-DNR-proteomics,0.2,Weak overlap: Pacific oyster (Crassostrea/Magallana gigas),https://ahuffmyer.github.io/ASH_Putnam_Lab_Notebook/Point-Whitney-Field-Day-27-Feb-2025/,https://github.com/RobertsLab/paper-gigas-DNR-proteomics
Point Whitney Field Day 26 Feb 2025,paper-gigas-metaanalysis,0.2,Weak overlap: Pacific oyster (Crassostrea/Magallana gigas),https://ahuffmyer.github.io/ASH_Putnam_Lab_Notebook/Point-Whitney-Field-Day-27-Feb-2025/,https://github.com/RobertsLab/paper-gigas-metaanalysis
March 2025 Goals,manchester-hardening,0.2,Weak overlap: hardening,https://ahuffmyer.github.io/ASH_Putnam_Lab_Notebook/March-2025-Goals/,https://github.com/RobertsLab/manchester-hardening
March 2025 Goals,project-sc-RNAseq,0.2,Weak overlap: RNA-seq,https://ahuffmyer.github.io/ASH_Putnam_Lab_Notebook/March-2025-Goals/,https://github.com/RobertsLab/project-sc-RNAseq
Analysis of DNA sequences for species identification in the Moorea 2023 project,polyIC-larvae,0.2,Weak overlap: larvae,https://ahuffmyer.github.io/ASH_Putnam_Lab_Notebook/Analysis-of-DNA-sequences-for-species-identification-in-the-Moorea-2023-project/,https://github.com/RobertsLab/polyIC-larvae
Analysis of DNA sequences for species identification in the Moorea 2023 project,project-cod-temperature,0.2,Weak overlap: temperature,https://ahuffmyer.github.io/ASH_Putnam_Lab_Notebook/Analysis-of-DNA-sequences-for-species-identification-in-the-Moorea-2023-project/,https://github.com/RobertsLab/project-cod-temperature
Analysis of DNA sequences for species identification in the Moorea 2023 project,project-gigas-oa-meth,0.2,Weak overlap: larvae,https://ahuffmyer.github.io/ASH_Putnam_Lab_Notebook/Analysis-of-DNA-sequences-for-species-identification-in-the-Moorea-2023-project/,https://github.com/RobertsLab/project-gigas-oa-meth
Analysis of DNA sequences for species identification in the Moorea 2023 project,project-pacific.oyster-larvae,0.2,Weak overlap: larvae,https://ahuffmyer.github.io/ASH_Putnam_Lab_Notebook/Analysis-of-DNA-sequences-for-species-identification-in-the-Moorea-2023-project/,https://github.com/RobertsLab/project-pacific.oyster-larvae
Testing resazurin readings on FLx800 instrument,project-gigas-conditioning,0.2,Weak overlap: Pacific oyster (Crassostrea/Magallana gigas),https://ahuffmyer.github.io/ASH_Putnam_Lab_Notebook/Testing-resazurin-readings-on-FLx800-instrument/,https://github.com/RobertsLab/project-gigas-conditioning
Testing resazurin readings on FLx800 instrument,project-gigas-carryover,0.2,Weak overlap: Pacific oyster (Crassostrea/Magallana gigas),https://ahuffmyer.github.io/ASH_Putnam_Lab_Notebook/Testing-resazurin-readings-on-FLx800-instrument/,https://github.com/RobertsLab/project-gigas-carryover
Testing resazurin readings on FLx800 instrument,pgc-edc-oyster,0.2,Weak overlap: Pacific oyster (Crassostrea/Magallana gigas),https://ahuffmyer.github.io/ASH_Putnam_Lab_Notebook/Testing-resazurin-readings-on-FLx800-instrument/,https://github.com/RobertsLab/pgc-edc-oyster
Testing resazurin readings on FLx800 instrument,oyster-ploidy-hardening,0.2,Weak overlap: Pacific oyster (Crassostrea/Magallana gigas),https://ahuffmyer.github.io/ASH_Putnam_Lab_Notebook/Testing-resazurin-readings-on-FLx800-instrument/,https://github.com/RobertsLab/oyster-ploidy-hardening
Testing resazurin readings on FLx800 instrument,project-gigas-oa-meth,0.2,Weak overlap: Pacific oyster (Crassostrea/Magallana gigas),https://ahuffmyer.github.io/ASH_Putnam_Lab_Notebook/Testing-resazurin-readings-on-FLx800-instrument/,https://github.com/RobertsLab/project-gigas-oa-meth
Testing resazurin readings on FLx800 instrument,project-gigas-ploidy-oa,0.2,Weak overlap: Pacific oyster (Crassostrea/Magallana gigas),https://ahuffmyer.github.io/ASH_Putnam_Lab_Notebook/Testing-resazurin-readings-on-FLx800-instrument/,https://github.com/RobertsLab/project-gigas-ploidy-oa
Testing resazurin readings on FLx800 instrument,project-gigas_ploidy,0.2,Weak overlap: Pacific oyster (Crassostrea/Magallana gigas),https://ahuffmyer.github.io/ASH_Putnam_Lab_Notebook/Testing-resazurin-readings-on-FLx800-instrument/,https://github.com/RobertsLab/project-gigas_ploidy
Testing resazurin readings on FLx800 instrument,paper-gigas-early-gametogenic-exposure,0.2,Weak overlap: Pacific oyster (Crassostrea/Magallana gigas),https://ahuffmyer.github.io/ASH_Putnam_Lab_Notebook/Testing-resazurin-readings-on-FLx800-instrument/,https://github.com/RobertsLab/paper-gigas-early-gametogenic-exposure
Testing resazurin readings on FLx800 instrument,paper-gigas-DNR-proteomics,0.2,Weak overlap: Pacific oyster (Crassostrea/Magallana gigas),https://ahuffmyer.github.io/ASH_Putnam_Lab_Notebook/Testing-resazurin-readings-on-FLx800-instrument/,https://github.com/RobertsLab/paper-gigas-DNR-proteomics
Testing resazurin readings on FLx800 instrument,paper-gigas-metaanalysis,0.2,Weak overlap: Pacific oyster (Crassostrea/Magallana gigas),https://ahuffmyer.github.io/ASH_Putnam_Lab_Notebook/Testing-resazurin-readings-on-FLx800-instrument/,https://github.com/RobertsLab/paper-gigas-metaanalysis
PolyIC Seed RNAseq Planning,project-gigas-conditioning,0.2,Weak overlap: Pacific oyster (Crassostrea/Magallana gigas),https://ahuffmyer.github.io/ASH_Putnam_Lab_Notebook/PolyIC-Seed-RNAseq-Planning/,https://github.com/RobertsLab/project-gigas-conditioning
PolyIC Seed RNAseq Planning,manchester-hardening,0.2,"Weak overlap: hardening, thermal",https://ahuffmyer.github.io/ASH_Putnam_Lab_Notebook/PolyIC-Seed-RNAseq-Planning/,https://github.com/RobertsLab/manchester-hardening
PolyIC Seed RNAseq Planning,project-gigas-carryover,0.2,Weak overlap: Pacific oyster (Crassostrea/Magallana gigas),https://ahuffmyer.github.io/ASH_Putnam_Lab_Notebook/PolyIC-Seed-RNAseq-Planning/,https://github.com/RobertsLab/project-gigas-carryover
PolyIC Seed RNAseq Planning,pgc-edc-oyster,0.2,Weak overlap: Pacific oyster (Crassostrea/Magallana gigas),https://ahuffmyer.github.io/ASH_Putnam_Lab_Notebook/PolyIC-Seed-RNAseq-Planning/,https://github.com/RobertsLab/pgc-edc-oyster
PolyIC Seed RNAseq Planning,project-sc-RNAseq,0.2,Weak overlap: RNA-seq,https://ahuffmyer.github.io/ASH_Putnam_Lab_Notebook/PolyIC-Seed-RNAseq-Planning/,https://github.com/RobertsLab/project-sc-RNAseq
PolyIC Seed RNAseq Planning,EpiDiverse-snp,0.2,Weak overlap: SNP / variant calling,https://ahuffmyer.github.io/ASH_Putnam_Lab_Notebook/PolyIC-Seed-RNAseq-Planning/,https://github.com/RobertsLab/EpiDiverse-snp
PolyIC Seed RNAseq Planning,project-gigas-oa-meth,0.2,"Weak overlap: Pacific oyster (Crassostrea/Magallana gigas), larvae",https://ahuffmyer.github.io/ASH_Putnam_Lab_Notebook/PolyIC-Seed-RNAseq-Planning/,https://github.com/RobertsLab/project-gigas-oa-meth
PolyIC Seed RNAseq Planning,project-gigas-ploidy-oa,0.2,Weak overlap: Pacific oyster (Crassostrea/Magallana gigas),https://ahuffmyer.github.io/ASH_Putnam_Lab_Notebook/PolyIC-Seed-RNAseq-Planning/,https://github.com/RobertsLab/project-gigas-ploidy-oa
PolyIC Seed RNAseq Planning,project-gigas_ploidy,0.2,Weak overlap: Pacific oyster (Crassostrea/Magallana gigas),https://ahuffmyer.github.io/ASH_Putnam_Lab_Notebook/PolyIC-Seed-RNAseq-Planning/,https://github.com/RobertsLab/project-gigas_ploidy
PolyIC Seed RNAseq Planning,paper-gigas-early-gametogenic-exposure,0.2,Weak overlap: Pacific oyster (Crassostrea/Magallana gigas),https://ahuffmyer.github.io/ASH_Putnam_Lab_Notebook/PolyIC-Seed-RNAseq-Planning/,https://github.com/RobertsLab/paper-gigas-early-gametogenic-exposure
PolyIC Seed RNAseq Planning,paper-gigas-DNR-proteomics,0.2,Weak overlap: Pacific oyster (Crassostrea/Magallana gigas),https://ahuffmyer.github.io/ASH_Putnam_Lab_Notebook/PolyIC-Seed-RNAseq-Planning/,https://github.com/RobertsLab/paper-gigas-DNR-proteomics
PolyIC Seed RNAseq Planning,paper-gigas-metaanalysis,0.2,Weak overlap: Pacific oyster (Crassostrea/Magallana gigas),https://ahuffmyer.github.io/ASH_Putnam_Lab_Notebook/PolyIC-Seed-RNAseq-Planning/,https://github.com/RobertsLab/paper-gigas-metaanalysis
Poly IC Resazurin Trials 10 March 2025,project-gigas-conditioning,0.2,Weak overlap: Pacific oyster (Crassostrea/Magallana gigas),https://ahuffmyer.github.io/ASH_Putnam_Lab_Notebook/PolyIC-Seed-Resazurin-Trials-10-March/,https://github.com/RobertsLab/project-gigas-conditioning
Poly IC Resazurin Trials 10 March 2025,project-cod-temperature,0.2,Weak overlap: temperature,https://ahuffmyer.github.io/ASH_Putnam_Lab_Notebook/PolyIC-Seed-Resazurin-Trials-10-March/,https://github.com/RobertsLab/project-cod-temperature
Poly IC Resazurin Trials 10 March 2025,project-gigas-carryover,0.2,Weak overlap: Pacific oyster (Crassostrea/Magallana gigas),https://ahuffmyer.github.io/ASH_Putnam_Lab_Notebook/PolyIC-Seed-Resazurin-Trials-10-March/,https://github.com/RobertsLab/project-gigas-carryover
Poly IC Resazurin Trials 10 March 2025,pgc-edc-oyster,0.2,Weak overlap: Pacific oyster (Crassostrea/Magallana gigas),https://ahuffmyer.github.io/ASH_Putnam_Lab_Notebook/PolyIC-Seed-Resazurin-Trials-10-March/,https://github.com/RobertsLab/pgc-edc-oyster
Poly IC Resazurin Trials 10 March 2025,oyster-ploidy-hardening,0.2,Weak overlap: Pacific oyster (Crassostrea/Magallana gigas),https://ahuffmyer.github.io/ASH_Putnam_Lab_Notebook/PolyIC-Seed-Resazurin-Trials-10-March/,https://github.com/RobertsLab/oyster-ploidy-hardening
Poly IC Resazurin Trials 10 March 2025,project-gigas-oa-meth,0.2,"Weak overlap: Pacific oyster (Crassostrea/Magallana gigas), larvae",https://ahuffmyer.github.io/ASH_Putnam_Lab_Notebook/PolyIC-Seed-Resazurin-Trials-10-March/,https://github.com/RobertsLab/project-gigas-oa-meth
Poly IC Resazurin Trials 10 March 2025,project-gigas-ploidy-oa,0.2,Weak overlap: Pacific oyster (Crassostrea/Magallana gigas),https://ahuffmyer.github.io/ASH_Putnam_Lab_Notebook/PolyIC-Seed-Resazurin-Trials-10-March/,https://github.com/RobertsLab/project-gigas-ploidy-oa
Poly IC Resazurin Trials 10 March 2025,project-gigas_ploidy,0.2,Weak overlap: Pacific oyster (Crassostrea/Magallana gigas),https://ahuffmyer.github.io/ASH_Putnam_Lab_Notebook/PolyIC-Seed-Resazurin-Trials-10-March/,https://github.com/RobertsLab/project-gigas_ploidy
Poly IC Resazurin Trials 10 March 2025,paper-hatchery-microbiome,0.2,Weak overlap: hatchery,https://ahuffmyer.github.io/ASH_Putnam_Lab_Notebook/PolyIC-Seed-Resazurin-Trials-10-March/,https://github.com/RobertsLab/paper-hatchery-microbiome
Poly IC Resazurin Trials 10 March 2025,paper-gigas-early-gametogenic-exposure,0.2,Weak overlap: Pacific oyster (Crassostrea/Magallana gigas),https://ahuffmyer.github.io/ASH_Putnam_Lab_Notebook/PolyIC-Seed-Resazurin-Trials-10-March/,https://github.com/RobertsLab/paper-gigas-early-gametogenic-exposure
Poly IC Resazurin Trials 10 March 2025,paper-gigas-DNR-proteomics,0.2,Weak overlap: Pacific oyster (Crassostrea/Magallana gigas),https://ahuffmyer.github.io/ASH_Putnam_Lab_Notebook/PolyIC-Seed-Resazurin-Trials-10-March/,https://github.com/RobertsLab/paper-gigas-DNR-proteomics
Poly IC Resazurin Trials 10 March 2025,paper-gigas-metaanalysis,0.2,Weak overlap: Pacific oyster (Crassostrea/Magallana gigas),https://ahuffmyer.github.io/ASH_Putnam_Lab_Notebook/PolyIC-Seed-Resazurin-Trials-10-March/,https://github.com/RobertsLab/paper-gigas-metaanalysis
Poly IC Resazurin Trials 13 March 2025,project-gigas-conditioning,0.2,Weak overlap: Pacific oyster (Crassostrea/Magallana gigas),https://ahuffmyer.github.io/ASH_Putnam_Lab_Notebook/PolyIC-Seed-Resazurin-Trials-13-March/,https://github.com/RobertsLab/project-gigas-conditioning
Poly IC Resazurin Trials 13 March 2025,project-cod-temperature,0.2,Weak overlap: temperature,https://ahuffmyer.github.io/ASH_Putnam_Lab_Notebook/PolyIC-Seed-Resazurin-Trials-13-March/,https://github.com/RobertsLab/project-cod-temperature
Poly IC Resazurin Trials 13 March 2025,project-gigas-carryover,0.2,Weak overlap: Pacific oyster (Crassostrea/Magallana gigas),https://ahuffmyer.github.io/ASH_Putnam_Lab_Notebook/PolyIC-Seed-Resazurin-Trials-13-March/,https://github.com/RobertsLab/project-gigas-carryover
Poly IC Resazurin Trials 13 March 2025,pgc-edc-oyster,0.2,Weak overlap: Pacific oyster (Crassostrea/Magallana gigas),https://ahuffmyer.github.io/ASH_Putnam_Lab_Notebook/PolyIC-Seed-Resazurin-Trials-13-March/,https://github.com/RobertsLab/pgc-edc-oyster
Poly IC Resazurin Trials 13 March 2025,oyster-ploidy-hardening,0.2,Weak overlap: Pacific oyster (Crassostrea/Magallana gigas),https://ahuffmyer.github.io/ASH_Putnam_Lab_Notebook/PolyIC-Seed-Resazurin-Trials-13-March/,https://github.com/RobertsLab/oyster-ploidy-hardening
Poly IC Resazurin Trials 13 March 2025,project-gigas-oa-meth,0.2,"Weak overlap: Pacific oyster (Crassostrea/Magallana gigas), larvae",https://ahuffmyer.github.io/ASH_Putnam_Lab_Notebook/PolyIC-Seed-Resazurin-Trials-13-March/,https://github.com/RobertsLab/project-gigas-oa-meth
Poly IC Resazurin Trials 13 March 2025,project-gigas-ploidy-oa,0.2,Weak overlap: Pacific oyster (Crassostrea/Magallana gigas),https://ahuffmyer.github.io/ASH_Putnam_Lab_Notebook/PolyIC-Seed-Resazurin-Trials-13-March/,https://github.com/RobertsLab/project-gigas-ploidy-oa
Poly IC Resazurin Trials 13 March 2025,project-gigas_ploidy,0.2,Weak overlap: Pacific oyster (Crassostrea/Magallana gigas),https://ahuffmyer.github.io/ASH_Putnam_Lab_Notebook/PolyIC-Seed-Resazurin-Trials-13-March/,https://github.com/RobertsLab/project-gigas_ploidy
Poly IC Resazurin Trials 13 March 2025,paper-hatchery-microbiome,0.2,Weak overlap: hatchery,https://ahuffmyer.github.io/ASH_Putnam_Lab_Notebook/PolyIC-Seed-Resazurin-Trials-13-March/,https://github.com/RobertsLab/paper-hatchery-microbiome
Poly IC Resazurin Trials 13 March 2025,paper-gigas-early-gametogenic-exposure,0.2,Weak overlap: Pacific oyster (Crassostrea/Magallana gigas),https://ahuffmyer.github.io/ASH_Putnam_Lab_Notebook/PolyIC-Seed-Resazurin-Trials-13-March/,https://github.com/RobertsLab/paper-gigas-early-gametogenic-exposure
Poly IC Resazurin Trials 13 March 2025,paper-gigas-DNR-proteomics,0.2,Weak overlap: Pacific oyster (Crassostrea/Magallana gigas),https://ahuffmyer.github.io/ASH_Putnam_Lab_Notebook/PolyIC-Seed-Resazurin-Trials-13-March/,https://github.com/RobertsLab/paper-gigas-DNR-proteomics
Poly IC Resazurin Trials 13 March 2025,paper-gigas-metaanalysis,0.2,Weak overlap: Pacific oyster (Crassostrea/Magallana gigas),https://ahuffmyer.github.io/ASH_Putnam_Lab_Notebook/PolyIC-Seed-Resazurin-Trials-13-March/,https://github.com/RobertsLab/paper-gigas-metaanalysis
Poly IC Resazurin Trials 18 March 2025,project-gigas-conditioning,0.2,Weak overlap: Pacific oyster (Crassostrea/Magallana gigas),https://ahuffmyer.github.io/ASH_Putnam_Lab_Notebook/PolyIC-Seed-Resazurin-Trials-18-March/,https://github.com/RobertsLab/project-gigas-conditioning
Poly IC Resazurin Trials 18 March 2025,project-cod-temperature,0.2,Weak overlap: temperature,https://ahuffmyer.github.io/ASH_Putnam_Lab_Notebook/PolyIC-Seed-Resazurin-Trials-18-March/,https://github.com/RobertsLab/project-cod-temperature
Poly IC Resazurin Trials 18 March 2025,manchester-hardening,0.2,Weak overlap: thermal,https://ahuffmyer.github.io/ASH_Putnam_Lab_Notebook/PolyIC-Seed-Resazurin-Trials-18-March/,https://github.com/RobertsLab/manchester-hardening
Poly IC Resazurin Trials 18 March 2025,project-gigas-carryover,0.2,Weak overlap: Pacific oyster (Crassostrea/Magallana gigas),https://ahuffmyer.github.io/ASH_Putnam_Lab_Notebook/PolyIC-Seed-Resazurin-Trials-18-March/,https://github.com/RobertsLab/project-gigas-carryover
Poly IC Resazurin Trials 18 March 2025,pgc-edc-oyster,0.2,Weak overlap: Pacific oyster (Crassostrea/Magallana gigas),https://ahuffmyer.github.io/ASH_Putnam_Lab_Notebook/PolyIC-Seed-Resazurin-Trials-18-March/,https://github.com/RobertsLab/pgc-edc-oyster
Poly IC Resazurin Trials 18 March 2025,oyster-ploidy-hardening,0.2,Weak overlap: Pacific oyster (Crassostrea/Magallana gigas),https://ahuffmyer.github.io/ASH_Putnam_Lab_Notebook/PolyIC-Seed-Resazurin-Trials-18-March/,https://github.com/RobertsLab/oyster-ploidy-hardening
Poly IC Resazurin Trials 18 March 2025,project-gigas-oa-meth,0.2,"Weak overlap: Pacific oyster (Crassostrea/Magallana gigas), larvae",https://ahuffmyer.github.io/ASH_Putnam_Lab_Notebook/PolyIC-Seed-Resazurin-Trials-18-March/,https://github.com/RobertsLab/project-gigas-oa-meth
Poly IC Resazurin Trials 18 March 2025,project-gigas-ploidy-oa,0.2,Weak overlap: Pacific oyster (Crassostrea/Magallana gigas),https://ahuffmyer.github.io/ASH_Putnam_Lab_Notebook/PolyIC-Seed-Resazurin-Trials-18-March/,https://github.com/RobertsLab/project-gigas-ploidy-oa
Poly IC Resazurin Trials 18 March 2025,project-gigas_ploidy,0.2,Weak overlap: Pacific oyster (Crassostrea/Magallana gigas),https://ahuffmyer.github.io/ASH_Putnam_Lab_Notebook/PolyIC-Seed-Resazurin-Trials-18-March/,https://github.com/RobertsLab/project-gigas_ploidy
Poly IC Resazurin Trials 18 March 2025,paper-gigas-early-gametogenic-exposure,0.2,Weak overlap: Pacific oyster (Crassostrea/Magallana gigas),https://ahuffmyer.github.io/ASH_Putnam_Lab_Notebook/PolyIC-Seed-Resazurin-Trials-18-March/,https://github.com/RobertsLab/paper-gigas-early-gametogenic-exposure
Poly IC Resazurin Trials 18 March 2025,paper-gigas-DNR-proteomics,0.2,Weak overlap: Pacific oyster (Crassostrea/Magallana gigas),https://ahuffmyer.github.io/ASH_Putnam_Lab_Notebook/PolyIC-Seed-Resazurin-Trials-18-March/,https://github.com/RobertsLab/paper-gigas-DNR-proteomics
Poly IC Resazurin Trials 18 March 2025,paper-gigas-metaanalysis,0.2,Weak overlap: Pacific oyster (Crassostrea/Magallana gigas),https://ahuffmyer.github.io/ASH_Putnam_Lab_Notebook/PolyIC-Seed-Resazurin-Trials-18-March/,https://github.com/RobertsLab/paper-gigas-metaanalysis
Tank cleaning and new tanks in FTR,project-gigas-conditioning,0.2,Weak overlap: Pacific oyster (Crassostrea/Magallana gigas),https://ahuffmyer.github.io/ASH_Putnam_Lab_Notebook/Tank-cleaning-and-new-tanks-in-FTR/,https://github.com/RobertsLab/project-gigas-conditioning
Tank cleaning and new tanks in FTR,project-cod-temperature,0.2,Weak overlap: temperature,https://ahuffmyer.github.io/ASH_Putnam_Lab_Notebook/Tank-cleaning-and-new-tanks-in-FTR/,https://github.com/RobertsLab/project-cod-temperature
Tank cleaning and new tanks in FTR,project-gigas-carryover,0.2,Weak overlap: Pacific oyster (Crassostrea/Magallana gigas),https://ahuffmyer.github.io/ASH_Putnam_Lab_Notebook/Tank-cleaning-and-new-tanks-in-FTR/,https://github.com/RobertsLab/project-gigas-carryover
Tank cleaning and new tanks in FTR,pgc-edc-oyster,0.2,Weak overlap: Pacific oyster (Crassostrea/Magallana gigas),https://ahuffmyer.github.io/ASH_Putnam_Lab_Notebook/Tank-cleaning-and-new-tanks-in-FTR/,https://github.com/RobertsLab/pgc-edc-oyster
Tank cleaning and new tanks in FTR,oyster-ploidy-hardening,0.2,Weak overlap: Pacific oyster (Crassostrea/Magallana gigas),https://ahuffmyer.github.io/ASH_Putnam_Lab_Notebook/Tank-cleaning-and-new-tanks-in-FTR/,https://github.com/RobertsLab/oyster-ploidy-hardening
Tank cleaning and new tanks in FTR,project-gigas-oa-meth,0.2,Weak overlap: Pacific oyster (Crassostrea/Magallana gigas),https://ahuffmyer.github.io/ASH_Putnam_Lab_Notebook/Tank-cleaning-and-new-tanks-in-FTR/,https://github.com/RobertsLab/project-gigas-oa-meth
Tank cleaning and new tanks in FTR,project-gigas-ploidy-oa,0.2,Weak overlap: Pacific oyster (Crassostrea/Magallana gigas),https://ahuffmyer.github.io/ASH_Putnam_Lab_Notebook/Tank-cleaning-and-new-tanks-in-FTR/,https://github.com/RobertsLab/project-gigas-ploidy-oa
Tank cleaning and new tanks in FTR,project-gigas_ploidy,0.2,Weak overlap: Pacific oyster (Crassostrea/Magallana gigas),https://ahuffmyer.github.io/ASH_Putnam_Lab_Notebook/Tank-cleaning-and-new-tanks-in-FTR/,https://github.com/RobertsLab/project-gigas_ploidy
Tank cleaning and new tanks in FTR,paper-gigas-early-gametogenic-exposure,0.2,Weak overlap: Pacific oyster (Crassostrea/Magallana gigas),https://ahuffmyer.github.io/ASH_Putnam_Lab_Notebook/Tank-cleaning-and-new-tanks-in-FTR/,https://github.com/RobertsLab/paper-gigas-early-gametogenic-exposure
Tank cleaning and new tanks in FTR,paper-gigas-DNR-proteomics,0.2,Weak overlap: Pacific oyster (Crassostrea/Magallana gigas),https://ahuffmyer.github.io/ASH_Putnam_Lab_Notebook/Tank-cleaning-and-new-tanks-in-FTR/,https://github.com/RobertsLab/paper-gigas-DNR-proteomics
Tank cleaning and new tanks in FTR,paper-gigas-metaanalysis,0.2,Weak overlap: Pacific oyster (Crassostrea/Magallana gigas),https://ahuffmyer.github.io/ASH_Putnam_Lab_Notebook/Tank-cleaning-and-new-tanks-in-FTR/,https://github.com/RobertsLab/paper-gigas-metaanalysis
Poly IC Resazurin Trials 20 March 2025,project-gigas-conditioning,0.2,Weak overlap: Pacific oyster (Crassostrea/Magallana gigas),https://ahuffmyer.github.io/ASH_Putnam_Lab_Notebook/PolyIC-Seed-Resazurin-Trials-20-March/,https://github.com/RobertsLab/project-gigas-conditioning
Poly IC Resazurin Trials 20 March 2025,project-cod-temperature,0.2,Weak overlap: temperature,https://ahuffmyer.github.io/ASH_Putnam_Lab_Notebook/PolyIC-Seed-Resazurin-Trials-20-March/,https://github.com/RobertsLab/project-cod-temperature
Poly IC Resazurin Trials 20 March 2025,manchester-hardening,0.2,Weak overlap: thermal,https://ahuffmyer.github.io/ASH_Putnam_Lab_Notebook/PolyIC-Seed-Resazurin-Trials-20-March/,https://github.com/RobertsLab/manchester-hardening
Poly IC Resazurin Trials 20 March 2025,project-gigas-carryover,0.2,Weak overlap: Pacific oyster (Crassostrea/Magallana gigas),https://ahuffmyer.github.io/ASH_Putnam_Lab_Notebook/PolyIC-Seed-Resazurin-Trials-20-March/,https://github.com/RobertsLab/project-gigas-carryover
Poly IC Resazurin Trials 20 March 2025,pgc-edc-oyster,0.2,Weak overlap: Pacific oyster (Crassostrea/Magallana gigas),https://ahuffmyer.github.io/ASH_Putnam_Lab_Notebook/PolyIC-Seed-Resazurin-Trials-20-March/,https://github.com/RobertsLab/pgc-edc-oyster
Poly IC Resazurin Trials 20 March 2025,oyster-ploidy-hardening,0.2,Weak overlap: Pacific oyster (Crassostrea/Magallana gigas),https://ahuffmyer.github.io/ASH_Putnam_Lab_Notebook/PolyIC-Seed-Resazurin-Trials-20-March/,https://github.com/RobertsLab/oyster-ploidy-hardening
Poly IC Resazurin Trials 20 March 2025,project-gigas-oa-meth,0.2,"Weak overlap: Pacific oyster (Crassostrea/Magallana gigas), larvae",https://ahuffmyer.github.io/ASH_Putnam_Lab_Notebook/PolyIC-Seed-Resazurin-Trials-20-March/,https://github.com/RobertsLab/project-gigas-oa-meth
Poly IC Resazurin Trials 20 March 2025,project-gigas-ploidy-oa,0.2,Weak overlap: Pacific oyster (Crassostrea/Magallana gigas),https://ahuffmyer.github.io/ASH_Putnam_Lab_Notebook/PolyIC-Seed-Resazurin-Trials-20-March/,https://github.com/RobertsLab/project-gigas-ploidy-oa
Poly IC Resazurin Trials 20 March 2025,project-gigas_ploidy,0.2,Weak overlap: Pacific oyster (Crassostrea/Magallana gigas),https://ahuffmyer.github.io/ASH_Putnam_Lab_Notebook/PolyIC-Seed-Resazurin-Trials-20-March/,https://github.com/RobertsLab/project-gigas_ploidy
Poly IC Resazurin Trials 20 March 2025,paper-gigas-early-gametogenic-exposure,0.2,Weak overlap: Pacific oyster (Crassostrea/Magallana gigas),https://ahuffmyer.github.io/ASH_Putnam_Lab_Notebook/PolyIC-Seed-Resazurin-Trials-20-March/,https://github.com/RobertsLab/paper-gigas-early-gametogenic-exposure
Poly IC Resazurin Trials 20 March 2025,paper-gigas-DNR-proteomics,0.2,Weak overlap: Pacific oyster (Crassostrea/Magallana gigas),https://ahuffmyer.github.io/ASH_Putnam_Lab_Notebook/PolyIC-Seed-Resazurin-Trials-20-March/,https://github.com/RobertsLab/paper-gigas-DNR-proteomics
Poly IC Resazurin Trials 20 March 2025,paper-gigas-metaanalysis,0.2,Weak overlap: Pacific oyster (Crassostrea/Magallana gigas),https://ahuffmyer.github.io/ASH_Putnam_Lab_Notebook/PolyIC-Seed-Resazurin-Trials-20-March/,https://github.com/RobertsLab/paper-gigas-metaanalysis
April 2025 Goals,hyak_mox,0.2,Weak overlap: hyak,https://ahuffmyer.github.io/ASH_Putnam_Lab_Notebook/April-2025-Goals/,https://github.com/RobertsLab/hyak_mox
Revising RDA plots for E5 physiology manuscript,project-cod-temperature,0.2,Weak overlap: temperature,https://ahuffmyer.github.io/ASH_Putnam_Lab_Notebook/E5-timeseries-physiology-revising-RDA-plots/,https://github.com/RobertsLab/project-cod-temperature
Sample transport to UW for Moorea 2023 project,polyIC-larvae,0.2,Weak overlap: larvae,https://ahuffmyer.github.io/ASH_Putnam_Lab_Notebook/Sample-transport-to-UW-for-Moorea-2023-project/,https://github.com/RobertsLab/polyIC-larvae
Sample transport to UW for Moorea 2023 project,project-gigas-oa-meth,0.2,Weak overlap: larvae,https://ahuffmyer.github.io/ASH_Putnam_Lab_Notebook/Sample-transport-to-UW-for-Moorea-2023-project/,https://github.com/RobertsLab/project-gigas-oa-meth
Sample transport to UW for Moorea 2023 project,project-pacific.oyster-larvae,0.2,Weak overlap: larvae,https://ahuffmyer.github.io/ASH_Putnam_Lab_Notebook/Sample-transport-to-UW-for-Moorea-2023-project/,https://github.com/RobertsLab/project-pacific.oyster-larvae
E5 timeseries energy state exploratory analysis Part 1,project-cod-temperature,0.2,Weak overlap: temperature,https://ahuffmyer.github.io/ASH_Putnam_Lab_Notebook/E5-timeseries-energy-state-exploratory-analysis/,https://github.com/RobertsLab/project-cod-temperature
Data transfer from Andromeda to Unity and Hyak,project-sc-RNAseq,0.2,Weak overlap: RNA-seq,https://ahuffmyer.github.io/ASH_Putnam_Lab_Notebook/Data-Transfer-Andromeda/,https://github.com/RobertsLab/project-sc-RNAseq
Data transfer from Andromeda to Unity and Hyak,hyak_mox,0.2,Weak overlap: hyak,https://ahuffmyer.github.io/ASH_Putnam_Lab_Notebook/Data-Transfer-Andromeda/,https://github.com/RobertsLab/hyak_mox
Resazurin Metabolic Assays Protocol for Individual Stress Testing,project-gigas-conditioning,0.2,Weak overlap: Pacific oyster (Crassostrea/Magallana gigas),https://ahuffmyer.github.io/ASH_Putnam_Lab_Notebook/Resazurin-Metabolic-Assays-Protocol-for-Individual-Stress-Testing/,https://github.com/RobertsLab/project-gigas-conditioning
Resazurin Metabolic Assays Protocol for Individual Stress Testing,project-cod-temperature,0.2,Weak overlap: temperature,https://ahuffmyer.github.io/ASH_Putnam_Lab_Notebook/Resazurin-Metabolic-Assays-Protocol-for-Individual-Stress-Testing/,https://github.com/RobertsLab/project-cod-temperature
Resazurin Metabolic Assays Protocol for Individual Stress Testing,manchester-hardening,0.2,Weak overlap: thermal,https://ahuffmyer.github.io/ASH_Putnam_Lab_Notebook/Resazurin-Metabolic-Assays-Protocol-for-Individual-Stress-Testing/,https://github.com/RobertsLab/manchester-hardening
Resazurin Metabolic Assays Protocol for Individual Stress Testing,project-gigas-carryover,0.2,Weak overlap: Pacific oyster (Crassostrea/Magallana gigas),https://ahuffmyer.github.io/ASH_Putnam_Lab_Notebook/Resazurin-Metabolic-Assays-Protocol-for-Individual-Stress-Testing/,https://github.com/RobertsLab/project-gigas-carryover
Resazurin Metabolic Assays Protocol for Individual Stress Testing,pgc-edc-oyster,0.2,Weak overlap: Pacific oyster (Crassostrea/Magallana gigas),https://ahuffmyer.github.io/ASH_Putnam_Lab_Notebook/Resazurin-Metabolic-Assays-Protocol-for-Individual-Stress-Testing/,https://github.com/RobertsLab/pgc-edc-oyster
Resazurin Metabolic Assays Protocol for Individual Stress Testing,oyster-ploidy-hardening,0.2,Weak overlap: Pacific oyster (Crassostrea/Magallana gigas),https://ahuffmyer.github.io/ASH_Putnam_Lab_Notebook/Resazurin-Metabolic-Assays-Protocol-for-Individual-Stress-Testing/,https://github.com/RobertsLab/oyster-ploidy-hardening
Resazurin Metabolic Assays Protocol for Individual Stress Testing,project-gigas-oa-meth,0.2,Weak overlap: Pacific oyster (Crassostrea/Magallana gigas),https://ahuffmyer.github.io/ASH_Putnam_Lab_Notebook/Resazurin-Metabolic-Assays-Protocol-for-Individual-Stress-Testing/,https://github.com/RobertsLab/project-gigas-oa-meth
Resazurin Metabolic Assays Protocol for Individual Stress Testing,project-gigas-ploidy-oa,0.2,Weak overlap: Pacific oyster (Crassostrea/Magallana gigas),https://ahuffmyer.github.io/ASH_Putnam_Lab_Notebook/Resazurin-Metabolic-Assays-Protocol-for-Individual-Stress-Testing/,https://github.com/RobertsLab/project-gigas-ploidy-oa
Resazurin Metabolic Assays Protocol for Individual Stress Testing,project-gigas_ploidy,0.2,Weak overlap: Pacific oyster (Crassostrea/Magallana gigas),https://ahuffmyer.github.io/ASH_Putnam_Lab_Notebook/Resazurin-Metabolic-Assays-Protocol-for-Individual-Stress-Testing/,https://github.com/RobertsLab/project-gigas_ploidy
Resazurin Metabolic Assays Protocol for Individual Stress Testing,paper-gigas-early-gametogenic-exposure,0.2,Weak overlap: Pacific oyster (Crassostrea/Magallana gigas),https://ahuffmyer.github.io/ASH_Putnam_Lab_Notebook/Resazurin-Metabolic-Assays-Protocol-for-Individual-Stress-Testing/,https://github.com/RobertsLab/paper-gigas-early-gametogenic-exposure
Resazurin Metabolic Assays Protocol for Individual Stress Testing,paper-gigas-DNR-proteomics,0.2,Weak overlap: Pacific oyster (Crassostrea/Magallana gigas),https://ahuffmyer.github.io/ASH_Putnam_Lab_Notebook/Resazurin-Metabolic-Assays-Protocol-for-Individual-Stress-Testing/,https://github.com/RobertsLab/paper-gigas-DNR-proteomics
Resazurin Metabolic Assays Protocol for Individual Stress Testing,paper-gigas-metaanalysis,0.2,Weak overlap: Pacific oyster (Crassostrea/Magallana gigas),https://ahuffmyer.github.io/ASH_Putnam_Lab_Notebook/Resazurin-Metabolic-Assays-Protocol-for-Individual-Stress-Testing/,https://github.com/RobertsLab/paper-gigas-metaanalysis
Resazurin Metabolic Assays Protocol for Steven's VIMS trip,project-gigas-conditioning,0.2,Weak overlap: Pacific oyster (Crassostrea/Magallana gigas),https://ahuffmyer.github.io/ASH_Putnam_Lab_Notebook/Resazurin-Metabolic-Assays-Protocol-for-Steven-VIMS-trip/,https://github.com/RobertsLab/project-gigas-conditioning
Resazurin Metabolic Assays Protocol for Steven's VIMS trip,project-cod-temperature,0.2,Weak overlap: temperature,https://ahuffmyer.github.io/ASH_Putnam_Lab_Notebook/Resazurin-Metabolic-Assays-Protocol-for-Steven-VIMS-trip/,https://github.com/RobertsLab/project-cod-temperature
Resazurin Metabolic Assays Protocol for Steven's VIMS trip,project-gigas-carryover,0.2,Weak overlap: Pacific oyster (Crassostrea/Magallana gigas),https://ahuffmyer.github.io/ASH_Putnam_Lab_Notebook/Resazurin-Metabolic-Assays-Protocol-for-Steven-VIMS-trip/,https://github.com/RobertsLab/project-gigas-carryover
Resazurin Metabolic Assays Protocol for Steven's VIMS trip,pgc-edc-oyster,0.2,Weak overlap: Pacific oyster (Crassostrea/Magallana gigas),https://ahuffmyer.github.io/ASH_Putnam_Lab_Notebook/Resazurin-Metabolic-Assays-Protocol-for-Steven-VIMS-trip/,https://github.com/RobertsLab/pgc-edc-oyster
Resazurin Metabolic Assays Protocol for Steven's VIMS trip,oyster-ploidy-hardening,0.2,Weak overlap: Pacific oyster (Crassostrea/Magallana gigas),https://ahuffmyer.github.io/ASH_Putnam_Lab_Notebook/Resazurin-Metabolic-Assays-Protocol-for-Steven-VIMS-trip/,https://github.com/RobertsLab/oyster-ploidy-hardening
Resazurin Metabolic Assays Protocol for Steven's VIMS trip,project-gigas-oa-meth,0.2,Weak overlap: Pacific oyster (Crassostrea/Magallana gigas),https://ahuffmyer.github.io/ASH_Putnam_Lab_Notebook/Resazurin-Metabolic-Assays-Protocol-for-Steven-VIMS-trip/,https://github.com/RobertsLab/project-gigas-oa-meth
Resazurin Metabolic Assays Protocol for Steven's VIMS trip,project-gigas-ploidy-oa,0.2,Weak overlap: Pacific oyster (Crassostrea/Magallana gigas),https://ahuffmyer.github.io/ASH_Putnam_Lab_Notebook/Resazurin-Metabolic-Assays-Protocol-for-Steven-VIMS-trip/,https://github.com/RobertsLab/project-gigas-ploidy-oa
Resazurin Metabolic Assays Protocol for Steven's VIMS trip,project-gigas_ploidy,0.2,Weak overlap: Pacific oyster (Crassostrea/Magallana gigas),https://ahuffmyer.github.io/ASH_Putnam_Lab_Notebook/Resazurin-Metabolic-Assays-Protocol-for-Steven-VIMS-trip/,https://github.com/RobertsLab/project-gigas_ploidy
Resazurin Metabolic Assays Protocol for Steven's VIMS trip,paper-gigas-early-gametogenic-exposure,0.2,Weak overlap: Pacific oyster (Crassostrea/Magallana gigas),https://ahuffmyer.github.io/ASH_Putnam_Lab_Notebook/Resazurin-Metabolic-Assays-Protocol-for-Steven-VIMS-trip/,https://github.com/RobertsLab/paper-gigas-early-gametogenic-exposure
Resazurin Metabolic Assays Protocol for Steven's VIMS trip,paper-gigas-DNR-proteomics,0.2,Weak overlap: Pacific oyster (Crassostrea/Magallana gigas),https://ahuffmyer.github.io/ASH_Putnam_Lab_Notebook/Resazurin-Metabolic-Assays-Protocol-for-Steven-VIMS-trip/,https://github.com/RobertsLab/paper-gigas-DNR-proteomics
Resazurin Metabolic Assays Protocol for Steven's VIMS trip,paper-gigas-metaanalysis,0.2,Weak overlap: Pacific oyster (Crassostrea/Magallana gigas),https://ahuffmyer.github.io/ASH_Putnam_Lab_Notebook/Resazurin-Metabolic-Assays-Protocol-for-Steven-VIMS-trip/,https://github.com/RobertsLab/paper-gigas-metaanalysis
May 2025 Goals,project-cod-temperature,0.2,Weak overlap: temperature,https://ahuffmyer.github.io/ASH_Putnam_Lab_Notebook/May-2025-Goals/,https://github.com/RobertsLab/project-cod-temperature
USDA Families Resazurin Trials 6 May 2025,project-gigas-conditioning,0.2,Weak overlap: Pacific oyster (Crassostrea/Magallana gigas),https://ahuffmyer.github.io/ASH_Putnam_Lab_Notebook/USDA-Families-Resazurin-Trials-6-May/,https://github.com/RobertsLab/project-gigas-conditioning
USDA Families Resazurin Trials 6 May 2025,project-cod-temperature,0.2,Weak overlap: temperature,https://ahuffmyer.github.io/ASH_Putnam_Lab_Notebook/USDA-Families-Resazurin-Trials-6-May/,https://github.com/RobertsLab/project-cod-temperature
USDA Families Resazurin Trials 6 May 2025,manchester-hardening,0.2,Weak overlap: thermal,https://ahuffmyer.github.io/ASH_Putnam_Lab_Notebook/USDA-Families-Resazurin-Trials-6-May/,https://github.com/RobertsLab/manchester-hardening
USDA Families Resazurin Trials 6 May 2025,project-gigas-carryover,0.2,"Weak overlap: Pacific oyster (Crassostrea/Magallana gigas), aquaculture",https://ahuffmyer.github.io/ASH_Putnam_Lab_Notebook/USDA-Families-Resazurin-Trials-6-May/,https://github.com/RobertsLab/project-gigas-carryover
USDA Families Resazurin Trials 6 May 2025,pgc-edc-oyster,0.2,Weak overlap: Pacific oyster (Crassostrea/Magallana gigas),https://ahuffmyer.github.io/ASH_Putnam_Lab_Notebook/USDA-Families-Resazurin-Trials-6-May/,https://github.com/RobertsLab/pgc-edc-oyster
USDA Families Resazurin Trials 6 May 2025,oyster-ploidy-hardening,0.2,Weak overlap: Pacific oyster (Crassostrea/Magallana gigas),https://ahuffmyer.github.io/ASH_Putnam_Lab_Notebook/USDA-Families-Resazurin-Trials-6-May/,https://github.com/RobertsLab/oyster-ploidy-hardening
USDA Families Resazurin Trials 6 May 2025,project-gigas-oa-meth,0.2,Weak overlap: Pacific oyster (Crassostrea/Magallana gigas),https://ahuffmyer.github.io/ASH_Putnam_Lab_Notebook/USDA-Families-Resazurin-Trials-6-May/,https://github.com/RobertsLab/project-gigas-oa-meth
USDA Families Resazurin Trials 6 May 2025,project-gigas-ploidy-oa,0.2,Weak overlap: Pacific oyster (Crassostrea/Magallana gigas),https://ahuffmyer.github.io/ASH_Putnam_Lab_Notebook/USDA-Families-Resazurin-Trials-6-May/,https://github.com/RobertsLab/project-gigas-ploidy-oa
USDA Families Resazurin Trials 6 May 2025,project-gigas_ploidy,0.2,Weak overlap: Pacific oyster (Crassostrea/Magallana gigas),https://ahuffmyer.github.io/ASH_Putnam_Lab_Notebook/USDA-Families-Resazurin-Trials-6-May/,https://github.com/RobertsLab/project-gigas_ploidy
USDA Families Resazurin Trials 6 May 2025,paper-gigas-early-gametogenic-exposure,0.2,Weak overlap: Pacific oyster (Crassostrea/Magallana gigas),https://ahuffmyer.github.io/ASH_Putnam_Lab_Notebook/USDA-Families-Resazurin-Trials-6-May/,https://github.com/RobertsLab/paper-gigas-early-gametogenic-exposure
USDA Families Resazurin Trials 6 May 2025,paper-gigas-DNR-proteomics,0.2,Weak overlap: Pacific oyster (Crassostrea/Magallana gigas),https://ahuffmyer.github.io/ASH_Putnam_Lab_Notebook/USDA-Families-Resazurin-Trials-6-May/,https://github.com/RobertsLab/paper-gigas-DNR-proteomics
USDA Families Resazurin Trials 6 May 2025,paper-gigas-metaanalysis,0.2,Weak overlap: Pacific oyster (Crassostrea/Magallana gigas),https://ahuffmyer.github.io/ASH_Putnam_Lab_Notebook/USDA-Families-Resazurin-Trials-6-May/,https://github.com/RobertsLab/paper-gigas-metaanalysis
Oyster Size Analysis Protocol - Written by Noah Krebs,project-gigas-conditioning,0.2,Weak overlap: Pacific oyster (Crassostrea/Magallana gigas),https://ahuffmyer.github.io/ASH_Putnam_Lab_Notebook/Oyster-Size-Analysis-Protocol---Written-by-Noah-Krebs/,https://github.com/RobertsLab/project-gigas-conditioning
Oyster Size Analysis Protocol - Written by Noah Krebs,project-gigas-carryover,0.2,Weak overlap: Pacific oyster (Crassostrea/Magallana gigas),https://ahuffmyer.github.io/ASH_Putnam_Lab_Notebook/Oyster-Size-Analysis-Protocol---Written-by-Noah-Krebs/,https://github.com/RobertsLab/project-gigas-carryover
Oyster Size Analysis Protocol - Written by Noah Krebs,pgc-edc-oyster,0.2,Weak overlap: Pacific oyster (Crassostrea/Magallana gigas),https://ahuffmyer.github.io/ASH_Putnam_Lab_Notebook/Oyster-Size-Analysis-Protocol---Written-by-Noah-Krebs/,https://github.com/RobertsLab/pgc-edc-oyster
Oyster Size Analysis Protocol - Written by Noah Krebs,oyster-ploidy-hardening,0.2,Weak overlap: Pacific oyster (Crassostrea/Magallana gigas),https://ahuffmyer.github.io/ASH_Putnam_Lab_Notebook/Oyster-Size-Analysis-Protocol---Written-by-Noah-Krebs/,https://github.com/RobertsLab/oyster-ploidy-hardening
Oyster Size Analysis Protocol - Written by Noah Krebs,project-gigas-oa-meth,0.2,Weak overlap: Pacific oyster (Crassostrea/Magallana gigas),https://ahuffmyer.github.io/ASH_Putnam_Lab_Notebook/Oyster-Size-Analysis-Protocol---Written-by-Noah-Krebs/,https://github.com/RobertsLab/project-gigas-oa-meth
Oyster Size Analysis Protocol - Written by Noah Krebs,project-gigas-ploidy-oa,0.2,Weak overlap: Pacific oyster (Crassostrea/Magallana gigas),https://ahuffmyer.github.io/ASH_Putnam_Lab_Notebook/Oyster-Size-Analysis-Protocol---Written-by-Noah-Krebs/,https://github.com/RobertsLab/project-gigas-ploidy-oa
Oyster Size Analysis Protocol - Written by Noah Krebs,project-gigas_ploidy,0.2,Weak overlap: Pacific oyster (Crassostrea/Magallana gigas),https://ahuffmyer.github.io/ASH_Putnam_Lab_Notebook/Oyster-Size-Analysis-Protocol---Written-by-Noah-Krebs/,https://github.com/RobertsLab/project-gigas_ploidy
Oyster Size Analysis Protocol - Written by Noah Krebs,paper-gigas-early-gametogenic-exposure,0.2,Weak overlap: Pacific oyster (Crassostrea/Magallana gigas),https://ahuffmyer.github.io/ASH_Putnam_Lab_Notebook/Oyster-Size-Analysis-Protocol---Written-by-Noah-Krebs/,https://github.com/RobertsLab/paper-gigas-early-gametogenic-exposure
Oyster Size Analysis Protocol - Written by Noah Krebs,paper-gigas-DNR-proteomics,0.2,Weak overlap: Pacific oyster (Crassostrea/Magallana gigas),https://ahuffmyer.github.io/ASH_Putnam_Lab_Notebook/Oyster-Size-Analysis-Protocol---Written-by-Noah-Krebs/,https://github.com/RobertsLab/paper-gigas-DNR-proteomics
Oyster Size Analysis Protocol - Written by Noah Krebs,paper-gigas-metaanalysis,0.2,Weak overlap: Pacific oyster (Crassostrea/Magallana gigas),https://ahuffmyer.github.io/ASH_Putnam_Lab_Notebook/Oyster-Size-Analysis-Protocol---Written-by-Noah-Krebs/,https://github.com/RobertsLab/paper-gigas-metaanalysis
Goose Point Growth Analysis for December Oyster Data,project-gigas-conditioning,0.2,Weak overlap: Pacific oyster (Crassostrea/Magallana gigas),https://ahuffmyer.github.io/ASH_Putnam_Lab_Notebook/Goose-Point-Growth-Analysis-for-December-Oyster-Data/,https://github.com/RobertsLab/project-gigas-conditioning
Goose Point Growth Analysis for December Oyster Data,project-cod-temperature,0.2,Weak overlap: temperature,https://ahuffmyer.github.io/ASH_Putnam_Lab_Notebook/Goose-Point-Growth-Analysis-for-December-Oyster-Data/,https://github.com/RobertsLab/project-cod-temperature
Goose Point Growth Analysis for December Oyster Data,project-gigas-carryover,0.2,Weak overlap: Pacific oyster (Crassostrea/Magallana gigas),https://ahuffmyer.github.io/ASH_Putnam_Lab_Notebook/Goose-Point-Growth-Analysis-for-December-Oyster-Data/,https://github.com/RobertsLab/project-gigas-carryover
Goose Point Growth Analysis for December Oyster Data,pgc-edc-oyster,0.2,Weak overlap: Pacific oyster (Crassostrea/Magallana gigas),https://ahuffmyer.github.io/ASH_Putnam_Lab_Notebook/Goose-Point-Growth-Analysis-for-December-Oyster-Data/,https://github.com/RobertsLab/pgc-edc-oyster
Goose Point Growth Analysis for December Oyster Data,oyster-ploidy-hardening,0.2,Weak overlap: Pacific oyster (Crassostrea/Magallana gigas),https://ahuffmyer.github.io/ASH_Putnam_Lab_Notebook/Goose-Point-Growth-Analysis-for-December-Oyster-Data/,https://github.com/RobertsLab/oyster-ploidy-hardening
Goose Point Growth Analysis for December Oyster Data,project-gigas-oa-meth,0.2,Weak overlap: Pacific oyster (Crassostrea/Magallana gigas),https://ahuffmyer.github.io/ASH_Putnam_Lab_Notebook/Goose-Point-Growth-Analysis-for-December-Oyster-Data/,https://github.com/RobertsLab/project-gigas-oa-meth
Goose Point Growth Analysis for December Oyster Data,project-gigas-ploidy-oa,0.2,Weak overlap: Pacific oyster (Crassostrea/Magallana gigas),https://ahuffmyer.github.io/ASH_Putnam_Lab_Notebook/Goose-Point-Growth-Analysis-for-December-Oyster-Data/,https://github.com/RobertsLab/project-gigas-ploidy-oa
Goose Point Growth Analysis for December Oyster Data,project-gigas_ploidy,0.2,Weak overlap: Pacific oyster (Crassostrea/Magallana gigas),https://ahuffmyer.github.io/ASH_Putnam_Lab_Notebook/Goose-Point-Growth-Analysis-for-December-Oyster-Data/,https://github.com/RobertsLab/project-gigas_ploidy
Goose Point Growth Analysis for December Oyster Data,paper-gigas-early-gametogenic-exposure,0.2,Weak overlap: Pacific oyster (Crassostrea/Magallana gigas),https://ahuffmyer.github.io/ASH_Putnam_Lab_Notebook/Goose-Point-Growth-Analysis-for-December-Oyster-Data/,https://github.com/RobertsLab/paper-gigas-early-gametogenic-exposure
Goose Point Growth Analysis for December Oyster Data,paper-gigas-DNR-proteomics,0.2,Weak overlap: Pacific oyster (Crassostrea/Magallana gigas),https://ahuffmyer.github.io/ASH_Putnam_Lab_Notebook/Goose-Point-Growth-Analysis-for-December-Oyster-Data/,https://github.com/RobertsLab/paper-gigas-DNR-proteomics
Goose Point Growth Analysis for December Oyster Data,paper-gigas-metaanalysis,0.2,Weak overlap: Pacific oyster (Crassostrea/Magallana gigas),https://ahuffmyer.github.io/ASH_Putnam_Lab_Notebook/Goose-Point-Growth-Analysis-for-December-Oyster-Data/,https://github.com/RobertsLab/paper-gigas-metaanalysis
Finishing growth analysis for the lifestage carry over project,project-gigas-conditioning,0.2,Weak overlap: Pacific oyster (Crassostrea/Magallana gigas),https://ahuffmyer.github.io/ASH_Putnam_Lab_Notebook/Finishing-growth-analysis-for-lifestage-carryover-project/,https://github.com/RobertsLab/project-gigas-conditioning
Finishing growth analysis for the lifestage carry over project,pgc-edc-oyster,0.2,Weak overlap: Pacific oyster (Crassostrea/Magallana gigas),https://ahuffmyer.github.io/ASH_Putnam_Lab_Notebook/Finishing-growth-analysis-for-lifestage-carryover-project/,https://github.com/RobertsLab/pgc-edc-oyster
Finishing growth analysis for the lifestage carry over project,oyster-ploidy-hardening,0.2,Weak overlap: Pacific oyster (Crassostrea/Magallana gigas),https://ahuffmyer.github.io/ASH_Putnam_Lab_Notebook/Finishing-growth-analysis-for-lifestage-carryover-project/,https://github.com/RobertsLab/oyster-ploidy-hardening
Finishing growth analysis for the lifestage carry over project,project-gigas-oa-meth,0.2,Weak overlap: Pacific oyster (Crassostrea/Magallana gigas),https://ahuffmyer.github.io/ASH_Putnam_Lab_Notebook/Finishing-growth-analysis-for-lifestage-carryover-project/,https://github.com/RobertsLab/project-gigas-oa-meth
Finishing growth analysis for the lifestage carry over project,project-gigas-ploidy-oa,0.2,Weak overlap: Pacific oyster (Crassostrea/Magallana gigas),https://ahuffmyer.github.io/ASH_Putnam_Lab_Notebook/Finishing-growth-analysis-for-lifestage-carryover-project/,https://github.com/RobertsLab/project-gigas-ploidy-oa
Finishing growth analysis for the lifestage carry over project,project-gigas_ploidy,0.2,Weak overlap: Pacific oyster (Crassostrea/Magallana gigas),https://ahuffmyer.github.io/ASH_Putnam_Lab_Notebook/Finishing-growth-analysis-for-lifestage-carryover-project/,https://github.com/RobertsLab/project-gigas_ploidy
Finishing growth analysis for the lifestage carry over project,paper-gigas-DNR-proteomics,0.2,Weak overlap: Pacific oyster (Crassostrea/Magallana gigas),https://ahuffmyer.github.io/ASH_Putnam_Lab_Notebook/Finishing-growth-analysis-for-lifestage-carryover-project/,https://github.com/RobertsLab/paper-gigas-DNR-proteomics
Finishing growth analysis for the lifestage carry over project,paper-gigas-metaanalysis,0.2,Weak overlap: Pacific oyster (Crassostrea/Magallana gigas),https://ahuffmyer.github.io/ASH_Putnam_Lab_Notebook/Finishing-growth-analysis-for-lifestage-carryover-project/,https://github.com/RobertsLab/paper-gigas-metaanalysis
USDA Families Resazurin Trials 13 May 2025,project-gigas-conditioning,0.2,Weak overlap: Pacific oyster (Crassostrea/Magallana gigas),https://ahuffmyer.github.io/ASH_Putnam_Lab_Notebook/USDA-Families-Resazurin-Trials-13-May/,https://github.com/RobertsLab/project-gigas-conditioning
USDA Families Resazurin Trials 13 May 2025,project-cod-temperature,0.2,Weak overlap: temperature,https://ahuffmyer.github.io/ASH_Putnam_Lab_Notebook/USDA-Families-Resazurin-Trials-13-May/,https://github.com/RobertsLab/project-cod-temperature
USDA Families Resazurin Trials 13 May 2025,manchester-hardening,0.2,Weak overlap: thermal,https://ahuffmyer.github.io/ASH_Putnam_Lab_Notebook/USDA-Families-Resazurin-Trials-13-May/,https://github.com/RobertsLab/manchester-hardening
USDA Families Resazurin Trials 13 May 2025,project-gigas-carryover,0.2,"Weak overlap: Pacific oyster (Crassostrea/Magallana gigas), aquaculture",https://ahuffmyer.github.io/ASH_Putnam_Lab_Notebook/USDA-Families-Resazurin-Trials-13-May/,https://github.com/RobertsLab/project-gigas-carryover
USDA Families Resazurin Trials 13 May 2025,pgc-edc-oyster,0.2,Weak overlap: Pacific oyster (Crassostrea/Magallana gigas),https://ahuffmyer.github.io/ASH_Putnam_Lab_Notebook/USDA-Families-Resazurin-Trials-13-May/,https://github.com/RobertsLab/pgc-edc-oyster
USDA Families Resazurin Trials 13 May 2025,oyster-ploidy-hardening,0.2,Weak overlap: Pacific oyster (Crassostrea/Magallana gigas),https://ahuffmyer.github.io/ASH_Putnam_Lab_Notebook/USDA-Families-Resazurin-Trials-13-May/,https://github.com/RobertsLab/oyster-ploidy-hardening
USDA Families Resazurin Trials 13 May 2025,project-gigas-oa-meth,0.2,Weak overlap: Pacific oyster (Crassostrea/Magallana gigas),https://ahuffmyer.github.io/ASH_Putnam_Lab_Notebook/USDA-Families-Resazurin-Trials-13-May/,https://github.com/RobertsLab/project-gigas-oa-meth
USDA Families Resazurin Trials 13 May 2025,project-gigas-ploidy-oa,0.2,Weak overlap: Pacific oyster (Crassostrea/Magallana gigas),https://ahuffmyer.github.io/ASH_Putnam_Lab_Notebook/USDA-Families-Resazurin-Trials-13-May/,https://github.com/RobertsLab/project-gigas-ploidy-oa
USDA Families Resazurin Trials 13 May 2025,project-gigas_ploidy,0.2,Weak overlap: Pacific oyster (Crassostrea/Magallana gigas),https://ahuffmyer.github.io/ASH_Putnam_Lab_Notebook/USDA-Families-Resazurin-Trials-13-May/,https://github.com/RobertsLab/project-gigas_ploidy
USDA Families Resazurin Trials 13 May 2025,paper-gigas-early-gametogenic-exposure,0.2,Weak overlap: Pacific oyster (Crassostrea/Magallana gigas),https://ahuffmyer.github.io/ASH_Putnam_Lab_Notebook/USDA-Families-Resazurin-Trials-13-May/,https://github.com/RobertsLab/paper-gigas-early-gametogenic-exposure
USDA Families Resazurin Trials 13 May 2025,paper-gigas-DNR-proteomics,0.2,Weak overlap: Pacific oyster (Crassostrea/Magallana gigas),https://ahuffmyer.github.io/ASH_Putnam_Lab_Notebook/USDA-Families-Resazurin-Trials-13-May/,https://github.com/RobertsLab/paper-gigas-DNR-proteomics
USDA Families Resazurin Trials 13 May 2025,paper-gigas-metaanalysis,0.2,Weak overlap: Pacific oyster (Crassostrea/Magallana gigas),https://ahuffmyer.github.io/ASH_Putnam_Lab_Notebook/USDA-Families-Resazurin-Trials-13-May/,https://github.com/RobertsLab/paper-gigas-metaanalysis
Westcott Oyster Spring Assessment,project-cod-temperature,0.2,Weak overlap: temperature,https://ahuffmyer.github.io/ASH_Putnam_Lab_Notebook/Westcott-Oyster-Spring-Assessments/,https://github.com/RobertsLab/project-cod-temperature
Westcott Oyster Spring Assessment,project-gigas-carryover,0.2,Weak overlap: Pacific oyster (Crassostrea/Magallana gigas),https://ahuffmyer.github.io/ASH_Putnam_Lab_Notebook/Westcott-Oyster-Spring-Assessments/,https://github.com/RobertsLab/project-gigas-carryover
Westcott Oyster Spring Assessment,pgc-edc-oyster,0.2,Weak overlap: Pacific oyster (Crassostrea/Magallana gigas),https://ahuffmyer.github.io/ASH_Putnam_Lab_Notebook/Westcott-Oyster-Spring-Assessments/,https://github.com/RobertsLab/pgc-edc-oyster
Westcott Oyster Spring Assessment,oyster-ploidy-hardening,0.2,Weak overlap: Pacific oyster (Crassostrea/Magallana gigas),https://ahuffmyer.github.io/ASH_Putnam_Lab_Notebook/Westcott-Oyster-Spring-Assessments/,https://github.com/RobertsLab/oyster-ploidy-hardening
Westcott Oyster Spring Assessment,project-gigas-oa-meth,0.2,Weak overlap: Pacific oyster (Crassostrea/Magallana gigas),https://ahuffmyer.github.io/ASH_Putnam_Lab_Notebook/Westcott-Oyster-Spring-Assessments/,https://github.com/RobertsLab/project-gigas-oa-meth
Westcott Oyster Spring Assessment,project-gigas-ploidy-oa,0.2,Weak overlap: Pacific oyster (Crassostrea/Magallana gigas),https://ahuffmyer.github.io/ASH_Putnam_Lab_Notebook/Westcott-Oyster-Spring-Assessments/,https://github.com/RobertsLab/project-gigas-ploidy-oa
Westcott Oyster Spring Assessment,project-gigas_ploidy,0.2,Weak overlap: Pacific oyster (Crassostrea/Magallana gigas),https://ahuffmyer.github.io/ASH_Putnam_Lab_Notebook/Westcott-Oyster-Spring-Assessments/,https://github.com/RobertsLab/project-gigas_ploidy
Westcott Oyster Spring Assessment,paper-gigas-early-gametogenic-exposure,0.2,Weak overlap: Pacific oyster (Crassostrea/Magallana gigas),https://ahuffmyer.github.io/ASH_Putnam_Lab_Notebook/Westcott-Oyster-Spring-Assessments/,https://github.com/RobertsLab/paper-gigas-early-gametogenic-exposure
Westcott Oyster Spring Assessment,paper-gigas-DNR-proteomics,0.2,Weak overlap: Pacific oyster (Crassostrea/Magallana gigas),https://ahuffmyer.github.io/ASH_Putnam_Lab_Notebook/Westcott-Oyster-Spring-Assessments/,https://github.com/RobertsLab/paper-gigas-DNR-proteomics
Westcott Oyster Spring Assessment,paper-gigas-metaanalysis,0.2,Weak overlap: Pacific oyster (Crassostrea/Magallana gigas),https://ahuffmyer.github.io/ASH_Putnam_Lab_Notebook/Westcott-Oyster-Spring-Assessments/,https://github.com/RobertsLab/paper-gigas-metaanalysis
Goose Point Oyster Spring Assessment,project-cod-temperature,0.2,Weak overlap: temperature,https://ahuffmyer.github.io/ASH_Putnam_Lab_Notebook/Goose-Point-Oyster-Spring-Assessments/,https://github.com/RobertsLab/project-cod-temperature
Goose Point Oyster Spring Assessment,project-gigas-carryover,0.2,Weak overlap: Pacific oyster (Crassostrea/Magallana gigas),https://ahuffmyer.github.io/ASH_Putnam_Lab_Notebook/Goose-Point-Oyster-Spring-Assessments/,https://github.com/RobertsLab/project-gigas-carryover
Goose Point Oyster Spring Assessment,pgc-edc-oyster,0.2,Weak overlap: Pacific oyster (Crassostrea/Magallana gigas),https://ahuffmyer.github.io/ASH_Putnam_Lab_Notebook/Goose-Point-Oyster-Spring-Assessments/,https://github.com/RobertsLab/pgc-edc-oyster
Goose Point Oyster Spring Assessment,oyster-ploidy-hardening,0.2,Weak overlap: Pacific oyster (Crassostrea/Magallana gigas),https://ahuffmyer.github.io/ASH_Putnam_Lab_Notebook/Goose-Point-Oyster-Spring-Assessments/,https://github.com/RobertsLab/oyster-ploidy-hardening
Goose Point Oyster Spring Assessment,project-gigas-oa-meth,0.2,Weak overlap: Pacific oyster (Crassostrea/Magallana gigas),https://ahuffmyer.github.io/ASH_Putnam_Lab_Notebook/Goose-Point-Oyster-Spring-Assessments/,https://github.com/RobertsLab/project-gigas-oa-meth
Goose Point Oyster Spring Assessment,project-gigas-ploidy-oa,0.2,Weak overlap: Pacific oyster (Crassostrea/Magallana gigas),https://ahuffmyer.github.io/ASH_Putnam_Lab_Notebook/Goose-Point-Oyster-Spring-Assessments/,https://github.com/RobertsLab/project-gigas-ploidy-oa
Goose Point Oyster Spring Assessment,project-gigas_ploidy,0.2,Weak overlap: Pacific oyster (Crassostrea/Magallana gigas),https://ahuffmyer.github.io/ASH_Putnam_Lab_Notebook/Goose-Point-Oyster-Spring-Assessments/,https://github.com/RobertsLab/project-gigas_ploidy
Goose Point Oyster Spring Assessment,paper-gigas-early-gametogenic-exposure,0.2,Weak overlap: Pacific oyster (Crassostrea/Magallana gigas),https://ahuffmyer.github.io/ASH_Putnam_Lab_Notebook/Goose-Point-Oyster-Spring-Assessments/,https://github.com/RobertsLab/paper-gigas-early-gametogenic-exposure
Goose Point Oyster Spring Assessment,paper-gigas-DNR-proteomics,0.2,Weak overlap: Pacific oyster (Crassostrea/Magallana gigas),https://ahuffmyer.github.io/ASH_Putnam_Lab_Notebook/Goose-Point-Oyster-Spring-Assessments/,https://github.com/RobertsLab/paper-gigas-DNR-proteomics
Goose Point Oyster Spring Assessment,paper-gigas-metaanalysis,0.2,Weak overlap: Pacific oyster (Crassostrea/Magallana gigas),https://ahuffmyer.github.io/ASH_Putnam_Lab_Notebook/Goose-Point-Oyster-Spring-Assessments/,https://github.com/RobertsLab/paper-gigas-metaanalysis
USDA Families Resazurin Trials 20 May 2025,project-gigas-conditioning,0.2,Weak overlap: Pacific oyster (Crassostrea/Magallana gigas),https://ahuffmyer.github.io/ASH_Putnam_Lab_Notebook/USDA-Families-Resazurin-Trials-20-May/,https://github.com/RobertsLab/project-gigas-conditioning
USDA Families Resazurin Trials 20 May 2025,project-cod-temperature,0.2,Weak overlap: temperature,https://ahuffmyer.github.io/ASH_Putnam_Lab_Notebook/USDA-Families-Resazurin-Trials-20-May/,https://github.com/RobertsLab/project-cod-temperature
USDA Families Resazurin Trials 20 May 2025,manchester-hardening,0.2,Weak overlap: thermal,https://ahuffmyer.github.io/ASH_Putnam_Lab_Notebook/USDA-Families-Resazurin-Trials-20-May/,https://github.com/RobertsLab/manchester-hardening
USDA Families Resazurin Trials 20 May 2025,project-gigas-carryover,0.2,"Weak overlap: Pacific oyster (Crassostrea/Magallana gigas), aquaculture",https://ahuffmyer.github.io/ASH_Putnam_Lab_Notebook/USDA-Families-Resazurin-Trials-20-May/,https://github.com/RobertsLab/project-gigas-carryover
USDA Families Resazurin Trials 20 May 2025,pgc-edc-oyster,0.2,Weak overlap: Pacific oyster (Crassostrea/Magallana gigas),https://ahuffmyer.github.io/ASH_Putnam_Lab_Notebook/USDA-Families-Resazurin-Trials-20-May/,https://github.com/RobertsLab/pgc-edc-oyster
USDA Families Resazurin Trials 20 May 2025,oyster-ploidy-hardening,0.2,Weak overlap: Pacific oyster (Crassostrea/Magallana gigas),https://ahuffmyer.github.io/ASH_Putnam_Lab_Notebook/USDA-Families-Resazurin-Trials-20-May/,https://github.com/RobertsLab/oyster-ploidy-hardening
USDA Families Resazurin Trials 20 May 2025,project-gigas-oa-meth,0.2,Weak overlap: Pacific oyster (Crassostrea/Magallana gigas),https://ahuffmyer.github.io/ASH_Putnam_Lab_Notebook/USDA-Families-Resazurin-Trials-20-May/,https://github.com/RobertsLab/project-gigas-oa-meth
USDA Families Resazurin Trials 20 May 2025,project-gigas-ploidy-oa,0.2,Weak overlap: Pacific oyster (Crassostrea/Magallana gigas),https://ahuffmyer.github.io/ASH_Putnam_Lab_Notebook/USDA-Families-Resazurin-Trials-20-May/,https://github.com/RobertsLab/project-gigas-ploidy-oa
USDA Families Resazurin Trials 20 May 2025,project-gigas_ploidy,0.2,Weak overlap: Pacific oyster (Crassostrea/Magallana gigas),https://ahuffmyer.github.io/ASH_Putnam_Lab_Notebook/USDA-Families-Resazurin-Trials-20-May/,https://github.com/RobertsLab/project-gigas_ploidy
USDA Families Resazurin Trials 20 May 2025,paper-gigas-early-gametogenic-exposure,0.2,Weak overlap: Pacific oyster (Crassostrea/Magallana gigas),https://ahuffmyer.github.io/ASH_Putnam_Lab_Notebook/USDA-Families-Resazurin-Trials-20-May/,https://github.com/RobertsLab/paper-gigas-early-gametogenic-exposure
USDA Families Resazurin Trials 20 May 2025,paper-gigas-DNR-proteomics,0.2,Weak overlap: Pacific oyster (Crassostrea/Magallana gigas),https://ahuffmyer.github.io/ASH_Putnam_Lab_Notebook/USDA-Families-Resazurin-Trials-20-May/,https://github.com/RobertsLab/paper-gigas-DNR-proteomics
USDA Families Resazurin Trials 20 May 2025,paper-gigas-metaanalysis,0.2,Weak overlap: Pacific oyster (Crassostrea/Magallana gigas),https://ahuffmyer.github.io/ASH_Putnam_Lab_Notebook/USDA-Families-Resazurin-Trials-20-May/,https://github.com/RobertsLab/paper-gigas-metaanalysis
Coral Metabolomics Extraction and Preparation Protocol for 2023 Moorea Project,polyIC-larvae,0.2,Weak overlap: larvae,https://ahuffmyer.github.io/ASH_Putnam_Lab_Notebook/Coral-Metabolomics-Extraction-and-Preparation-Protocol-for-2023-Moorea-Project/,https://github.com/RobertsLab/polyIC-larvae
Coral Metabolomics Extraction and Preparation Protocol for 2023 Moorea Project,project-gigas-oa-meth,0.2,Weak overlap: larvae,https://ahuffmyer.github.io/ASH_Putnam_Lab_Notebook/Coral-Metabolomics-Extraction-and-Preparation-Protocol-for-2023-Moorea-Project/,https://github.com/RobertsLab/project-gigas-oa-meth
Coral Metabolomics Extraction and Preparation Protocol for 2023 Moorea Project,project-pacific.oyster-larvae,0.2,Weak overlap: larvae,https://ahuffmyer.github.io/ASH_Putnam_Lab_Notebook/Coral-Metabolomics-Extraction-and-Preparation-Protocol-for-2023-Moorea-Project/,https://github.com/RobertsLab/project-pacific.oyster-larvae
Coral RNA Extraction Protocol for 2023 Moorea Project,polyIC-larvae,0.2,Weak overlap: larvae,https://ahuffmyer.github.io/ASH_Putnam_Lab_Notebook/Coral-RNA-Extraction-Protocol-for-2023-Moorea-Project/,https://github.com/RobertsLab/polyIC-larvae
Coral RNA Extraction Protocol for 2023 Moorea Project,project-cod-temperature,0.2,Weak overlap: temperature,https://ahuffmyer.github.io/ASH_Putnam_Lab_Notebook/Coral-RNA-Extraction-Protocol-for-2023-Moorea-Project/,https://github.com/RobertsLab/project-cod-temperature
Coral RNA Extraction Protocol for 2023 Moorea Project,project-gigas-oa-meth,0.2,Weak overlap: larvae,https://ahuffmyer.github.io/ASH_Putnam_Lab_Notebook/Coral-RNA-Extraction-Protocol-for-2023-Moorea-Project/,https://github.com/RobertsLab/project-gigas-oa-meth
Coral RNA Extraction Protocol for 2023 Moorea Project,project-pacific.oyster-larvae,0.2,Weak overlap: larvae,https://ahuffmyer.github.io/ASH_Putnam_Lab_Notebook/Coral-RNA-Extraction-Protocol-for-2023-Moorea-Project/,https://github.com/RobertsLab/project-pacific.oyster-larvae
Sequim Bay Oyster Spring Assessment,project-cod-temperature,0.2,Weak overlap: temperature,https://ahuffmyer.github.io/ASH_Putnam_Lab_Notebook/Sequim-Bay-Spring-Assessments/,https://github.com/RobertsLab/project-cod-temperature
Sequim Bay Oyster Spring Assessment,project-gigas-carryover,0.2,Weak overlap: Pacific oyster (Crassostrea/Magallana gigas),https://ahuffmyer.github.io/ASH_Putnam_Lab_Notebook/Sequim-Bay-Spring-Assessments/,https://github.com/RobertsLab/project-gigas-carryover
Sequim Bay Oyster Spring Assessment,pgc-edc-oyster,0.2,Weak overlap: Pacific oyster (Crassostrea/Magallana gigas),https://ahuffmyer.github.io/ASH_Putnam_Lab_Notebook/Sequim-Bay-Spring-Assessments/,https://github.com/RobertsLab/pgc-edc-oyster
Sequim Bay Oyster Spring Assessment,oyster-ploidy-hardening,0.2,Weak overlap: Pacific oyster (Crassostrea/Magallana gigas),https://ahuffmyer.github.io/ASH_Putnam_Lab_Notebook/Sequim-Bay-Spring-Assessments/,https://github.com/RobertsLab/oyster-ploidy-hardening
Sequim Bay Oyster Spring Assessment,project-gigas-oa-meth,0.2,Weak overlap: Pacific oyster (Crassostrea/Magallana gigas),https://ahuffmyer.github.io/ASH_Putnam_Lab_Notebook/Sequim-Bay-Spring-Assessments/,https://github.com/RobertsLab/project-gigas-oa-meth
Sequim Bay Oyster Spring Assessment,project-gigas-ploidy-oa,0.2,Weak overlap: Pacific oyster (Crassostrea/Magallana gigas),https://ahuffmyer.github.io/ASH_Putnam_Lab_Notebook/Sequim-Bay-Spring-Assessments/,https://github.com/RobertsLab/project-gigas-ploidy-oa
Sequim Bay Oyster Spring Assessment,project-gigas_ploidy,0.2,Weak overlap: Pacific oyster (Crassostrea/Magallana gigas),https://ahuffmyer.github.io/ASH_Putnam_Lab_Notebook/Sequim-Bay-Spring-Assessments/,https://github.com/RobertsLab/project-gigas_ploidy
Sequim Bay Oyster Spring Assessment,paper-gigas-early-gametogenic-exposure,0.2,Weak overlap: Pacific oyster (Crassostrea/Magallana gigas),https://ahuffmyer.github.io/ASH_Putnam_Lab_Notebook/Sequim-Bay-Spring-Assessments/,https://github.com/RobertsLab/paper-gigas-early-gametogenic-exposure
Sequim Bay Oyster Spring Assessment,paper-gigas-DNR-proteomics,0.2,Weak overlap: Pacific oyster (Crassostrea/Magallana gigas),https://ahuffmyer.github.io/ASH_Putnam_Lab_Notebook/Sequim-Bay-Spring-Assessments/,https://github.com/RobertsLab/paper-gigas-DNR-proteomics
Sequim Bay Oyster Spring Assessment,paper-gigas-metaanalysis,0.2,Weak overlap: Pacific oyster (Crassostrea/Magallana gigas),https://ahuffmyer.github.io/ASH_Putnam_Lab_Notebook/Sequim-Bay-Spring-Assessments/,https://github.com/RobertsLab/paper-gigas-metaanalysis
Launching experiment at Manchester and maintaining stocks at Point Whitney,project-cod-temperature,0.2,Weak overlap: temperature,https://ahuffmyer.github.io/ASH_Putnam_Lab_Notebook/Launching-experiment-at-Manchester-and-maintaining-stocks-at-Point-Whitney/,https://github.com/RobertsLab/project-cod-temperature
Launching experiment at Manchester and maintaining stocks at Point Whitney,project-gigas-carryover,0.2,Weak overlap: Pacific oyster (Crassostrea/Magallana gigas),https://ahuffmyer.github.io/ASH_Putnam_Lab_Notebook/Launching-experiment-at-Manchester-and-maintaining-stocks-at-Point-Whitney/,https://github.com/RobertsLab/project-gigas-carryover
Launching experiment at Manchester and maintaining stocks at Point Whitney,pgc-edc-oyster,0.2,Weak overlap: Pacific oyster (Crassostrea/Magallana gigas),https://ahuffmyer.github.io/ASH_Putnam_Lab_Notebook/Launching-experiment-at-Manchester-and-maintaining-stocks-at-Point-Whitney/,https://github.com/RobertsLab/pgc-edc-oyster
Launching experiment at Manchester and maintaining stocks at Point Whitney,project-gigas-oa-meth,0.2,Weak overlap: Pacific oyster (Crassostrea/Magallana gigas),https://ahuffmyer.github.io/ASH_Putnam_Lab_Notebook/Launching-experiment-at-Manchester-and-maintaining-stocks-at-Point-Whitney/,https://github.com/RobertsLab/project-gigas-oa-meth
Launching experiment at Manchester and maintaining stocks at Point Whitney,project-gigas-ploidy-oa,0.2,Weak overlap: Pacific oyster (Crassostrea/Magallana gigas),https://ahuffmyer.github.io/ASH_Putnam_Lab_Notebook/Launching-experiment-at-Manchester-and-maintaining-stocks-at-Point-Whitney/,https://github.com/RobertsLab/project-gigas-ploidy-oa
Launching experiment at Manchester and maintaining stocks at Point Whitney,project-gigas_ploidy,0.2,Weak overlap: Pacific oyster (Crassostrea/Magallana gigas),https://ahuffmyer.github.io/ASH_Putnam_Lab_Notebook/Launching-experiment-at-Manchester-and-maintaining-stocks-at-Point-Whitney/,https://github.com/RobertsLab/project-gigas_ploidy
Launching experiment at Manchester and maintaining stocks at Point Whitney,paper-hatchery-microbiome,0.2,Weak overlap: hatchery,https://ahuffmyer.github.io/ASH_Putnam_Lab_Notebook/Launching-experiment-at-Manchester-and-maintaining-stocks-at-Point-Whitney/,https://github.com/RobertsLab/paper-hatchery-microbiome
Launching experiment at Manchester and maintaining stocks at Point Whitney,paper-gigas-early-gametogenic-exposure,0.2,Weak overlap: Pacific oyster (Crassostrea/Magallana gigas),https://ahuffmyer.github.io/ASH_Putnam_Lab_Notebook/Launching-experiment-at-Manchester-and-maintaining-stocks-at-Point-Whitney/,https://github.com/RobertsLab/paper-gigas-early-gametogenic-exposure
Launching experiment at Manchester and maintaining stocks at Point Whitney,paper-gigas-DNR-proteomics,0.2,Weak overlap: Pacific oyster (Crassostrea/Magallana gigas),https://ahuffmyer.github.io/ASH_Putnam_Lab_Notebook/Launching-experiment-at-Manchester-and-maintaining-stocks-at-Point-Whitney/,https://github.com/RobertsLab/paper-gigas-DNR-proteomics
Launching experiment at Manchester and maintaining stocks at Point Whitney,paper-gigas-metaanalysis,0.2,Weak overlap: Pacific oyster (Crassostrea/Magallana gigas),https://ahuffmyer.github.io/ASH_Putnam_Lab_Notebook/Launching-experiment-at-Manchester-and-maintaining-stocks-at-Point-Whitney/,https://github.com/RobertsLab/paper-gigas-metaanalysis
USDA Families Resazurin Trials 3 June 2025,project-gigas-conditioning,0.2,Weak overlap: Pacific oyster (Crassostrea/Magallana gigas),https://ahuffmyer.github.io/ASH_Putnam_Lab_Notebook/USDA-Families-Resazurin-Trials-3-June/,https://github.com/RobertsLab/project-gigas-conditioning
USDA Families Resazurin Trials 3 June 2025,project-cod-temperature,0.2,Weak overlap: temperature,https://ahuffmyer.github.io/ASH_Putnam_Lab_Notebook/USDA-Families-Resazurin-Trials-3-June/,https://github.com/RobertsLab/project-cod-temperature
USDA Families Resazurin Trials 3 June 2025,manchester-hardening,0.2,Weak overlap: thermal,https://ahuffmyer.github.io/ASH_Putnam_Lab_Notebook/USDA-Families-Resazurin-Trials-3-June/,https://github.com/RobertsLab/manchester-hardening
USDA Families Resazurin Trials 3 June 2025,project-gigas-carryover,0.2,"Weak overlap: Pacific oyster (Crassostrea/Magallana gigas), aquaculture",https://ahuffmyer.github.io/ASH_Putnam_Lab_Notebook/USDA-Families-Resazurin-Trials-3-June/,https://github.com/RobertsLab/project-gigas-carryover
USDA Families Resazurin Trials 3 June 2025,pgc-edc-oyster,0.2,Weak overlap: Pacific oyster (Crassostrea/Magallana gigas),https://ahuffmyer.github.io/ASH_Putnam_Lab_Notebook/USDA-Families-Resazurin-Trials-3-June/,https://github.com/RobertsLab/pgc-edc-oyster
USDA Families Resazurin Trials 3 June 2025,oyster-ploidy-hardening,0.2,Weak overlap: Pacific oyster (Crassostrea/Magallana gigas),https://ahuffmyer.github.io/ASH_Putnam_Lab_Notebook/USDA-Families-Resazurin-Trials-3-June/,https://github.com/RobertsLab/oyster-ploidy-hardening
USDA Families Resazurin Trials 3 June 2025,project-gigas-oa-meth,0.2,Weak overlap: Pacific oyster (Crassostrea/Magallana gigas),https://ahuffmyer.github.io/ASH_Putnam_Lab_Notebook/USDA-Families-Resazurin-Trials-3-June/,https://github.com/RobertsLab/project-gigas-oa-meth
USDA Families Resazurin Trials 3 June 2025,project-gigas-ploidy-oa,0.2,Weak overlap: Pacific oyster (Crassostrea/Magallana gigas),https://ahuffmyer.github.io/ASH_Putnam_Lab_Notebook/USDA-Families-Resazurin-Trials-3-June/,https://github.com/RobertsLab/project-gigas-ploidy-oa
USDA Families Resazurin Trials 3 June 2025,project-gigas_ploidy,0.2,Weak overlap: Pacific oyster (Crassostrea/Magallana gigas),https://ahuffmyer.github.io/ASH_Putnam_Lab_Notebook/USDA-Families-Resazurin-Trials-3-June/,https://github.com/RobertsLab/project-gigas_ploidy
USDA Families Resazurin Trials 3 June 2025,paper-gigas-early-gametogenic-exposure,0.2,Weak overlap: Pacific oyster (Crassostrea/Magallana gigas),https://ahuffmyer.github.io/ASH_Putnam_Lab_Notebook/USDA-Families-Resazurin-Trials-3-June/,https://github.com/RobertsLab/paper-gigas-early-gametogenic-exposure
USDA Families Resazurin Trials 3 June 2025,paper-gigas-DNR-proteomics,0.2,Weak overlap: Pacific oyster (Crassostrea/Magallana gigas),https://ahuffmyer.github.io/ASH_Putnam_Lab_Notebook/USDA-Families-Resazurin-Trials-3-June/,https://github.com/RobertsLab/paper-gigas-DNR-proteomics
USDA Families Resazurin Trials 3 June 2025,paper-gigas-metaanalysis,0.2,Weak overlap: Pacific oyster (Crassostrea/Magallana gigas),https://ahuffmyer.github.io/ASH_Putnam_Lab_Notebook/USDA-Families-Resazurin-Trials-3-June/,https://github.com/RobertsLab/paper-gigas-metaanalysis
Sequim Bay Oyster Spring Assessment,project-cod-temperature,0.2,Weak overlap: temperature,https://ahuffmyer.github.io/ASH_Putnam_Lab_Notebook/Sequim-Bay-Outplants-Size-Analysis/,https://github.com/RobertsLab/project-cod-temperature
Sequim Bay Oyster Spring Assessment,manchester-hardening,0.2,Weak overlap: hardening,https://ahuffmyer.github.io/ASH_Putnam_Lab_Notebook/Sequim-Bay-Outplants-Size-Analysis/,https://github.com/RobertsLab/manchester-hardening
Sequim Bay Oyster Spring Assessment,project-gigas-carryover,0.2,Weak overlap: Pacific oyster (Crassostrea/Magallana gigas),https://ahuffmyer.github.io/ASH_Putnam_Lab_Notebook/Sequim-Bay-Outplants-Size-Analysis/,https://github.com/RobertsLab/project-gigas-carryover
Sequim Bay Oyster Spring Assessment,pgc-edc-oyster,0.2,Weak overlap: Pacific oyster (Crassostrea/Magallana gigas),https://ahuffmyer.github.io/ASH_Putnam_Lab_Notebook/Sequim-Bay-Outplants-Size-Analysis/,https://github.com/RobertsLab/pgc-edc-oyster
Sequim Bay Oyster Spring Assessment,project-gigas-oa-meth,0.2,Weak overlap: Pacific oyster (Crassostrea/Magallana gigas),https://ahuffmyer.github.io/ASH_Putnam_Lab_Notebook/Sequim-Bay-Outplants-Size-Analysis/,https://github.com/RobertsLab/project-gigas-oa-meth
Sequim Bay Oyster Spring Assessment,project-gigas-ploidy-oa,0.2,Weak overlap: Pacific oyster (Crassostrea/Magallana gigas),https://ahuffmyer.github.io/ASH_Putnam_Lab_Notebook/Sequim-Bay-Outplants-Size-Analysis/,https://github.com/RobertsLab/project-gigas-ploidy-oa
Sequim Bay Oyster Spring Assessment,project-gigas_ploidy,0.2,Weak overlap: Pacific oyster (Crassostrea/Magallana gigas),https://ahuffmyer.github.io/ASH_Putnam_Lab_Notebook/Sequim-Bay-Outplants-Size-Analysis/,https://github.com/RobertsLab/project-gigas_ploidy
Sequim Bay Oyster Spring Assessment,paper-gigas-early-gametogenic-exposure,0.2,Weak overlap: Pacific oyster (Crassostrea/Magallana gigas),https://ahuffmyer.github.io/ASH_Putnam_Lab_Notebook/Sequim-Bay-Outplants-Size-Analysis/,https://github.com/RobertsLab/paper-gigas-early-gametogenic-exposure
Sequim Bay Oyster Spring Assessment,paper-gigas-DNR-proteomics,0.2,Weak overlap: Pacific oyster (Crassostrea/Magallana gigas),https://ahuffmyer.github.io/ASH_Putnam_Lab_Notebook/Sequim-Bay-Outplants-Size-Analysis/,https://github.com/RobertsLab/paper-gigas-DNR-proteomics
Sequim Bay Oyster Spring Assessment,paper-gigas-metaanalysis,0.2,Weak overlap: Pacific oyster (Crassostrea/Magallana gigas),https://ahuffmyer.github.io/ASH_Putnam_Lab_Notebook/Sequim-Bay-Outplants-Size-Analysis/,https://github.com/RobertsLab/paper-gigas-metaanalysis
Goose Point Oyster Spring Assessment Analysis,project-cod-temperature,0.2,Weak overlap: temperature,https://ahuffmyer.github.io/ASH_Putnam_Lab_Notebook/Goose-Point-Outplant_Analysis/,https://github.com/RobertsLab/project-cod-temperature
Goose Point Oyster Spring Assessment Analysis,manchester-hardening,0.2,Weak overlap: hardening,https://ahuffmyer.github.io/ASH_Putnam_Lab_Notebook/Goose-Point-Outplant_Analysis/,https://github.com/RobertsLab/manchester-hardening
Goose Point Oyster Spring Assessment Analysis,project-gigas-carryover,0.2,Weak overlap: Pacific oyster (Crassostrea/Magallana gigas),https://ahuffmyer.github.io/ASH_Putnam_Lab_Notebook/Goose-Point-Outplant_Analysis/,https://github.com/RobertsLab/project-gigas-carryover
Goose Point Oyster Spring Assessment Analysis,pgc-edc-oyster,0.2,Weak overlap: Pacific oyster (Crassostrea/Magallana gigas),https://ahuffmyer.github.io/ASH_Putnam_Lab_Notebook/Goose-Point-Outplant_Analysis/,https://github.com/RobertsLab/pgc-edc-oyster
Goose Point Oyster Spring Assessment Analysis,project-gigas-oa-meth,0.2,Weak overlap: Pacific oyster (Crassostrea/Magallana gigas),https://ahuffmyer.github.io/ASH_Putnam_Lab_Notebook/Goose-Point-Outplant_Analysis/,https://github.com/RobertsLab/project-gigas-oa-meth
Goose Point Oyster Spring Assessment Analysis,project-gigas-ploidy-oa,0.2,Weak overlap: Pacific oyster (Crassostrea/Magallana gigas),https://ahuffmyer.github.io/ASH_Putnam_Lab_Notebook/Goose-Point-Outplant_Analysis/,https://github.com/RobertsLab/project-gigas-ploidy-oa
Goose Point Oyster Spring Assessment Analysis,project-gigas_ploidy,0.2,Weak overlap: Pacific oyster (Crassostrea/Magallana gigas),https://ahuffmyer.github.io/ASH_Putnam_Lab_Notebook/Goose-Point-Outplant_Analysis/,https://github.com/RobertsLab/project-gigas_ploidy
Goose Point Oyster Spring Assessment Analysis,paper-gigas-early-gametogenic-exposure,0.2,Weak overlap: Pacific oyster (Crassostrea/Magallana gigas),https://ahuffmyer.github.io/ASH_Putnam_Lab_Notebook/Goose-Point-Outplant_Analysis/,https://github.com/RobertsLab/paper-gigas-early-gametogenic-exposure
Goose Point Oyster Spring Assessment Analysis,paper-gigas-DNR-proteomics,0.2,Weak overlap: Pacific oyster (Crassostrea/Magallana gigas),https://ahuffmyer.github.io/ASH_Putnam_Lab_Notebook/Goose-Point-Outplant_Analysis/,https://github.com/RobertsLab/paper-gigas-DNR-proteomics
Goose Point Oyster Spring Assessment Analysis,paper-gigas-metaanalysis,0.2,Weak overlap: Pacific oyster (Crassostrea/Magallana gigas),https://ahuffmyer.github.io/ASH_Putnam_Lab_Notebook/Goose-Point-Outplant_Analysis/,https://github.com/RobertsLab/paper-gigas-metaanalysis
Guava Muse status,project-cod-temperature,0.2,Weak overlap: temperature,https://ahuffmyer.github.io/ASH_Putnam_Lab_Notebook/Guava-Muse-status/,https://github.com/RobertsLab/project-cod-temperature
RNA Extraction Log for 2023 Moorea Project,polyIC-larvae,0.2,Weak overlap: larvae,https://ahuffmyer.github.io/ASH_Putnam_Lab_Notebook/RNA-Extraction-Log-for-2023-Moorea-Project/,https://github.com/RobertsLab/polyIC-larvae
RNA Extraction Log for 2023 Moorea Project,project-gigas-oa-meth,0.2,Weak overlap: larvae,https://ahuffmyer.github.io/ASH_Putnam_Lab_Notebook/RNA-Extraction-Log-for-2023-Moorea-Project/,https://github.com/RobertsLab/project-gigas-oa-meth
RNA Extraction Log for 2023 Moorea Project,project-pacific.oyster-larvae,0.2,Weak overlap: larvae,https://ahuffmyer.github.io/ASH_Putnam_Lab_Notebook/RNA-Extraction-Log-for-2023-Moorea-Project/,https://github.com/RobertsLab/project-pacific.oyster-larvae
USDA Families Resazurin Trials Complete Results,project-gigas-conditioning,0.2,Weak overlap: Pacific oyster (Crassostrea/Magallana gigas),https://ahuffmyer.github.io/ASH_Putnam_Lab_Notebook/USDA-Families-Resazurin-Trials-Complete-Results/,https://github.com/RobertsLab/project-gigas-conditioning
USDA Families Resazurin Trials Complete Results,project-cod-temperature,0.2,Weak overlap: temperature,https://ahuffmyer.github.io/ASH_Putnam_Lab_Notebook/USDA-Families-Resazurin-Trials-Complete-Results/,https://github.com/RobertsLab/project-cod-temperature
USDA Families Resazurin Trials Complete Results,manchester-hardening,0.2,Weak overlap: thermal,https://ahuffmyer.github.io/ASH_Putnam_Lab_Notebook/USDA-Families-Resazurin-Trials-Complete-Results/,https://github.com/RobertsLab/manchester-hardening
USDA Families Resazurin Trials Complete Results,project-gigas-carryover,0.2,"Weak overlap: Pacific oyster (Crassostrea/Magallana gigas), aquaculture",https://ahuffmyer.github.io/ASH_Putnam_Lab_Notebook/USDA-Families-Resazurin-Trials-Complete-Results/,https://github.com/RobertsLab/project-gigas-carryover
USDA Families Resazurin Trials Complete Results,pgc-edc-oyster,0.2,Weak overlap: Pacific oyster (Crassostrea/Magallana gigas),https://ahuffmyer.github.io/ASH_Putnam_Lab_Notebook/USDA-Families-Resazurin-Trials-Complete-Results/,https://github.com/RobertsLab/pgc-edc-oyster
USDA Families Resazurin Trials Complete Results,oyster-ploidy-hardening,0.2,Weak overlap: Pacific oyster (Crassostrea/Magallana gigas),https://ahuffmyer.github.io/ASH_Putnam_Lab_Notebook/USDA-Families-Resazurin-Trials-Complete-Results/,https://github.com/RobertsLab/oyster-ploidy-hardening
USDA Families Resazurin Trials Complete Results,project-gigas-oa-meth,0.2,Weak overlap: Pacific oyster (Crassostrea/Magallana gigas),https://ahuffmyer.github.io/ASH_Putnam_Lab_Notebook/USDA-Families-Resazurin-Trials-Complete-Results/,https://github.com/RobertsLab/project-gigas-oa-meth
USDA Families Resazurin Trials Complete Results,project-gigas-ploidy-oa,0.2,Weak overlap: Pacific oyster (Crassostrea/Magallana gigas),https://ahuffmyer.github.io/ASH_Putnam_Lab_Notebook/USDA-Families-Resazurin-Trials-Complete-Results/,https://github.com/RobertsLab/project-gigas-ploidy-oa
USDA Families Resazurin Trials Complete Results,project-gigas_ploidy,0.2,Weak overlap: Pacific oyster (Crassostrea/Magallana gigas),https://ahuffmyer.github.io/ASH_Putnam_Lab_Notebook/USDA-Families-Resazurin-Trials-Complete-Results/,https://github.com/RobertsLab/project-gigas_ploidy
USDA Families Resazurin Trials Complete Results,paper-gigas-early-gametogenic-exposure,0.2,Weak overlap: Pacific oyster (Crassostrea/Magallana gigas),https://ahuffmyer.github.io/ASH_Putnam_Lab_Notebook/USDA-Families-Resazurin-Trials-Complete-Results/,https://github.com/RobertsLab/paper-gigas-early-gametogenic-exposure
USDA Families Resazurin Trials Complete Results,paper-gigas-DNR-proteomics,0.2,Weak overlap: Pacific oyster (Crassostrea/Magallana gigas),https://ahuffmyer.github.io/ASH_Putnam_Lab_Notebook/USDA-Families-Resazurin-Trials-Complete-Results/,https://github.com/RobertsLab/paper-gigas-DNR-proteomics
USDA Families Resazurin Trials Complete Results,paper-gigas-metaanalysis,0.2,Weak overlap: Pacific oyster (Crassostrea/Magallana gigas),https://ahuffmyer.github.io/ASH_Putnam_Lab_Notebook/USDA-Families-Resazurin-Trials-Complete-Results/,https://github.com/RobertsLab/paper-gigas-metaanalysis
Field outplants at Manchester,project-gigas-conditioning,0.2,Weak overlap: Pacific oyster (Crassostrea/Magallana gigas),https://ahuffmyer.github.io/ASH_Putnam_Lab_Notebook/Field-outplants-at-Manchester/,https://github.com/RobertsLab/project-gigas-conditioning
Field outplants at Manchester,project-cod-temperature,0.2,Weak overlap: temperature,https://ahuffmyer.github.io/ASH_Putnam_Lab_Notebook/Field-outplants-at-Manchester/,https://github.com/RobertsLab/project-cod-temperature
Field outplants at Manchester,project-gigas-carryover,0.2,Weak overlap: Pacific oyster (Crassostrea/Magallana gigas),https://ahuffmyer.github.io/ASH_Putnam_Lab_Notebook/Field-outplants-at-Manchester/,https://github.com/RobertsLab/project-gigas-carryover
Field outplants at Manchester,pgc-edc-oyster,0.2,Weak overlap: Pacific oyster (Crassostrea/Magallana gigas),https://ahuffmyer.github.io/ASH_Putnam_Lab_Notebook/Field-outplants-at-Manchester/,https://github.com/RobertsLab/pgc-edc-oyster
Field outplants at Manchester,project-gigas-oa-meth,0.2,Weak overlap: Pacific oyster (Crassostrea/Magallana gigas),https://ahuffmyer.github.io/ASH_Putnam_Lab_Notebook/Field-outplants-at-Manchester/,https://github.com/RobertsLab/project-gigas-oa-meth
Field outplants at Manchester,project-gigas-ploidy-oa,0.2,Weak overlap: Pacific oyster (Crassostrea/Magallana gigas),https://ahuffmyer.github.io/ASH_Putnam_Lab_Notebook/Field-outplants-at-Manchester/,https://github.com/RobertsLab/project-gigas-ploidy-oa
Field outplants at Manchester,project-gigas_ploidy,0.2,Weak overlap: Pacific oyster (Crassostrea/Magallana gigas),https://ahuffmyer.github.io/ASH_Putnam_Lab_Notebook/Field-outplants-at-Manchester/,https://github.com/RobertsLab/project-gigas_ploidy
Field outplants at Manchester,paper-gigas-early-gametogenic-exposure,0.2,Weak overlap: Pacific oyster (Crassostrea/Magallana gigas),https://ahuffmyer.github.io/ASH_Putnam_Lab_Notebook/Field-outplants-at-Manchester/,https://github.com/RobertsLab/paper-gigas-early-gametogenic-exposure
Field outplants at Manchester,paper-gigas-DNR-proteomics,0.2,Weak overlap: Pacific oyster (Crassostrea/Magallana gigas),https://ahuffmyer.github.io/ASH_Putnam_Lab_Notebook/Field-outplants-at-Manchester/,https://github.com/RobertsLab/paper-gigas-DNR-proteomics
Field outplants at Manchester,paper-gigas-metaanalysis,0.2,Weak overlap: Pacific oyster (Crassostrea/Magallana gigas),https://ahuffmyer.github.io/ASH_Putnam_Lab_Notebook/Field-outplants-at-Manchester/,https://github.com/RobertsLab/paper-gigas-metaanalysis
Resazurin testing of open and closed oysters,project-gigas-conditioning,0.2,Weak overlap: Pacific oyster (Crassostrea/Magallana gigas),https://ahuffmyer.github.io/ASH_Putnam_Lab_Notebook/Resazurin-Testing-Open-and-Closed-Oysters/,https://github.com/RobertsLab/project-gigas-conditioning
Resazurin testing of open and closed oysters,project-cod-temperature,0.2,Weak overlap: temperature,https://ahuffmyer.github.io/ASH_Putnam_Lab_Notebook/Resazurin-Testing-Open-and-Closed-Oysters/,https://github.com/RobertsLab/project-cod-temperature
Resazurin testing of open and closed oysters,project-gigas-carryover,0.2,Weak overlap: Pacific oyster (Crassostrea/Magallana gigas),https://ahuffmyer.github.io/ASH_Putnam_Lab_Notebook/Resazurin-Testing-Open-and-Closed-Oysters/,https://github.com/RobertsLab/project-gigas-carryover
Resazurin testing of open and closed oysters,pgc-edc-oyster,0.2,Weak overlap: Pacific oyster (Crassostrea/Magallana gigas),https://ahuffmyer.github.io/ASH_Putnam_Lab_Notebook/Resazurin-Testing-Open-and-Closed-Oysters/,https://github.com/RobertsLab/pgc-edc-oyster
Resazurin testing of open and closed oysters,oyster-ploidy-hardening,0.2,Weak overlap: Pacific oyster (Crassostrea/Magallana gigas),https://ahuffmyer.github.io/ASH_Putnam_Lab_Notebook/Resazurin-Testing-Open-and-Closed-Oysters/,https://github.com/RobertsLab/oyster-ploidy-hardening
Resazurin testing of open and closed oysters,project-gigas-oa-meth,0.2,Weak overlap: Pacific oyster (Crassostrea/Magallana gigas),https://ahuffmyer.github.io/ASH_Putnam_Lab_Notebook/Resazurin-Testing-Open-and-Closed-Oysters/,https://github.com/RobertsLab/project-gigas-oa-meth
Resazurin testing of open and closed oysters,project-gigas-ploidy-oa,0.2,Weak overlap: Pacific oyster (Crassostrea/Magallana gigas),https://ahuffmyer.github.io/ASH_Putnam_Lab_Notebook/Resazurin-Testing-Open-and-Closed-Oysters/,https://github.com/RobertsLab/project-gigas-ploidy-oa
Resazurin testing of open and closed oysters,project-gigas_ploidy,0.2,Weak overlap: Pacific oyster (Crassostrea/Magallana gigas),https://ahuffmyer.github.io/ASH_Putnam_Lab_Notebook/Resazurin-Testing-Open-and-Closed-Oysters/,https://github.com/RobertsLab/project-gigas_ploidy
Resazurin testing of open and closed oysters,paper-gigas-early-gametogenic-exposure,0.2,Weak overlap: Pacific oyster (Crassostrea/Magallana gigas),https://ahuffmyer.github.io/ASH_Putnam_Lab_Notebook/Resazurin-Testing-Open-and-Closed-Oysters/,https://github.com/RobertsLab/paper-gigas-early-gametogenic-exposure
Resazurin testing of open and closed oysters,paper-gigas-DNR-proteomics,0.2,Weak overlap: Pacific oyster (Crassostrea/Magallana gigas),https://ahuffmyer.github.io/ASH_Putnam_Lab_Notebook/Resazurin-Testing-Open-and-Closed-Oysters/,https://github.com/RobertsLab/paper-gigas-DNR-proteomics
Resazurin testing of open and closed oysters,paper-gigas-metaanalysis,0.2,Weak overlap: Pacific oyster (Crassostrea/Magallana gigas),https://ahuffmyer.github.io/ASH_Putnam_Lab_Notebook/Resazurin-Testing-Open-and-Closed-Oysters/,https://github.com/RobertsLab/paper-gigas-metaanalysis
Preparing PolyIC project outplants at Point Whitney,project-gigas-conditioning,0.2,Weak overlap: Pacific oyster (Crassostrea/Magallana gigas),https://ahuffmyer.github.io/ASH_Putnam_Lab_Notebook/Preparing-polyIC-project-outplants-at-Point-Whitney/,https://github.com/RobertsLab/project-gigas-conditioning
Preparing PolyIC project outplants at Point Whitney,project-cod-temperature,0.2,Weak overlap: temperature,https://ahuffmyer.github.io/ASH_Putnam_Lab_Notebook/Preparing-polyIC-project-outplants-at-Point-Whitney/,https://github.com/RobertsLab/project-cod-temperature
Preparing PolyIC project outplants at Point Whitney,project-gigas-carryover,0.2,Weak overlap: Pacific oyster (Crassostrea/Magallana gigas),https://ahuffmyer.github.io/ASH_Putnam_Lab_Notebook/Preparing-polyIC-project-outplants-at-Point-Whitney/,https://github.com/RobertsLab/project-gigas-carryover
Preparing PolyIC project outplants at Point Whitney,pgc-edc-oyster,0.2,Weak overlap: Pacific oyster (Crassostrea/Magallana gigas),https://ahuffmyer.github.io/ASH_Putnam_Lab_Notebook/Preparing-polyIC-project-outplants-at-Point-Whitney/,https://github.com/RobertsLab/pgc-edc-oyster
Preparing PolyIC project outplants at Point Whitney,oyster-ploidy-hardening,0.2,Weak overlap: Pacific oyster (Crassostrea/Magallana gigas),https://ahuffmyer.github.io/ASH_Putnam_Lab_Notebook/Preparing-polyIC-project-outplants-at-Point-Whitney/,https://github.com/RobertsLab/oyster-ploidy-hardening
Preparing PolyIC project outplants at Point Whitney,project-gigas-oa-meth,0.2,"Weak overlap: Pacific oyster (Crassostrea/Magallana gigas), larvae",https://ahuffmyer.github.io/ASH_Putnam_Lab_Notebook/Preparing-polyIC-project-outplants-at-Point-Whitney/,https://github.com/RobertsLab/project-gigas-oa-meth
Preparing PolyIC project outplants at Point Whitney,project-gigas-ploidy-oa,0.2,Weak overlap: Pacific oyster (Crassostrea/Magallana gigas),https://ahuffmyer.github.io/ASH_Putnam_Lab_Notebook/Preparing-polyIC-project-outplants-at-Point-Whitney/,https://github.com/RobertsLab/project-gigas-ploidy-oa
Preparing PolyIC project outplants at Point Whitney,project-gigas_ploidy,0.2,Weak overlap: Pacific oyster (Crassostrea/Magallana gigas),https://ahuffmyer.github.io/ASH_Putnam_Lab_Notebook/Preparing-polyIC-project-outplants-at-Point-Whitney/,https://github.com/RobertsLab/project-gigas_ploidy
Preparing PolyIC project outplants at Point Whitney,paper-gigas-early-gametogenic-exposure,0.2,Weak overlap: Pacific oyster (Crassostrea/Magallana gigas),https://ahuffmyer.github.io/ASH_Putnam_Lab_Notebook/Preparing-polyIC-project-outplants-at-Point-Whitney/,https://github.com/RobertsLab/paper-gigas-early-gametogenic-exposure
Preparing PolyIC project outplants at Point Whitney,paper-gigas-DNR-proteomics,0.2,Weak overlap: Pacific oyster (Crassostrea/Magallana gigas),https://ahuffmyer.github.io/ASH_Putnam_Lab_Notebook/Preparing-polyIC-project-outplants-at-Point-Whitney/,https://github.com/RobertsLab/paper-gigas-DNR-proteomics
Preparing PolyIC project outplants at Point Whitney,paper-gigas-metaanalysis,0.2,Weak overlap: Pacific oyster (Crassostrea/Magallana gigas),https://ahuffmyer.github.io/ASH_Putnam_Lab_Notebook/Preparing-polyIC-project-outplants-at-Point-Whitney/,https://github.com/RobertsLab/paper-gigas-metaanalysis
VIMS Resazurin Trials Day 1,project-cod-temperature,0.2,Weak overlap: temperature,https://ahuffmyer.github.io/ASH_Putnam_Lab_Notebook/VIMS-Resazurin-Trials-Day-1/,https://github.com/RobertsLab/project-cod-temperature
VIMS Resazurin Trials Day 2,project-cod-temperature,0.2,Weak overlap: temperature,https://ahuffmyer.github.io/ASH_Putnam_Lab_Notebook/VIMS-Resazurin-Trials-Day-2/,https://github.com/RobertsLab/project-cod-temperature
July 2025 Goals,project-gigas-oa-meth,0.2,Weak overlap: larvae,https://ahuffmyer.github.io/ASH_Putnam_Lab_Notebook/July-2025-Goals/,https://github.com/RobertsLab/project-gigas-oa-meth
VIMS Resazurin Trials Day 3,project-cod-temperature,0.2,Weak overlap: temperature,https://ahuffmyer.github.io/ASH_Putnam_Lab_Notebook/VIMS-Resazurin-Trials-Day-3/,https://github.com/RobertsLab/project-cod-temperature
VIMS Resazurin Trials Day 4,10K-seed-Cgigas,0.2,Weak overlap: hardening,https://ahuffmyer.github.io/ASH_Putnam_Lab_Notebook/VIMS-Resazurin-Trials-Day-4/,https://github.com/RobertsLab/10K-seed-Cgigas
VIMS Resazurin Trials Day 4,project-cod-temperature,0.2,Weak overlap: temperature,https://ahuffmyer.github.io/ASH_Putnam_Lab_Notebook/VIMS-Resazurin-Trials-Day-4/,https://github.com/RobertsLab/project-cod-temperature
VIMS Resazurin Trials Day 4,manchester-hardening,0.2,Weak overlap: hardening,https://ahuffmyer.github.io/ASH_Putnam_Lab_Notebook/VIMS-Resazurin-Trials-Day-4/,https://github.com/RobertsLab/manchester-hardening
Outplanting PolyIC project oysters at Sequim Bay,project-gigas-conditioning,0.2,Weak overlap: Pacific oyster (Crassostrea/Magallana gigas),https://ahuffmyer.github.io/ASH_Putnam_Lab_Notebook/Outplanting-polyIC-oysters-at-Sequim-Bay/,https://github.com/RobertsLab/project-gigas-conditioning
Outplanting PolyIC project oysters at Sequim Bay,project-cod-temperature,0.2,Weak overlap: temperature,https://ahuffmyer.github.io/ASH_Putnam_Lab_Notebook/Outplanting-polyIC-oysters-at-Sequim-Bay/,https://github.com/RobertsLab/project-cod-temperature
Outplanting PolyIC project oysters at Sequim Bay,project-gigas-carryover,0.2,Weak overlap: Pacific oyster (Crassostrea/Magallana gigas),https://ahuffmyer.github.io/ASH_Putnam_Lab_Notebook/Outplanting-polyIC-oysters-at-Sequim-Bay/,https://github.com/RobertsLab/project-gigas-carryover
Outplanting PolyIC project oysters at Sequim Bay,pgc-edc-oyster,0.2,Weak overlap: Pacific oyster (Crassostrea/Magallana gigas),https://ahuffmyer.github.io/ASH_Putnam_Lab_Notebook/Outplanting-polyIC-oysters-at-Sequim-Bay/,https://github.com/RobertsLab/pgc-edc-oyster
Outplanting PolyIC project oysters at Sequim Bay,oyster-ploidy-hardening,0.2,Weak overlap: Pacific oyster (Crassostrea/Magallana gigas),https://ahuffmyer.github.io/ASH_Putnam_Lab_Notebook/Outplanting-polyIC-oysters-at-Sequim-Bay/,https://github.com/RobertsLab/oyster-ploidy-hardening
Outplanting PolyIC project oysters at Sequim Bay,project-gigas-oa-meth,0.2,"Weak overlap: Pacific oyster (Crassostrea/Magallana gigas), larvae",https://ahuffmyer.github.io/ASH_Putnam_Lab_Notebook/Outplanting-polyIC-oysters-at-Sequim-Bay/,https://github.com/RobertsLab/project-gigas-oa-meth
Outplanting PolyIC project oysters at Sequim Bay,project-gigas-ploidy-oa,0.2,Weak overlap: Pacific oyster (Crassostrea/Magallana gigas),https://ahuffmyer.github.io/ASH_Putnam_Lab_Notebook/Outplanting-polyIC-oysters-at-Sequim-Bay/,https://github.com/RobertsLab/project-gigas-ploidy-oa
Outplanting PolyIC project oysters at Sequim Bay,project-gigas_ploidy,0.2,Weak overlap: Pacific oyster (Crassostrea/Magallana gigas),https://ahuffmyer.github.io/ASH_Putnam_Lab_Notebook/Outplanting-polyIC-oysters-at-Sequim-Bay/,https://github.com/RobertsLab/project-gigas_ploidy
Outplanting PolyIC project oysters at Sequim Bay,paper-gigas-early-gametogenic-exposure,0.2,Weak overlap: Pacific oyster (Crassostrea/Magallana gigas),https://ahuffmyer.github.io/ASH_Putnam_Lab_Notebook/Outplanting-polyIC-oysters-at-Sequim-Bay/,https://github.com/RobertsLab/paper-gigas-early-gametogenic-exposure
Outplanting PolyIC project oysters at Sequim Bay,paper-gigas-DNR-proteomics,0.2,Weak overlap: Pacific oyster (Crassostrea/Magallana gigas),https://ahuffmyer.github.io/ASH_Putnam_Lab_Notebook/Outplanting-polyIC-oysters-at-Sequim-Bay/,https://github.com/RobertsLab/paper-gigas-DNR-proteomics
Outplanting PolyIC project oysters at Sequim Bay,paper-gigas-metaanalysis,0.2,Weak overlap: Pacific oyster (Crassostrea/Magallana gigas),https://ahuffmyer.github.io/ASH_Putnam_Lab_Notebook/Outplanting-polyIC-oysters-at-Sequim-Bay/,https://github.com/RobertsLab/paper-gigas-metaanalysis
Checking field outplants at Manchester,project-gigas-conditioning,0.2,Weak overlap: Pacific oyster (Crassostrea/Magallana gigas),https://ahuffmyer.github.io/ASH_Putnam_Lab_Notebook/Checking-field-outplants-at-Manchester/,https://github.com/RobertsLab/project-gigas-conditioning
Checking field outplants at Manchester,project-cod-temperature,0.2,Weak overlap: temperature,https://ahuffmyer.github.io/ASH_Putnam_Lab_Notebook/Checking-field-outplants-at-Manchester/,https://github.com/RobertsLab/project-cod-temperature
Checking field outplants at Manchester,project-gigas-carryover,0.2,Weak overlap: Pacific oyster (Crassostrea/Magallana gigas),https://ahuffmyer.github.io/ASH_Putnam_Lab_Notebook/Checking-field-outplants-at-Manchester/,https://github.com/RobertsLab/project-gigas-carryover
Checking field outplants at Manchester,pgc-edc-oyster,0.2,Weak overlap: Pacific oyster (Crassostrea/Magallana gigas),https://ahuffmyer.github.io/ASH_Putnam_Lab_Notebook/Checking-field-outplants-at-Manchester/,https://github.com/RobertsLab/pgc-edc-oyster
Checking field outplants at Manchester,project-gigas-oa-meth,0.2,Weak overlap: Pacific oyster (Crassostrea/Magallana gigas),https://ahuffmyer.github.io/ASH_Putnam_Lab_Notebook/Checking-field-outplants-at-Manchester/,https://github.com/RobertsLab/project-gigas-oa-meth
Checking field outplants at Manchester,project-gigas-ploidy-oa,0.2,Weak overlap: Pacific oyster (Crassostrea/Magallana gigas),https://ahuffmyer.github.io/ASH_Putnam_Lab_Notebook/Checking-field-outplants-at-Manchester/,https://github.com/RobertsLab/project-gigas-ploidy-oa
Checking field outplants at Manchester,project-gigas_ploidy,0.2,Weak overlap: Pacific oyster (Crassostrea/Magallana gigas),https://ahuffmyer.github.io/ASH_Putnam_Lab_Notebook/Checking-field-outplants-at-Manchester/,https://github.com/RobertsLab/project-gigas_ploidy
Checking field outplants at Manchester,paper-gigas-early-gametogenic-exposure,0.2,Weak overlap: Pacific oyster (Crassostrea/Magallana gigas),https://ahuffmyer.github.io/ASH_Putnam_Lab_Notebook/Checking-field-outplants-at-Manchester/,https://github.com/RobertsLab/paper-gigas-early-gametogenic-exposure
Checking field outplants at Manchester,paper-gigas-DNR-proteomics,0.2,Weak overlap: Pacific oyster (Crassostrea/Magallana gigas),https://ahuffmyer.github.io/ASH_Putnam_Lab_Notebook/Checking-field-outplants-at-Manchester/,https://github.com/RobertsLab/paper-gigas-DNR-proteomics
Checking field outplants at Manchester,paper-gigas-metaanalysis,0.2,Weak overlap: Pacific oyster (Crassostrea/Magallana gigas),https://ahuffmyer.github.io/ASH_Putnam_Lab_Notebook/Checking-field-outplants-at-Manchester/,https://github.com/RobertsLab/paper-gigas-metaanalysis
Resazurin measurements for oyster oxgen correlations,project-gigas-conditioning,0.2,Weak overlap: Pacific oyster (Crassostrea/Magallana gigas),https://ahuffmyer.github.io/ASH_Putnam_Lab_Notebook/Resazurin-Measurements-for-Oyster-Oxygen-Correlations/,https://github.com/RobertsLab/project-gigas-conditioning
Resazurin measurements for oyster oxgen correlations,project-cod-temperature,0.2,Weak overlap: temperature,https://ahuffmyer.github.io/ASH_Putnam_Lab_Notebook/Resazurin-Measurements-for-Oyster-Oxygen-Correlations/,https://github.com/RobertsLab/project-cod-temperature
Resazurin measurements for oyster oxgen correlations,project-gigas-carryover,0.2,Weak overlap: Pacific oyster (Crassostrea/Magallana gigas),https://ahuffmyer.github.io/ASH_Putnam_Lab_Notebook/Resazurin-Measurements-for-Oyster-Oxygen-Correlations/,https://github.com/RobertsLab/project-gigas-carryover
Resazurin measurements for oyster oxgen correlations,pgc-edc-oyster,0.2,Weak overlap: Pacific oyster (Crassostrea/Magallana gigas),https://ahuffmyer.github.io/ASH_Putnam_Lab_Notebook/Resazurin-Measurements-for-Oyster-Oxygen-Correlations/,https://github.com/RobertsLab/pgc-edc-oyster
Resazurin measurements for oyster oxgen correlations,oyster-ploidy-hardening,0.2,Weak overlap: Pacific oyster (Crassostrea/Magallana gigas),https://ahuffmyer.github.io/ASH_Putnam_Lab_Notebook/Resazurin-Measurements-for-Oyster-Oxygen-Correlations/,https://github.com/RobertsLab/oyster-ploidy-hardening
Resazurin measurements for oyster oxgen correlations,project-gigas-oa-meth,0.2,Weak overlap: Pacific oyster (Crassostrea/Magallana gigas),https://ahuffmyer.github.io/ASH_Putnam_Lab_Notebook/Resazurin-Measurements-for-Oyster-Oxygen-Correlations/,https://github.com/RobertsLab/project-gigas-oa-meth
Resazurin measurements for oyster oxgen correlations,project-gigas-ploidy-oa,0.2,Weak overlap: Pacific oyster (Crassostrea/Magallana gigas),https://ahuffmyer.github.io/ASH_Putnam_Lab_Notebook/Resazurin-Measurements-for-Oyster-Oxygen-Correlations/,https://github.com/RobertsLab/project-gigas-ploidy-oa
Resazurin measurements for oyster oxgen correlations,project-gigas_ploidy,0.2,Weak overlap: Pacific oyster (Crassostrea/Magallana gigas),https://ahuffmyer.github.io/ASH_Putnam_Lab_Notebook/Resazurin-Measurements-for-Oyster-Oxygen-Correlations/,https://github.com/RobertsLab/project-gigas_ploidy
Resazurin measurements for oyster oxgen correlations,paper-gigas-early-gametogenic-exposure,0.2,Weak overlap: Pacific oyster (Crassostrea/Magallana gigas),https://ahuffmyer.github.io/ASH_Putnam_Lab_Notebook/Resazurin-Measurements-for-Oyster-Oxygen-Correlations/,https://github.com/RobertsLab/paper-gigas-early-gametogenic-exposure
Resazurin measurements for oyster oxgen correlations,paper-gigas-DNR-proteomics,0.2,Weak overlap: Pacific oyster (Crassostrea/Magallana gigas),https://ahuffmyer.github.io/ASH_Putnam_Lab_Notebook/Resazurin-Measurements-for-Oyster-Oxygen-Correlations/,https://github.com/RobertsLab/paper-gigas-DNR-proteomics
Resazurin measurements for oyster oxgen correlations,paper-gigas-metaanalysis,0.2,Weak overlap: Pacific oyster (Crassostrea/Magallana gigas),https://ahuffmyer.github.io/ASH_Putnam_Lab_Notebook/Resazurin-Measurements-for-Oyster-Oxygen-Correlations/,https://github.com/RobertsLab/paper-gigas-metaanalysis
Oxygen measurements for oyster oxgen-resazurin correlations,project-gigas-conditioning,0.2,Weak overlap: Pacific oyster (Crassostrea/Magallana gigas),https://ahuffmyer.github.io/ASH_Putnam_Lab_Notebook/Oxygen-Measurements-for-Oyster-Resazurin-Correlations/,https://github.com/RobertsLab/project-gigas-conditioning
Oxygen measurements for oyster oxgen-resazurin correlations,project-cod-temperature,0.2,Weak overlap: temperature,https://ahuffmyer.github.io/ASH_Putnam_Lab_Notebook/Oxygen-Measurements-for-Oyster-Resazurin-Correlations/,https://github.com/RobertsLab/project-cod-temperature
Oxygen measurements for oyster oxgen-resazurin correlations,project-gigas-carryover,0.2,Weak overlap: Pacific oyster (Crassostrea/Magallana gigas),https://ahuffmyer.github.io/ASH_Putnam_Lab_Notebook/Oxygen-Measurements-for-Oyster-Resazurin-Correlations/,https://github.com/RobertsLab/project-gigas-carryover
Oxygen measurements for oyster oxgen-resazurin correlations,pgc-edc-oyster,0.2,Weak overlap: Pacific oyster (Crassostrea/Magallana gigas),https://ahuffmyer.github.io/ASH_Putnam_Lab_Notebook/Oxygen-Measurements-for-Oyster-Resazurin-Correlations/,https://github.com/RobertsLab/pgc-edc-oyster
Oxygen measurements for oyster oxgen-resazurin correlations,oyster-ploidy-hardening,0.2,Weak overlap: Pacific oyster (Crassostrea/Magallana gigas),https://ahuffmyer.github.io/ASH_Putnam_Lab_Notebook/Oxygen-Measurements-for-Oyster-Resazurin-Correlations/,https://github.com/RobertsLab/oyster-ploidy-hardening
Oxygen measurements for oyster oxgen-resazurin correlations,project-gigas-oa-meth,0.2,Weak overlap: Pacific oyster (Crassostrea/Magallana gigas),https://ahuffmyer.github.io/ASH_Putnam_Lab_Notebook/Oxygen-Measurements-for-Oyster-Resazurin-Correlations/,https://github.com/RobertsLab/project-gigas-oa-meth
Oxygen measurements for oyster oxgen-resazurin correlations,project-gigas-ploidy-oa,0.2,Weak overlap: Pacific oyster (Crassostrea/Magallana gigas),https://ahuffmyer.github.io/ASH_Putnam_Lab_Notebook/Oxygen-Measurements-for-Oyster-Resazurin-Correlations/,https://github.com/RobertsLab/project-gigas-ploidy-oa
Oxygen measurements for oyster oxgen-resazurin correlations,project-gigas_ploidy,0.2,Weak overlap: Pacific oyster (Crassostrea/Magallana gigas),https://ahuffmyer.github.io/ASH_Putnam_Lab_Notebook/Oxygen-Measurements-for-Oyster-Resazurin-Correlations/,https://github.com/RobertsLab/project-gigas_ploidy
Oxygen measurements for oyster oxgen-resazurin correlations,paper-gigas-early-gametogenic-exposure,0.2,Weak overlap: Pacific oyster (Crassostrea/Magallana gigas),https://ahuffmyer.github.io/ASH_Putnam_Lab_Notebook/Oxygen-Measurements-for-Oyster-Resazurin-Correlations/,https://github.com/RobertsLab/paper-gigas-early-gametogenic-exposure
Oxygen measurements for oyster oxgen-resazurin correlations,paper-gigas-DNR-proteomics,0.2,Weak overlap: Pacific oyster (Crassostrea/Magallana gigas),https://ahuffmyer.github.io/ASH_Putnam_Lab_Notebook/Oxygen-Measurements-for-Oyster-Resazurin-Correlations/,https://github.com/RobertsLab/paper-gigas-DNR-proteomics
Oxygen measurements for oyster oxgen-resazurin correlations,paper-gigas-metaanalysis,0.2,Weak overlap: Pacific oyster (Crassostrea/Magallana gigas),https://ahuffmyer.github.io/ASH_Putnam_Lab_Notebook/Oxygen-Measurements-for-Oyster-Resazurin-Correlations/,https://github.com/RobertsLab/paper-gigas-metaanalysis
Oyster oxygen-resazurin correlations Round 2,project-gigas-conditioning,0.2,Weak overlap: Pacific oyster (Crassostrea/Magallana gigas),https://ahuffmyer.github.io/ASH_Putnam_Lab_Notebook/Oyster-Oxygen-Resazurin-Correlations-Round-2/,https://github.com/RobertsLab/project-gigas-conditioning
Oyster oxygen-resazurin correlations Round 2,project-gigas-carryover,0.2,Weak overlap: Pacific oyster (Crassostrea/Magallana gigas),https://ahuffmyer.github.io/ASH_Putnam_Lab_Notebook/Oyster-Oxygen-Resazurin-Correlations-Round-2/,https://github.com/RobertsLab/project-gigas-carryover
Oyster oxygen-resazurin correlations Round 2,pgc-edc-oyster,0.2,Weak overlap: Pacific oyster (Crassostrea/Magallana gigas),https://ahuffmyer.github.io/ASH_Putnam_Lab_Notebook/Oyster-Oxygen-Resazurin-Correlations-Round-2/,https://github.com/RobertsLab/pgc-edc-oyster
Oyster oxygen-resazurin correlations Round 2,oyster-ploidy-hardening,0.2,Weak overlap: Pacific oyster (Crassostrea/Magallana gigas),https://ahuffmyer.github.io/ASH_Putnam_Lab_Notebook/Oyster-Oxygen-Resazurin-Correlations-Round-2/,https://github.com/RobertsLab/oyster-ploidy-hardening
Oyster oxygen-resazurin correlations Round 2,project-gigas-oa-meth,0.2,Weak overlap: Pacific oyster (Crassostrea/Magallana gigas),https://ahuffmyer.github.io/ASH_Putnam_Lab_Notebook/Oyster-Oxygen-Resazurin-Correlations-Round-2/,https://github.com/RobertsLab/project-gigas-oa-meth
Oyster oxygen-resazurin correlations Round 2,project-gigas-ploidy-oa,0.2,Weak overlap: Pacific oyster (Crassostrea/Magallana gigas),https://ahuffmyer.github.io/ASH_Putnam_Lab_Notebook/Oyster-Oxygen-Resazurin-Correlations-Round-2/,https://github.com/RobertsLab/project-gigas-ploidy-oa
Oyster oxygen-resazurin correlations Round 2,project-gigas_ploidy,0.2,Weak overlap: Pacific oyster (Crassostrea/Magallana gigas),https://ahuffmyer.github.io/ASH_Putnam_Lab_Notebook/Oyster-Oxygen-Resazurin-Correlations-Round-2/,https://github.com/RobertsLab/project-gigas_ploidy
Oyster oxygen-resazurin correlations Round 2,paper-gigas-early-gametogenic-exposure,0.2,Weak overlap: Pacific oyster (Crassostrea/Magallana gigas),https://ahuffmyer.github.io/ASH_Putnam_Lab_Notebook/Oyster-Oxygen-Resazurin-Correlations-Round-2/,https://github.com/RobertsLab/paper-gigas-early-gametogenic-exposure
Oyster oxygen-resazurin correlations Round 2,paper-gigas-DNR-proteomics,0.2,Weak overlap: Pacific oyster (Crassostrea/Magallana gigas),https://ahuffmyer.github.io/ASH_Putnam_Lab_Notebook/Oyster-Oxygen-Resazurin-Correlations-Round-2/,https://github.com/RobertsLab/paper-gigas-DNR-proteomics
Oyster oxygen-resazurin correlations Round 2,paper-gigas-metaanalysis,0.2,Weak overlap: Pacific oyster (Crassostrea/Magallana gigas),https://ahuffmyer.github.io/ASH_Putnam_Lab_Notebook/Oyster-Oxygen-Resazurin-Correlations-Round-2/,https://github.com/RobertsLab/paper-gigas-metaanalysis
August 2025 Goals,10K-seed-Cgigas,0.2,Weak overlap: hardening,https://ahuffmyer.github.io/ASH_Putnam_Lab_Notebook/August-2025-Goals/,https://github.com/RobertsLab/10K-seed-Cgigas
August 2025 Goals,project-gigas-carryover,0.2,Weak overlap: aquaculture,https://ahuffmyer.github.io/ASH_Putnam_Lab_Notebook/August-2025-Goals/,https://github.com/RobertsLab/project-gigas-carryover
August 2025 Goals,project-sc-RNAseq,0.2,Weak overlap: RNA-seq,https://ahuffmyer.github.io/ASH_Putnam_Lab_Notebook/August-2025-Goals/,https://github.com/RobertsLab/project-sc-RNAseq
Coral Metabolomics Extraction Protocol for 2023 Moorea Project,polyIC-larvae,0.2,Weak overlap: larvae,https://ahuffmyer.github.io/ASH_Putnam_Lab_Notebook/Coral-Metabolomics-Extraction-Protocol-for-2023-Moorea-Project/,https://github.com/RobertsLab/polyIC-larvae
Coral Metabolomics Extraction Protocol for 2023 Moorea Project,project-gigas-oa-meth,0.2,Weak overlap: larvae,https://ahuffmyer.github.io/ASH_Putnam_Lab_Notebook/Coral-Metabolomics-Extraction-Protocol-for-2023-Moorea-Project/,https://github.com/RobertsLab/project-gigas-oa-meth
Coral Metabolomics Extraction Protocol for 2023 Moorea Project,project-pacific.oyster-larvae,0.2,Weak overlap: larvae,https://ahuffmyer.github.io/ASH_Putnam_Lab_Notebook/Coral-Metabolomics-Extraction-Protocol-for-2023-Moorea-Project/,https://github.com/RobertsLab/project-pacific.oyster-larvae
Locating outplants at Baywater,project-gigas-conditioning,0.2,Weak overlap: Pacific oyster (Crassostrea/Magallana gigas),https://ahuffmyer.github.io/ASH_Putnam_Lab_Notebook/Locating-outplants-at-Baywater/,https://github.com/RobertsLab/project-gigas-conditioning
Locating outplants at Baywater,project-cod-temperature,0.2,Weak overlap: temperature,https://ahuffmyer.github.io/ASH_Putnam_Lab_Notebook/Locating-outplants-at-Baywater/,https://github.com/RobertsLab/project-cod-temperature
Locating outplants at Baywater,manchester-hardening,0.2,Weak overlap: hardening,https://ahuffmyer.github.io/ASH_Putnam_Lab_Notebook/Locating-outplants-at-Baywater/,https://github.com/RobertsLab/manchester-hardening
Locating outplants at Baywater,project-gigas-carryover,0.2,Weak overlap: Pacific oyster (Crassostrea/Magallana gigas),https://ahuffmyer.github.io/ASH_Putnam_Lab_Notebook/Locating-outplants-at-Baywater/,https://github.com/RobertsLab/project-gigas-carryover
Locating outplants at Baywater,pgc-edc-oyster,0.2,Weak overlap: Pacific oyster (Crassostrea/Magallana gigas),https://ahuffmyer.github.io/ASH_Putnam_Lab_Notebook/Locating-outplants-at-Baywater/,https://github.com/RobertsLab/pgc-edc-oyster
Locating outplants at Baywater,project-gigas-oa-meth,0.2,Weak overlap: Pacific oyster (Crassostrea/Magallana gigas),https://ahuffmyer.github.io/ASH_Putnam_Lab_Notebook/Locating-outplants-at-Baywater/,https://github.com/RobertsLab/project-gigas-oa-meth
Locating outplants at Baywater,project-gigas-ploidy-oa,0.2,Weak overlap: Pacific oyster (Crassostrea/Magallana gigas),https://ahuffmyer.github.io/ASH_Putnam_Lab_Notebook/Locating-outplants-at-Baywater/,https://github.com/RobertsLab/project-gigas-ploidy-oa
Locating outplants at Baywater,project-gigas_ploidy,0.2,Weak overlap: Pacific oyster (Crassostrea/Magallana gigas),https://ahuffmyer.github.io/ASH_Putnam_Lab_Notebook/Locating-outplants-at-Baywater/,https://github.com/RobertsLab/project-gigas_ploidy
Locating outplants at Baywater,paper-gigas-early-gametogenic-exposure,0.2,Weak overlap: Pacific oyster (Crassostrea/Magallana gigas),https://ahuffmyer.github.io/ASH_Putnam_Lab_Notebook/Locating-outplants-at-Baywater/,https://github.com/RobertsLab/paper-gigas-early-gametogenic-exposure
Locating outplants at Baywater,paper-gigas-DNR-proteomics,0.2,Weak overlap: Pacific oyster (Crassostrea/Magallana gigas),https://ahuffmyer.github.io/ASH_Putnam_Lab_Notebook/Locating-outplants-at-Baywater/,https://github.com/RobertsLab/paper-gigas-DNR-proteomics
Locating outplants at Baywater,paper-gigas-metaanalysis,0.2,Weak overlap: Pacific oyster (Crassostrea/Magallana gigas),https://ahuffmyer.github.io/ASH_Putnam_Lab_Notebook/Locating-outplants-at-Baywater/,https://github.com/RobertsLab/paper-gigas-metaanalysis
Coral Metabolomics Extraction Log for Moorea 2023 Project,polyIC-larvae,0.2,Weak overlap: larvae,https://ahuffmyer.github.io/ASH_Putnam_Lab_Notebook/Coral-Metabolomics-Moorea-2023-Extraction-Log/,https://github.com/RobertsLab/polyIC-larvae
Coral Metabolomics Extraction Log for Moorea 2023 Project,project-gigas-oa-meth,0.2,Weak overlap: larvae,https://ahuffmyer.github.io/ASH_Putnam_Lab_Notebook/Coral-Metabolomics-Moorea-2023-Extraction-Log/,https://github.com/RobertsLab/project-gigas-oa-meth
Coral Metabolomics Extraction Log for Moorea 2023 Project,project-pacific.oyster-larvae,0.2,Weak overlap: larvae,https://ahuffmyer.github.io/ASH_Putnam_Lab_Notebook/Coral-Metabolomics-Moorea-2023-Extraction-Log/,https://github.com/RobertsLab/project-pacific.oyster-larvae
VIMS Ploidy Resazurin Trials,project-cod-temperature,0.2,Weak overlap: temperature,https://ahuffmyer.github.io/ASH_Putnam_Lab_Notebook/VIMS-Ploidy-Resazurin-Trials/,https://github.com/RobertsLab/project-cod-temperature
VIMS Ploidy Resazurin Trials,project-gigas-ploidy-oa,0.2,Weak overlap: ploidy,https://ahuffmyer.github.io/ASH_Putnam_Lab_Notebook/VIMS-Ploidy-Resazurin-Trials/,https://github.com/RobertsLab/project-gigas-ploidy-oa
VIMS Ploidy Resazurin Trials,project-gigas_ploidy,0.2,"Weak overlap: diploid, ploidy, triploid",https://ahuffmyer.github.io/ASH_Putnam_Lab_Notebook/VIMS-Ploidy-Resazurin-Trials/,https://github.com/RobertsLab/project-gigas_ploidy
Baywater Outplant Assessments and Deployments 20 August 2025,project-gigas-conditioning,0.2,Weak overlap: Pacific oyster (Crassostrea/Magallana gigas),https://ahuffmyer.github.io/ASH_Putnam_Lab_Notebook/Baywater-Outplant-Asssessments-20-August-2025/,https://github.com/RobertsLab/project-gigas-conditioning
Baywater Outplant Assessments and Deployments 20 August 2025,project-gigas-carryover,0.2,Weak overlap: Pacific oyster (Crassostrea/Magallana gigas),https://ahuffmyer.github.io/ASH_Putnam_Lab_Notebook/Baywater-Outplant-Asssessments-20-August-2025/,https://github.com/RobertsLab/project-gigas-carryover
Baywater Outplant Assessments and Deployments 20 August 2025,pgc-edc-oyster,0.2,Weak overlap: Pacific oyster (Crassostrea/Magallana gigas),https://ahuffmyer.github.io/ASH_Putnam_Lab_Notebook/Baywater-Outplant-Asssessments-20-August-2025/,https://github.com/RobertsLab/pgc-edc-oyster
Baywater Outplant Assessments and Deployments 20 August 2025,oyster-ploidy-hardening,0.2,Weak overlap: Pacific oyster (Crassostrea/Magallana gigas),https://ahuffmyer.github.io/ASH_Putnam_Lab_Notebook/Baywater-Outplant-Asssessments-20-August-2025/,https://github.com/RobertsLab/oyster-ploidy-hardening
Baywater Outplant Assessments and Deployments 20 August 2025,project-gigas-oa-meth,0.2,"Weak overlap: Pacific oyster (Crassostrea/Magallana gigas), larvae",https://ahuffmyer.github.io/ASH_Putnam_Lab_Notebook/Baywater-Outplant-Asssessments-20-August-2025/,https://github.com/RobertsLab/project-gigas-oa-meth
Baywater Outplant Assessments and Deployments 20 August 2025,project-gigas-ploidy-oa,0.2,Weak overlap: Pacific oyster (Crassostrea/Magallana gigas),https://ahuffmyer.github.io/ASH_Putnam_Lab_Notebook/Baywater-Outplant-Asssessments-20-August-2025/,https://github.com/RobertsLab/project-gigas-ploidy-oa
Baywater Outplant Assessments and Deployments 20 August 2025,project-gigas_ploidy,0.2,Weak overlap: Pacific oyster (Crassostrea/Magallana gigas),https://ahuffmyer.github.io/ASH_Putnam_Lab_Notebook/Baywater-Outplant-Asssessments-20-August-2025/,https://github.com/RobertsLab/project-gigas_ploidy
Baywater Outplant Assessments and Deployments 20 August 2025,paper-gigas-early-gametogenic-exposure,0.2,Weak overlap: Pacific oyster (Crassostrea/Magallana gigas),https://ahuffmyer.github.io/ASH_Putnam_Lab_Notebook/Baywater-Outplant-Asssessments-20-August-2025/,https://github.com/RobertsLab/paper-gigas-early-gametogenic-exposure
Baywater Outplant Assessments and Deployments 20 August 2025,paper-gigas-DNR-proteomics,0.2,Weak overlap: Pacific oyster (Crassostrea/Magallana gigas),https://ahuffmyer.github.io/ASH_Putnam_Lab_Notebook/Baywater-Outplant-Asssessments-20-August-2025/,https://github.com/RobertsLab/paper-gigas-DNR-proteomics
Baywater Outplant Assessments and Deployments 20 August 2025,paper-gigas-metaanalysis,0.2,Weak overlap: Pacific oyster (Crassostrea/Magallana gigas),https://ahuffmyer.github.io/ASH_Putnam_Lab_Notebook/Baywater-Outplant-Asssessments-20-August-2025/,https://github.com/RobertsLab/paper-gigas-metaanalysis
Baywater 10K Seed Outplant Survival,project-gigas-conditioning,0.2,Weak overlap: Pacific oyster (Crassostrea/Magallana gigas),https://ahuffmyer.github.io/ASH_Putnam_Lab_Notebook/Baywater-10K-Seed-Outplant-Survival/,https://github.com/RobertsLab/project-gigas-conditioning
Baywater 10K Seed Outplant Survival,project-cod-temperature,0.2,Weak overlap: temperature,https://ahuffmyer.github.io/ASH_Putnam_Lab_Notebook/Baywater-10K-Seed-Outplant-Survival/,https://github.com/RobertsLab/project-cod-temperature
Baywater 10K Seed Outplant Survival,manchester-hardening,0.2,Weak overlap: hardening,https://ahuffmyer.github.io/ASH_Putnam_Lab_Notebook/Baywater-10K-Seed-Outplant-Survival/,https://github.com/RobertsLab/manchester-hardening
Baywater 10K Seed Outplant Survival,project-gigas-carryover,0.2,Weak overlap: Pacific oyster (Crassostrea/Magallana gigas),https://ahuffmyer.github.io/ASH_Putnam_Lab_Notebook/Baywater-10K-Seed-Outplant-Survival/,https://github.com/RobertsLab/project-gigas-carryover
Baywater 10K Seed Outplant Survival,pgc-edc-oyster,0.2,Weak overlap: Pacific oyster (Crassostrea/Magallana gigas),https://ahuffmyer.github.io/ASH_Putnam_Lab_Notebook/Baywater-10K-Seed-Outplant-Survival/,https://github.com/RobertsLab/pgc-edc-oyster
Baywater 10K Seed Outplant Survival,project-gigas-oa-meth,0.2,Weak overlap: Pacific oyster (Crassostrea/Magallana gigas),https://ahuffmyer.github.io/ASH_Putnam_Lab_Notebook/Baywater-10K-Seed-Outplant-Survival/,https://github.com/RobertsLab/project-gigas-oa-meth
Baywater 10K Seed Outplant Survival,project-gigas-ploidy-oa,0.2,Weak overlap: Pacific oyster (Crassostrea/Magallana gigas),https://ahuffmyer.github.io/ASH_Putnam_Lab_Notebook/Baywater-10K-Seed-Outplant-Survival/,https://github.com/RobertsLab/project-gigas-ploidy-oa
Baywater 10K Seed Outplant Survival,project-gigas_ploidy,0.2,Weak overlap: Pacific oyster (Crassostrea/Magallana gigas),https://ahuffmyer.github.io/ASH_Putnam_Lab_Notebook/Baywater-10K-Seed-Outplant-Survival/,https://github.com/RobertsLab/project-gigas_ploidy
Baywater 10K Seed Outplant Survival,paper-gigas-early-gametogenic-exposure,0.2,Weak overlap: Pacific oyster (Crassostrea/Magallana gigas),https://ahuffmyer.github.io/ASH_Putnam_Lab_Notebook/Baywater-10K-Seed-Outplant-Survival/,https://github.com/RobertsLab/paper-gigas-early-gametogenic-exposure
Baywater 10K Seed Outplant Survival,paper-gigas-DNR-proteomics,0.2,Weak overlap: Pacific oyster (Crassostrea/Magallana gigas),https://ahuffmyer.github.io/ASH_Putnam_Lab_Notebook/Baywater-10K-Seed-Outplant-Survival/,https://github.com/RobertsLab/paper-gigas-DNR-proteomics
Baywater 10K Seed Outplant Survival,paper-gigas-metaanalysis,0.2,Weak overlap: Pacific oyster (Crassostrea/Magallana gigas),https://ahuffmyer.github.io/ASH_Putnam_Lab_Notebook/Baywater-10K-Seed-Outplant-Survival/,https://github.com/RobertsLab/paper-gigas-metaanalysis
Goose Point Outplant Assessments 25 August 2025,project-cod-temperature,0.2,Weak overlap: temperature,https://ahuffmyer.github.io/ASH_Putnam_Lab_Notebook/Goose-Point-Outplant-Asssessments-25-August-2025/,https://github.com/RobertsLab/project-cod-temperature
Goose Point Outplant Assessments 25 August 2025,manchester-hardening,0.2,Weak overlap: hardening,https://ahuffmyer.github.io/ASH_Putnam_Lab_Notebook/Goose-Point-Outplant-Asssessments-25-August-2025/,https://github.com/RobertsLab/manchester-hardening
Goose Point Outplant Assessments 25 August 2025,project-gigas-carryover,0.2,Weak overlap: Pacific oyster (Crassostrea/Magallana gigas),https://ahuffmyer.github.io/ASH_Putnam_Lab_Notebook/Goose-Point-Outplant-Asssessments-25-August-2025/,https://github.com/RobertsLab/project-gigas-carryover
Goose Point Outplant Assessments 25 August 2025,pgc-edc-oyster,0.2,Weak overlap: Pacific oyster (Crassostrea/Magallana gigas),https://ahuffmyer.github.io/ASH_Putnam_Lab_Notebook/Goose-Point-Outplant-Asssessments-25-August-2025/,https://github.com/RobertsLab/pgc-edc-oyster
Goose Point Outplant Assessments 25 August 2025,project-gigas-oa-meth,0.2,Weak overlap: Pacific oyster (Crassostrea/Magallana gigas),https://ahuffmyer.github.io/ASH_Putnam_Lab_Notebook/Goose-Point-Outplant-Asssessments-25-August-2025/,https://github.com/RobertsLab/project-gigas-oa-meth
Goose Point Outplant Assessments 25 August 2025,project-gigas-ploidy-oa,0.2,Weak overlap: Pacific oyster (Crassostrea/Magallana gigas),https://ahuffmyer.github.io/ASH_Putnam_Lab_Notebook/Goose-Point-Outplant-Asssessments-25-August-2025/,https://github.com/RobertsLab/project-gigas-ploidy-oa
Goose Point Outplant Assessments 25 August 2025,project-gigas_ploidy,0.2,Weak overlap: Pacific oyster (Crassostrea/Magallana gigas),https://ahuffmyer.github.io/ASH_Putnam_Lab_Notebook/Goose-Point-Outplant-Asssessments-25-August-2025/,https://github.com/RobertsLab/project-gigas_ploidy
Goose Point Outplant Assessments 25 August 2025,paper-gigas-early-gametogenic-exposure,0.2,Weak overlap: Pacific oyster (Crassostrea/Magallana gigas),https://ahuffmyer.github.io/ASH_Putnam_Lab_Notebook/Goose-Point-Outplant-Asssessments-25-August-2025/,https://github.com/RobertsLab/paper-gigas-early-gametogenic-exposure
Goose Point Outplant Assessments 25 August 2025,paper-gigas-DNR-proteomics,0.2,Weak overlap: Pacific oyster (Crassostrea/Magallana gigas),https://ahuffmyer.github.io/ASH_Putnam_Lab_Notebook/Goose-Point-Outplant-Asssessments-25-August-2025/,https://github.com/RobertsLab/paper-gigas-DNR-proteomics
Goose Point Outplant Assessments 25 August 2025,paper-gigas-metaanalysis,0.2,Weak overlap: Pacific oyster (Crassostrea/Magallana gigas),https://ahuffmyer.github.io/ASH_Putnam_Lab_Notebook/Goose-Point-Outplant-Asssessments-25-August-2025/,https://github.com/RobertsLab/paper-gigas-metaanalysis
VIMS Ploidy Resazurin Trials - Round 2,project-gigas-ploidy-oa,0.2,Weak overlap: ploidy,https://ahuffmyer.github.io/ASH_Putnam_Lab_Notebook/VIMS-Ploidy-Resazurin-Trials-Part-2/,https://github.com/RobertsLab/project-gigas-ploidy-oa
VIMS Ploidy Resazurin Trials - Round 2,project-gigas_ploidy,0.2,"Weak overlap: diploid, ploidy, triploid",https://ahuffmyer.github.io/ASH_Putnam_Lab_Notebook/VIMS-Ploidy-Resazurin-Trials-Part-2/,https://github.com/RobertsLab/project-gigas_ploidy
Resazurin family screening with Taylor Shelfish,project-gigas-conditioning,0.2,Weak overlap: Pacific oyster (Crassostrea/Magallana gigas),https://ahuffmyer.github.io/ASH_Putnam_Lab_Notebook/Resazurin-Family-Screening-Taylor-Shellfish/,https://github.com/RobertsLab/project-gigas-conditioning
Resazurin family screening with Taylor Shelfish,project-cod-temperature,0.2,Weak overlap: temperature,https://ahuffmyer.github.io/ASH_Putnam_Lab_Notebook/Resazurin-Family-Screening-Taylor-Shellfish/,https://github.com/RobertsLab/project-cod-temperature
Resazurin family screening with Taylor Shelfish,project-gigas-carryover,0.2,Weak overlap: Pacific oyster (Crassostrea/Magallana gigas),https://ahuffmyer.github.io/ASH_Putnam_Lab_Notebook/Resazurin-Family-Screening-Taylor-Shellfish/,https://github.com/RobertsLab/project-gigas-carryover
Resazurin family screening with Taylor Shelfish,pgc-edc-oyster,0.2,Weak overlap: Pacific oyster (Crassostrea/Magallana gigas),https://ahuffmyer.github.io/ASH_Putnam_Lab_Notebook/Resazurin-Family-Screening-Taylor-Shellfish/,https://github.com/RobertsLab/pgc-edc-oyster
Resazurin family screening with Taylor Shelfish,oyster-ploidy-hardening,0.2,Weak overlap: Pacific oyster (Crassostrea/Magallana gigas),https://ahuffmyer.github.io/ASH_Putnam_Lab_Notebook/Resazurin-Family-Screening-Taylor-Shellfish/,https://github.com/RobertsLab/oyster-ploidy-hardening
Resazurin family screening with Taylor Shelfish,project-gigas-oa-meth,0.2,Weak overlap: Pacific oyster (Crassostrea/Magallana gigas),https://ahuffmyer.github.io/ASH_Putnam_Lab_Notebook/Resazurin-Family-Screening-Taylor-Shellfish/,https://github.com/RobertsLab/project-gigas-oa-meth
Resazurin family screening with Taylor Shelfish,project-gigas-ploidy-oa,0.2,Weak overlap: Pacific oyster (Crassostrea/Magallana gigas),https://ahuffmyer.github.io/ASH_Putnam_Lab_Notebook/Resazurin-Family-Screening-Taylor-Shellfish/,https://github.com/RobertsLab/project-gigas-ploidy-oa
Resazurin family screening with Taylor Shelfish,project-gigas_ploidy,0.2,Weak overlap: Pacific oyster (Crassostrea/Magallana gigas),https://ahuffmyer.github.io/ASH_Putnam_Lab_Notebook/Resazurin-Family-Screening-Taylor-Shellfish/,https://github.com/RobertsLab/project-gigas_ploidy
Resazurin family screening with Taylor Shelfish,paper-gigas-early-gametogenic-exposure,0.2,Weak overlap: Pacific oyster (Crassostrea/Magallana gigas),https://ahuffmyer.github.io/ASH_Putnam_Lab_Notebook/Resazurin-Family-Screening-Taylor-Shellfish/,https://github.com/RobertsLab/paper-gigas-early-gametogenic-exposure
Resazurin family screening with Taylor Shelfish,paper-gigas-DNR-proteomics,0.2,Weak overlap: Pacific oyster (Crassostrea/Magallana gigas),https://ahuffmyer.github.io/ASH_Putnam_Lab_Notebook/Resazurin-Family-Screening-Taylor-Shellfish/,https://github.com/RobertsLab/paper-gigas-DNR-proteomics
Resazurin family screening with Taylor Shelfish,paper-gigas-metaanalysis,0.2,Weak overlap: Pacific oyster (Crassostrea/Magallana gigas),https://ahuffmyer.github.io/ASH_Putnam_Lab_Notebook/Resazurin-Family-Screening-Taylor-Shellfish/,https://github.com/RobertsLab/paper-gigas-metaanalysis
September 2025 Goals,10K-seed-Cgigas,0.2,Weak overlap: hardening,https://ahuffmyer.github.io/ASH_Putnam_Lab_Notebook/September-2025-Goals/,https://github.com/RobertsLab/10K-seed-Cgigas
September 2025 Goals,project-gigas-carryover,0.2,Weak overlap: aquaculture,https://ahuffmyer.github.io/ASH_Putnam_Lab_Notebook/September-2025-Goals/,https://github.com/RobertsLab/project-gigas-carryover
September 2025 Goals,project-sc-RNAseq,0.2,Weak overlap: RNA-seq,https://ahuffmyer.github.io/ASH_Putnam_Lab_Notebook/September-2025-Goals/,https://github.com/RobertsLab/project-sc-RNAseq
Goose Point Oyster Summer Year 2 Assessment Analysis,project-cod-temperature,0.2,Weak overlap: temperature,https://ahuffmyer.github.io/ASH_Putnam_Lab_Notebook/Goose-Point-Outplant-Growth-Analysis/,https://github.com/RobertsLab/project-cod-temperature
Goose Point Oyster Summer Year 2 Assessment Analysis,manchester-hardening,0.2,Weak overlap: hardening,https://ahuffmyer.github.io/ASH_Putnam_Lab_Notebook/Goose-Point-Outplant-Growth-Analysis/,https://github.com/RobertsLab/manchester-hardening
Goose Point Oyster Summer Year 2 Assessment Analysis,project-gigas-carryover,0.2,Weak overlap: Pacific oyster (Crassostrea/Magallana gigas),https://ahuffmyer.github.io/ASH_Putnam_Lab_Notebook/Goose-Point-Outplant-Growth-Analysis/,https://github.com/RobertsLab/project-gigas-carryover
Goose Point Oyster Summer Year 2 Assessment Analysis,pgc-edc-oyster,0.2,Weak overlap: Pacific oyster (Crassostrea/Magallana gigas),https://ahuffmyer.github.io/ASH_Putnam_Lab_Notebook/Goose-Point-Outplant-Growth-Analysis/,https://github.com/RobertsLab/pgc-edc-oyster
Goose Point Oyster Summer Year 2 Assessment Analysis,project-gigas-oa-meth,0.2,Weak overlap: Pacific oyster (Crassostrea/Magallana gigas),https://ahuffmyer.github.io/ASH_Putnam_Lab_Notebook/Goose-Point-Outplant-Growth-Analysis/,https://github.com/RobertsLab/project-gigas-oa-meth
Goose Point Oyster Summer Year 2 Assessment Analysis,project-gigas-ploidy-oa,0.2,Weak overlap: Pacific oyster (Crassostrea/Magallana gigas),https://ahuffmyer.github.io/ASH_Putnam_Lab_Notebook/Goose-Point-Outplant-Growth-Analysis/,https://github.com/RobertsLab/project-gigas-ploidy-oa
Goose Point Oyster Summer Year 2 Assessment Analysis,project-gigas_ploidy,0.2,Weak overlap: Pacific oyster (Crassostrea/Magallana gigas),https://ahuffmyer.github.io/ASH_Putnam_Lab_Notebook/Goose-Point-Outplant-Growth-Analysis/,https://github.com/RobertsLab/project-gigas_ploidy
Goose Point Oyster Summer Year 2 Assessment Analysis,paper-gigas-DNR-proteomics,0.2,Weak overlap: Pacific oyster (Crassostrea/Magallana gigas),https://ahuffmyer.github.io/ASH_Putnam_Lab_Notebook/Goose-Point-Outplant-Growth-Analysis/,https://github.com/RobertsLab/paper-gigas-DNR-proteomics
Goose Point Oyster Summer Year 2 Assessment Analysis,paper-gigas-metaanalysis,0.2,Weak overlap: Pacific oyster (Crassostrea/Magallana gigas),https://ahuffmyer.github.io/ASH_Putnam_Lab_Notebook/Goose-Point-Outplant-Growth-Analysis/,https://github.com/RobertsLab/paper-gigas-metaanalysis
Resazurin family screening with Taylor Shelfish with mean family size normalization,project-gigas-conditioning,0.2,Weak overlap: Pacific oyster (Crassostrea/Magallana gigas),https://ahuffmyer.github.io/ASH_Putnam_Lab_Notebook/Resazurin-Family-Screening-Taylor-Shellfish-with-mean-size-normalization/,https://github.com/RobertsLab/project-gigas-conditioning
Resazurin family screening with Taylor Shelfish with mean family size normalization,project-gigas-carryover,0.2,Weak overlap: Pacific oyster (Crassostrea/Magallana gigas),https://ahuffmyer.github.io/ASH_Putnam_Lab_Notebook/Resazurin-Family-Screening-Taylor-Shellfish-with-mean-size-normalization/,https://github.com/RobertsLab/project-gigas-carryover
Resazurin family screening with Taylor Shelfish with mean family size normalization,pgc-edc-oyster,0.2,Weak overlap: Pacific oyster (Crassostrea/Magallana gigas),https://ahuffmyer.github.io/ASH_Putnam_Lab_Notebook/Resazurin-Family-Screening-Taylor-Shellfish-with-mean-size-normalization/,https://github.com/RobertsLab/pgc-edc-oyster
Resazurin family screening with Taylor Shelfish with mean family size normalization,oyster-ploidy-hardening,0.2,Weak overlap: Pacific oyster (Crassostrea/Magallana gigas),https://ahuffmyer.github.io/ASH_Putnam_Lab_Notebook/Resazurin-Family-Screening-Taylor-Shellfish-with-mean-size-normalization/,https://github.com/RobertsLab/oyster-ploidy-hardening
Resazurin family screening with Taylor Shelfish with mean family size normalization,project-gigas-oa-meth,0.2,Weak overlap: Pacific oyster (Crassostrea/Magallana gigas),https://ahuffmyer.github.io/ASH_Putnam_Lab_Notebook/Resazurin-Family-Screening-Taylor-Shellfish-with-mean-size-normalization/,https://github.com/RobertsLab/project-gigas-oa-meth
Resazurin family screening with Taylor Shelfish with mean family size normalization,project-gigas-ploidy-oa,0.2,Weak overlap: Pacific oyster (Crassostrea/Magallana gigas),https://ahuffmyer.github.io/ASH_Putnam_Lab_Notebook/Resazurin-Family-Screening-Taylor-Shellfish-with-mean-size-normalization/,https://github.com/RobertsLab/project-gigas-ploidy-oa
Resazurin family screening with Taylor Shelfish with mean family size normalization,project-gigas_ploidy,0.2,Weak overlap: Pacific oyster (Crassostrea/Magallana gigas),https://ahuffmyer.github.io/ASH_Putnam_Lab_Notebook/Resazurin-Family-Screening-Taylor-Shellfish-with-mean-size-normalization/,https://github.com/RobertsLab/project-gigas_ploidy
Resazurin family screening with Taylor Shelfish with mean family size normalization,paper-gigas-early-gametogenic-exposure,0.2,Weak overlap: Pacific oyster (Crassostrea/Magallana gigas),https://ahuffmyer.github.io/ASH_Putnam_Lab_Notebook/Resazurin-Family-Screening-Taylor-Shellfish-with-mean-size-normalization/,https://github.com/RobertsLab/paper-gigas-early-gametogenic-exposure
Resazurin family screening with Taylor Shelfish with mean family size normalization,paper-gigas-DNR-proteomics,0.2,Weak overlap: Pacific oyster (Crassostrea/Magallana gigas),https://ahuffmyer.github.io/ASH_Putnam_Lab_Notebook/Resazurin-Family-Screening-Taylor-Shellfish-with-mean-size-normalization/,https://github.com/RobertsLab/paper-gigas-DNR-proteomics
Resazurin family screening with Taylor Shelfish with mean family size normalization,paper-gigas-metaanalysis,0.2,Weak overlap: Pacific oyster (Crassostrea/Magallana gigas),https://ahuffmyer.github.io/ASH_Putnam_Lab_Notebook/Resazurin-Family-Screening-Taylor-Shellfish-with-mean-size-normalization/,https://github.com/RobertsLab/paper-gigas-metaanalysis
New Guava Muse instrument set up and testing,project-cod-temperature,0.2,Weak overlap: temperature,https://ahuffmyer.github.io/ASH_Putnam_Lab_Notebook/New-Guava-Muse-Setup/,https://github.com/RobertsLab/project-cod-temperature
Assessing field outplants at Manchester,project-gigas-conditioning,0.2,Weak overlap: Pacific oyster (Crassostrea/Magallana gigas),https://ahuffmyer.github.io/ASH_Putnam_Lab_Notebook/Assessing-field-outplants-at-Manchester/,https://github.com/RobertsLab/project-gigas-conditioning
Assessing field outplants at Manchester,project-cod-temperature,0.2,Weak overlap: temperature,https://ahuffmyer.github.io/ASH_Putnam_Lab_Notebook/Assessing-field-outplants-at-Manchester/,https://github.com/RobertsLab/project-cod-temperature
Assessing field outplants at Manchester,project-gigas-carryover,0.2,Weak overlap: Pacific oyster (Crassostrea/Magallana gigas),https://ahuffmyer.github.io/ASH_Putnam_Lab_Notebook/Assessing-field-outplants-at-Manchester/,https://github.com/RobertsLab/project-gigas-carryover
Assessing field outplants at Manchester,pgc-edc-oyster,0.2,Weak overlap: Pacific oyster (Crassostrea/Magallana gigas),https://ahuffmyer.github.io/ASH_Putnam_Lab_Notebook/Assessing-field-outplants-at-Manchester/,https://github.com/RobertsLab/pgc-edc-oyster
Assessing field outplants at Manchester,project-gigas-oa-meth,0.2,Weak overlap: Pacific oyster (Crassostrea/Magallana gigas),https://ahuffmyer.github.io/ASH_Putnam_Lab_Notebook/Assessing-field-outplants-at-Manchester/,https://github.com/RobertsLab/project-gigas-oa-meth
Assessing field outplants at Manchester,project-gigas-ploidy-oa,0.2,Weak overlap: Pacific oyster (Crassostrea/Magallana gigas),https://ahuffmyer.github.io/ASH_Putnam_Lab_Notebook/Assessing-field-outplants-at-Manchester/,https://github.com/RobertsLab/project-gigas-ploidy-oa
Assessing field outplants at Manchester,project-gigas_ploidy,0.2,Weak overlap: Pacific oyster (Crassostrea/Magallana gigas),https://ahuffmyer.github.io/ASH_Putnam_Lab_Notebook/Assessing-field-outplants-at-Manchester/,https://github.com/RobertsLab/project-gigas_ploidy
Assessing field outplants at Manchester,paper-gigas-early-gametogenic-exposure,0.2,Weak overlap: Pacific oyster (Crassostrea/Magallana gigas),https://ahuffmyer.github.io/ASH_Putnam_Lab_Notebook/Assessing-field-outplants-at-Manchester/,https://github.com/RobertsLab/paper-gigas-early-gametogenic-exposure
Assessing field outplants at Manchester,paper-gigas-DNR-proteomics,0.2,Weak overlap: Pacific oyster (Crassostrea/Magallana gigas),https://ahuffmyer.github.io/ASH_Putnam_Lab_Notebook/Assessing-field-outplants-at-Manchester/,https://github.com/RobertsLab/paper-gigas-DNR-proteomics
Assessing field outplants at Manchester,paper-gigas-metaanalysis,0.2,Weak overlap: Pacific oyster (Crassostrea/Magallana gigas),https://ahuffmyer.github.io/ASH_Putnam_Lab_Notebook/Assessing-field-outplants-at-Manchester/,https://github.com/RobertsLab/paper-gigas-metaanalysis
Resazurin family screening with Taylor Shelfish with individual size normalization,project-gigas-conditioning,0.2,Weak overlap: Pacific oyster (Crassostrea/Magallana gigas),https://ahuffmyer.github.io/ASH_Putnam_Lab_Notebook/Resazurin-Family-Screening-Taylor-Shellfish-with-individual-size-normalization/,https://github.com/RobertsLab/project-gigas-conditioning
Resazurin family screening with Taylor Shelfish with individual size normalization,project-gigas-carryover,0.2,Weak overlap: Pacific oyster (Crassostrea/Magallana gigas),https://ahuffmyer.github.io/ASH_Putnam_Lab_Notebook/Resazurin-Family-Screening-Taylor-Shellfish-with-individual-size-normalization/,https://github.com/RobertsLab/project-gigas-carryover
Resazurin family screening with Taylor Shelfish with individual size normalization,pgc-edc-oyster,0.2,Weak overlap: Pacific oyster (Crassostrea/Magallana gigas),https://ahuffmyer.github.io/ASH_Putnam_Lab_Notebook/Resazurin-Family-Screening-Taylor-Shellfish-with-individual-size-normalization/,https://github.com/RobertsLab/pgc-edc-oyster
Resazurin family screening with Taylor Shelfish with individual size normalization,oyster-ploidy-hardening,0.2,Weak overlap: Pacific oyster (Crassostrea/Magallana gigas),https://ahuffmyer.github.io/ASH_Putnam_Lab_Notebook/Resazurin-Family-Screening-Taylor-Shellfish-with-individual-size-normalization/,https://github.com/RobertsLab/oyster-ploidy-hardening
Resazurin family screening with Taylor Shelfish with individual size normalization,project-gigas-oa-meth,0.2,Weak overlap: Pacific oyster (Crassostrea/Magallana gigas),https://ahuffmyer.github.io/ASH_Putnam_Lab_Notebook/Resazurin-Family-Screening-Taylor-Shellfish-with-individual-size-normalization/,https://github.com/RobertsLab/project-gigas-oa-meth
Resazurin family screening with Taylor Shelfish with individual size normalization,project-gigas-ploidy-oa,0.2,Weak overlap: Pacific oyster (Crassostrea/Magallana gigas),https://ahuffmyer.github.io/ASH_Putnam_Lab_Notebook/Resazurin-Family-Screening-Taylor-Shellfish-with-individual-size-normalization/,https://github.com/RobertsLab/project-gigas-ploidy-oa
Resazurin family screening with Taylor Shelfish with individual size normalization,project-gigas_ploidy,0.2,Weak overlap: Pacific oyster (Crassostrea/Magallana gigas),https://ahuffmyer.github.io/ASH_Putnam_Lab_Notebook/Resazurin-Family-Screening-Taylor-Shellfish-with-individual-size-normalization/,https://github.com/RobertsLab/project-gigas_ploidy
Resazurin family screening with Taylor Shelfish with individual size normalization,paper-gigas-early-gametogenic-exposure,0.2,Weak overlap: Pacific oyster (Crassostrea/Magallana gigas),https://ahuffmyer.github.io/ASH_Putnam_Lab_Notebook/Resazurin-Family-Screening-Taylor-Shellfish-with-individual-size-normalization/,https://github.com/RobertsLab/paper-gigas-early-gametogenic-exposure
Resazurin family screening with Taylor Shelfish with individual size normalization,paper-gigas-DNR-proteomics,0.2,Weak overlap: Pacific oyster (Crassostrea/Magallana gigas),https://ahuffmyer.github.io/ASH_Putnam_Lab_Notebook/Resazurin-Family-Screening-Taylor-Shellfish-with-individual-size-normalization/,https://github.com/RobertsLab/paper-gigas-DNR-proteomics
Resazurin family screening with Taylor Shelfish with individual size normalization,paper-gigas-metaanalysis,0.2,Weak overlap: Pacific oyster (Crassostrea/Magallana gigas),https://ahuffmyer.github.io/ASH_Putnam_Lab_Notebook/Resazurin-Family-Screening-Taylor-Shellfish-with-individual-size-normalization/,https://github.com/RobertsLab/paper-gigas-metaanalysis
Download and QC of Moorea 2023 RNAseq files with NCBI upload,polyIC-larvae,0.2,Weak overlap: larvae,https://ahuffmyer.github.io/ASH_Putnam_Lab_Notebook/Downloading-Moorea-2023-RNAseq-files-from-Genohub/,https://github.com/RobertsLab/polyIC-larvae
Download and QC of Moorea 2023 RNAseq files with NCBI upload,manchester-hardening,0.2,Weak overlap: thermal,https://ahuffmyer.github.io/ASH_Putnam_Lab_Notebook/Downloading-Moorea-2023-RNAseq-files-from-Genohub/,https://github.com/RobertsLab/manchester-hardening
Download and QC of Moorea 2023 RNAseq files with NCBI upload,project-sc-RNAseq,0.2,Weak overlap: RNA-seq,https://ahuffmyer.github.io/ASH_Putnam_Lab_Notebook/Downloading-Moorea-2023-RNAseq-files-from-Genohub/,https://github.com/RobertsLab/project-sc-RNAseq
Download and QC of Moorea 2023 RNAseq files with NCBI upload,project-gigas-oa-meth,0.2,Weak overlap: larvae,https://ahuffmyer.github.io/ASH_Putnam_Lab_Notebook/Downloading-Moorea-2023-RNAseq-files-from-Genohub/,https://github.com/RobertsLab/project-gigas-oa-meth
Download and QC of Moorea 2023 RNAseq files with NCBI upload,project-pacific.oyster-larvae,0.2,Weak overlap: larvae,https://ahuffmyer.github.io/ASH_Putnam_Lab_Notebook/Downloading-Moorea-2023-RNAseq-files-from-Genohub/,https://github.com/RobertsLab/project-pacific.oyster-larvae
Download and QC of Moorea 2023 RNAseq files with NCBI upload,hyak_mox,0.2,Weak overlap: hyak,https://ahuffmyer.github.io/ASH_Putnam_Lab_Notebook/Downloading-Moorea-2023-RNAseq-files-from-Genohub/,https://github.com/RobertsLab/hyak_mox
Growth analysis of outplants Manchester,project-gigas-conditioning,0.2,Weak overlap: Pacific oyster (Crassostrea/Magallana gigas),https://ahuffmyer.github.io/ASH_Putnam_Lab_Notebook/Growth-analysis-of-outplants-at-Manchester/,https://github.com/RobertsLab/project-gigas-conditioning
Growth analysis of outplants Manchester,project-cod-temperature,0.2,Weak overlap: temperature,https://ahuffmyer.github.io/ASH_Putnam_Lab_Notebook/Growth-analysis-of-outplants-at-Manchester/,https://github.com/RobertsLab/project-cod-temperature
Growth analysis of outplants Manchester,project-gigas-carryover,0.2,Weak overlap: Pacific oyster (Crassostrea/Magallana gigas),https://ahuffmyer.github.io/ASH_Putnam_Lab_Notebook/Growth-analysis-of-outplants-at-Manchester/,https://github.com/RobertsLab/project-gigas-carryover
Growth analysis of outplants Manchester,pgc-edc-oyster,0.2,Weak overlap: Pacific oyster (Crassostrea/Magallana gigas),https://ahuffmyer.github.io/ASH_Putnam_Lab_Notebook/Growth-analysis-of-outplants-at-Manchester/,https://github.com/RobertsLab/pgc-edc-oyster
Growth analysis of outplants Manchester,project-gigas-oa-meth,0.2,Weak overlap: Pacific oyster (Crassostrea/Magallana gigas),https://ahuffmyer.github.io/ASH_Putnam_Lab_Notebook/Growth-analysis-of-outplants-at-Manchester/,https://github.com/RobertsLab/project-gigas-oa-meth
Growth analysis of outplants Manchester,project-gigas-ploidy-oa,0.2,Weak overlap: Pacific oyster (Crassostrea/Magallana gigas),https://ahuffmyer.github.io/ASH_Putnam_Lab_Notebook/Growth-analysis-of-outplants-at-Manchester/,https://github.com/RobertsLab/project-gigas-ploidy-oa
Growth analysis of outplants Manchester,project-gigas_ploidy,0.2,Weak overlap: Pacific oyster (Crassostrea/Magallana gigas),https://ahuffmyer.github.io/ASH_Putnam_Lab_Notebook/Growth-analysis-of-outplants-at-Manchester/,https://github.com/RobertsLab/project-gigas_ploidy
Growth analysis of outplants Manchester,paper-gigas-early-gametogenic-exposure,0.2,Weak overlap: Pacific oyster (Crassostrea/Magallana gigas),https://ahuffmyer.github.io/ASH_Putnam_Lab_Notebook/Growth-analysis-of-outplants-at-Manchester/,https://github.com/RobertsLab/paper-gigas-early-gametogenic-exposure
Growth analysis of outplants Manchester,paper-gigas-DNR-proteomics,0.2,Weak overlap: Pacific oyster (Crassostrea/Magallana gigas),https://ahuffmyer.github.io/ASH_Putnam_Lab_Notebook/Growth-analysis-of-outplants-at-Manchester/,https://github.com/RobertsLab/paper-gigas-DNR-proteomics
Growth analysis of outplants Manchester,paper-gigas-metaanalysis,0.2,Weak overlap: Pacific oyster (Crassostrea/Magallana gigas),https://ahuffmyer.github.io/ASH_Putnam_Lab_Notebook/Growth-analysis-of-outplants-at-Manchester/,https://github.com/RobertsLab/paper-gigas-metaanalysis
October 2025 Goals,project-sc-RNAseq,0.2,Weak overlap: RNA-seq,https://ahuffmyer.github.io/ASH_Putnam_Lab_Notebook/October-2025-Goals/,https://github.com/RobertsLab/project-sc-RNAseq
Assessing PolyIC and hardening Effort A project oysters at Sequim Bay,project-cod-temperature,0.2,Weak overlap: temperature,https://ahuffmyer.github.io/ASH_Putnam_Lab_Notebook/Assessing-polyIC-and-hardening-effort-A-oysters-at-Sequim-Bay/,https://github.com/RobertsLab/project-cod-temperature
Assessing PolyIC and hardening Effort A project oysters at Sequim Bay,manchester-hardening,0.2,Weak overlap: hardening,https://ahuffmyer.github.io/ASH_Putnam_Lab_Notebook/Assessing-polyIC-and-hardening-effort-A-oysters-at-Sequim-Bay/,https://github.com/RobertsLab/manchester-hardening
Assessing PolyIC and hardening Effort A project oysters at Sequim Bay,project-gigas-carryover,0.2,Weak overlap: Pacific oyster (Crassostrea/Magallana gigas),https://ahuffmyer.github.io/ASH_Putnam_Lab_Notebook/Assessing-polyIC-and-hardening-effort-A-oysters-at-Sequim-Bay/,https://github.com/RobertsLab/project-gigas-carryover
Assessing PolyIC and hardening Effort A project oysters at Sequim Bay,pgc-edc-oyster,0.2,Weak overlap: Pacific oyster (Crassostrea/Magallana gigas),https://ahuffmyer.github.io/ASH_Putnam_Lab_Notebook/Assessing-polyIC-and-hardening-effort-A-oysters-at-Sequim-Bay/,https://github.com/RobertsLab/pgc-edc-oyster
Assessing PolyIC and hardening Effort A project oysters at Sequim Bay,project-gigas-oa-meth,0.2,"Weak overlap: Pacific oyster (Crassostrea/Magallana gigas), larvae",https://ahuffmyer.github.io/ASH_Putnam_Lab_Notebook/Assessing-polyIC-and-hardening-effort-A-oysters-at-Sequim-Bay/,https://github.com/RobertsLab/project-gigas-oa-meth
Assessing PolyIC and hardening Effort A project oysters at Sequim Bay,project-gigas-ploidy-oa,0.2,Weak overlap: Pacific oyster (Crassostrea/Magallana gigas),https://ahuffmyer.github.io/ASH_Putnam_Lab_Notebook/Assessing-polyIC-and-hardening-effort-A-oysters-at-Sequim-Bay/,https://github.com/RobertsLab/project-gigas-ploidy-oa
Assessing PolyIC and hardening Effort A project oysters at Sequim Bay,project-gigas_ploidy,0.2,Weak overlap: Pacific oyster (Crassostrea/Magallana gigas),https://ahuffmyer.github.io/ASH_Putnam_Lab_Notebook/Assessing-polyIC-and-hardening-effort-A-oysters-at-Sequim-Bay/,https://github.com/RobertsLab/project-gigas_ploidy
Assessing PolyIC and hardening Effort A project oysters at Sequim Bay,paper-gigas-early-gametogenic-exposure,0.2,Weak overlap: Pacific oyster (Crassostrea/Magallana gigas),https://ahuffmyer.github.io/ASH_Putnam_Lab_Notebook/Assessing-polyIC-and-hardening-effort-A-oysters-at-Sequim-Bay/,https://github.com/RobertsLab/paper-gigas-early-gametogenic-exposure
Assessing PolyIC and hardening Effort A project oysters at Sequim Bay,paper-gigas-DNR-proteomics,0.2,Weak overlap: Pacific oyster (Crassostrea/Magallana gigas),https://ahuffmyer.github.io/ASH_Putnam_Lab_Notebook/Assessing-polyIC-and-hardening-effort-A-oysters-at-Sequim-Bay/,https://github.com/RobertsLab/paper-gigas-DNR-proteomics
Assessing PolyIC and hardening Effort A project oysters at Sequim Bay,paper-gigas-metaanalysis,0.2,Weak overlap: Pacific oyster (Crassostrea/Magallana gigas),https://ahuffmyer.github.io/ASH_Putnam_Lab_Notebook/Assessing-polyIC-and-hardening-effort-A-oysters-at-Sequim-Bay/,https://github.com/RobertsLab/paper-gigas-metaanalysis
Assessing oysters at Goose Point,project-cod-temperature,0.2,Weak overlap: temperature,https://ahuffmyer.github.io/ASH_Putnam_Lab_Notebook/Assessing-oysters-at-Goose-Point/,https://github.com/RobertsLab/project-cod-temperature
Assessing oysters at Goose Point,project-gigas-carryover,0.2,Weak overlap: Pacific oyster (Crassostrea/Magallana gigas),https://ahuffmyer.github.io/ASH_Putnam_Lab_Notebook/Assessing-oysters-at-Goose-Point/,https://github.com/RobertsLab/project-gigas-carryover
Assessing oysters at Goose Point,pgc-edc-oyster,0.2,Weak overlap: Pacific oyster (Crassostrea/Magallana gigas),https://ahuffmyer.github.io/ASH_Putnam_Lab_Notebook/Assessing-oysters-at-Goose-Point/,https://github.com/RobertsLab/pgc-edc-oyster
Assessing oysters at Goose Point,oyster-ploidy-hardening,0.2,Weak overlap: Pacific oyster (Crassostrea/Magallana gigas),https://ahuffmyer.github.io/ASH_Putnam_Lab_Notebook/Assessing-oysters-at-Goose-Point/,https://github.com/RobertsLab/oyster-ploidy-hardening
Assessing oysters at Goose Point,project-gigas-oa-meth,0.2,"Weak overlap: Pacific oyster (Crassostrea/Magallana gigas), larvae",https://ahuffmyer.github.io/ASH_Putnam_Lab_Notebook/Assessing-oysters-at-Goose-Point/,https://github.com/RobertsLab/project-gigas-oa-meth
Assessing oysters at Goose Point,project-gigas-ploidy-oa,0.2,Weak overlap: Pacific oyster (Crassostrea/Magallana gigas),https://ahuffmyer.github.io/ASH_Putnam_Lab_Notebook/Assessing-oysters-at-Goose-Point/,https://github.com/RobertsLab/project-gigas-ploidy-oa
Assessing oysters at Goose Point,project-gigas_ploidy,0.2,Weak overlap: Pacific oyster (Crassostrea/Magallana gigas),https://ahuffmyer.github.io/ASH_Putnam_Lab_Notebook/Assessing-oysters-at-Goose-Point/,https://github.com/RobertsLab/project-gigas_ploidy
Assessing oysters at Goose Point,paper-gigas-early-gametogenic-exposure,0.2,Weak overlap: Pacific oyster (Crassostrea/Magallana gigas),https://ahuffmyer.github.io/ASH_Putnam_Lab_Notebook/Assessing-oysters-at-Goose-Point/,https://github.com/RobertsLab/paper-gigas-early-gametogenic-exposure
Assessing oysters at Goose Point,paper-gigas-DNR-proteomics,0.2,Weak overlap: Pacific oyster (Crassostrea/Magallana gigas),https://ahuffmyer.github.io/ASH_Putnam_Lab_Notebook/Assessing-oysters-at-Goose-Point/,https://github.com/RobertsLab/paper-gigas-DNR-proteomics
Assessing oysters at Goose Point,paper-gigas-metaanalysis,0.2,Weak overlap: Pacific oyster (Crassostrea/Magallana gigas),https://ahuffmyer.github.io/ASH_Putnam_Lab_Notebook/Assessing-oysters-at-Goose-Point/,https://github.com/RobertsLab/paper-gigas-metaanalysis
10K outplant growth analysis,project-cod-temperature,0.2,Weak overlap: temperature,https://ahuffmyer.github.io/ASH_Putnam_Lab_Notebook/10K-growth-analysis/,https://github.com/RobertsLab/project-cod-temperature
10K outplant growth analysis,manchester-hardening,0.2,Weak overlap: hardening,https://ahuffmyer.github.io/ASH_Putnam_Lab_Notebook/10K-growth-analysis/,https://github.com/RobertsLab/manchester-hardening
10K outplant growth analysis,project-gigas-carryover,0.2,Weak overlap: Pacific oyster (Crassostrea/Magallana gigas),https://ahuffmyer.github.io/ASH_Putnam_Lab_Notebook/10K-growth-analysis/,https://github.com/RobertsLab/project-gigas-carryover
10K outplant growth analysis,pgc-edc-oyster,0.2,Weak overlap: Pacific oyster (Crassostrea/Magallana gigas),https://ahuffmyer.github.io/ASH_Putnam_Lab_Notebook/10K-growth-analysis/,https://github.com/RobertsLab/pgc-edc-oyster
10K outplant growth analysis,project-gigas-oa-meth,0.2,Weak overlap: Pacific oyster (Crassostrea/Magallana gigas),https://ahuffmyer.github.io/ASH_Putnam_Lab_Notebook/10K-growth-analysis/,https://github.com/RobertsLab/project-gigas-oa-meth
10K outplant growth analysis,project-gigas-ploidy-oa,0.2,Weak overlap: Pacific oyster (Crassostrea/Magallana gigas),https://ahuffmyer.github.io/ASH_Putnam_Lab_Notebook/10K-growth-analysis/,https://github.com/RobertsLab/project-gigas-ploidy-oa
10K outplant growth analysis,project-gigas_ploidy,0.2,Weak overlap: Pacific oyster (Crassostrea/Magallana gigas),https://ahuffmyer.github.io/ASH_Putnam_Lab_Notebook/10K-growth-analysis/,https://github.com/RobertsLab/project-gigas_ploidy
10K outplant growth analysis,paper-gigas-DNR-proteomics,0.2,Weak overlap: Pacific oyster (Crassostrea/Magallana gigas),https://ahuffmyer.github.io/ASH_Putnam_Lab_Notebook/10K-growth-analysis/,https://github.com/RobertsLab/paper-gigas-DNR-proteomics
10K outplant growth analysis,paper-gigas-metaanalysis,0.2,Weak overlap: Pacific oyster (Crassostrea/Magallana gigas),https://ahuffmyer.github.io/ASH_Putnam_Lab_Notebook/10K-growth-analysis/,https://github.com/RobertsLab/paper-gigas-metaanalysis
WGCNA of ortholog expression for the E5 timeseries molecular project,project-sc-RNAseq,0.2,Weak overlap: RNA-seq,https://ahuffmyer.github.io/ASH_Putnam_Lab_Notebook/E5-ortholog-WGCNA/,https://github.com/RobertsLab/project-sc-RNAseq
Alignment of Montipora capitata larval thermal tolerance 2023 project on Unity with STAR,project-lake-trout,0.2,Weak overlap: genome,https://ahuffmyer.github.io/ASH_Putnam_Lab_Notebook/Reanalyze-Hawaii-2023-RNAseq-on-Unity/,https://github.com/RobertsLab/project-lake-trout
Alignment of Montipora capitata larval thermal tolerance 2023 project on Unity with STAR,manchester-hardening,0.2,Weak overlap: thermal,https://ahuffmyer.github.io/ASH_Putnam_Lab_Notebook/Reanalyze-Hawaii-2023-RNAseq-on-Unity/,https://github.com/RobertsLab/manchester-hardening
Alignment of Montipora capitata larval thermal tolerance 2023 project on Unity with STAR,project-sc-RNAseq,0.2,Weak overlap: RNA-seq,https://ahuffmyer.github.io/ASH_Putnam_Lab_Notebook/Reanalyze-Hawaii-2023-RNAseq-on-Unity/,https://github.com/RobertsLab/project-sc-RNAseq
Alignment of Montipora capitata larval thermal tolerance 2023 project on Unity with STAR,duck-genome-viz,0.2,Weak overlap: genome,https://ahuffmyer.github.io/ASH_Putnam_Lab_Notebook/Reanalyze-Hawaii-2023-RNAseq-on-Unity/,https://github.com/RobertsLab/duck-genome-viz
Alignment of Montipora capitata larval thermal tolerance 2023 project on Unity with STAR,project-geoduck-genome,0.2,Weak overlap: genome,https://ahuffmyer.github.io/ASH_Putnam_Lab_Notebook/Reanalyze-Hawaii-2023-RNAseq-on-Unity/,https://github.com/RobertsLab/project-geoduck-genome
Resazurin EBV correlations for Taylor Shellfish screening,project-gigas-conditioning,0.2,Weak overlap: Pacific oyster (Crassostrea/Magallana gigas),https://ahuffmyer.github.io/ASH_Putnam_Lab_Notebook/Resazurin-EBV-correlations-Taylor-Shellfish/,https://github.com/RobertsLab/project-gigas-conditioning
Resazurin EBV correlations for Taylor Shellfish screening,project-gigas-carryover,0.2,Weak overlap: Pacific oyster (Crassostrea/Magallana gigas),https://ahuffmyer.github.io/ASH_Putnam_Lab_Notebook/Resazurin-EBV-correlations-Taylor-Shellfish/,https://github.com/RobertsLab/project-gigas-carryover
Resazurin EBV correlations for Taylor Shellfish screening,pgc-edc-oyster,0.2,Weak overlap: Pacific oyster (Crassostrea/Magallana gigas),https://ahuffmyer.github.io/ASH_Putnam_Lab_Notebook/Resazurin-EBV-correlations-Taylor-Shellfish/,https://github.com/RobertsLab/pgc-edc-oyster
Resazurin EBV correlations for Taylor Shellfish screening,oyster-ploidy-hardening,0.2,Weak overlap: Pacific oyster (Crassostrea/Magallana gigas),https://ahuffmyer.github.io/ASH_Putnam_Lab_Notebook/Resazurin-EBV-correlations-Taylor-Shellfish/,https://github.com/RobertsLab/oyster-ploidy-hardening
Resazurin EBV correlations for Taylor Shellfish screening,project-gigas-oa-meth,0.2,Weak overlap: Pacific oyster (Crassostrea/Magallana gigas),https://ahuffmyer.github.io/ASH_Putnam_Lab_Notebook/Resazurin-EBV-correlations-Taylor-Shellfish/,https://github.com/RobertsLab/project-gigas-oa-meth
Resazurin EBV correlations for Taylor Shellfish screening,project-gigas-ploidy-oa,0.2,Weak overlap: Pacific oyster (Crassostrea/Magallana gigas),https://ahuffmyer.github.io/ASH_Putnam_Lab_Notebook/Resazurin-EBV-correlations-Taylor-Shellfish/,https://github.com/RobertsLab/project-gigas-ploidy-oa
Resazurin EBV correlations for Taylor Shellfish screening,project-gigas_ploidy,0.2,Weak overlap: Pacific oyster (Crassostrea/Magallana gigas),https://ahuffmyer.github.io/ASH_Putnam_Lab_Notebook/Resazurin-EBV-correlations-Taylor-Shellfish/,https://github.com/RobertsLab/project-gigas_ploidy
Resazurin EBV correlations for Taylor Shellfish screening,paper-gigas-early-gametogenic-exposure,0.2,Weak overlap: Pacific oyster (Crassostrea/Magallana gigas),https://ahuffmyer.github.io/ASH_Putnam_Lab_Notebook/Resazurin-EBV-correlations-Taylor-Shellfish/,https://github.com/RobertsLab/paper-gigas-early-gametogenic-exposure
Resazurin EBV correlations for Taylor Shellfish screening,paper-gigas-DNR-proteomics,0.2,Weak overlap: Pacific oyster (Crassostrea/Magallana gigas),https://ahuffmyer.github.io/ASH_Putnam_Lab_Notebook/Resazurin-EBV-correlations-Taylor-Shellfish/,https://github.com/RobertsLab/paper-gigas-DNR-proteomics
Resazurin EBV correlations for Taylor Shellfish screening,paper-gigas-metaanalysis,0.2,Weak overlap: Pacific oyster (Crassostrea/Magallana gigas),https://ahuffmyer.github.io/ASH_Putnam_Lab_Notebook/Resazurin-EBV-correlations-Taylor-Shellfish/,https://github.com/RobertsLab/paper-gigas-metaanalysis
WGCNA with physiology correlations of ortholog expression for the E5 timeseries molecular project,project-sc-RNAseq,0.2,Weak overlap: RNA-seq,https://ahuffmyer.github.io/ASH_Putnam_Lab_Notebook/E5-ortholog-WGCNA-physiology-correlations/,https://github.com/RobertsLab/project-sc-RNAseq
Preparations for over wintering at Point Whitney,project-gigas-conditioning,0.2,"Weak overlap: Pacific oyster (Crassostrea/Magallana gigas), conditioning",https://ahuffmyer.github.io/ASH_Putnam_Lab_Notebook/Preparations-for-winter-at-Point-Whitney/,https://github.com/RobertsLab/project-gigas-conditioning
Preparations for over wintering at Point Whitney,project-cod-temperature,0.2,Weak overlap: temperature,https://ahuffmyer.github.io/ASH_Putnam_Lab_Notebook/Preparations-for-winter-at-Point-Whitney/,https://github.com/RobertsLab/project-cod-temperature
Preparations for over wintering at Point Whitney,project-gigas-carryover,0.2,Weak overlap: Pacific oyster (Crassostrea/Magallana gigas),https://ahuffmyer.github.io/ASH_Putnam_Lab_Notebook/Preparations-for-winter-at-Point-Whitney/,https://github.com/RobertsLab/project-gigas-carryover
Preparations for over wintering at Point Whitney,pgc-edc-oyster,0.2,Weak overlap: Pacific oyster (Crassostrea/Magallana gigas),https://ahuffmyer.github.io/ASH_Putnam_Lab_Notebook/Preparations-for-winter-at-Point-Whitney/,https://github.com/RobertsLab/pgc-edc-oyster
Preparations for over wintering at Point Whitney,oyster-ploidy-hardening,0.2,Weak overlap: Pacific oyster (Crassostrea/Magallana gigas),https://ahuffmyer.github.io/ASH_Putnam_Lab_Notebook/Preparations-for-winter-at-Point-Whitney/,https://github.com/RobertsLab/oyster-ploidy-hardening
Preparations for over wintering at Point Whitney,project-gigas-oa-meth,0.2,"Weak overlap: Pacific oyster (Crassostrea/Magallana gigas), larvae",https://ahuffmyer.github.io/ASH_Putnam_Lab_Notebook/Preparations-for-winter-at-Point-Whitney/,https://github.com/RobertsLab/project-gigas-oa-meth
Preparations for over wintering at Point Whitney,project-gigas-ploidy-oa,0.2,Weak overlap: Pacific oyster (Crassostrea/Magallana gigas),https://ahuffmyer.github.io/ASH_Putnam_Lab_Notebook/Preparations-for-winter-at-Point-Whitney/,https://github.com/RobertsLab/project-gigas-ploidy-oa
Preparations for over wintering at Point Whitney,project-gigas_ploidy,0.2,Weak overlap: Pacific oyster (Crassostrea/Magallana gigas),https://ahuffmyer.github.io/ASH_Putnam_Lab_Notebook/Preparations-for-winter-at-Point-Whitney/,https://github.com/RobertsLab/project-gigas_ploidy
Preparations for over wintering at Point Whitney,paper-gigas-early-gametogenic-exposure,0.2,Weak overlap: Pacific oyster (Crassostrea/Magallana gigas),https://ahuffmyer.github.io/ASH_Putnam_Lab_Notebook/Preparations-for-winter-at-Point-Whitney/,https://github.com/RobertsLab/paper-gigas-early-gametogenic-exposure
Preparations for over wintering at Point Whitney,paper-gigas-DNR-proteomics,0.2,Weak overlap: Pacific oyster (Crassostrea/Magallana gigas),https://ahuffmyer.github.io/ASH_Putnam_Lab_Notebook/Preparations-for-winter-at-Point-Whitney/,https://github.com/RobertsLab/paper-gigas-DNR-proteomics
Preparations for over wintering at Point Whitney,paper-gigas-metaanalysis,0.2,Weak overlap: Pacific oyster (Crassostrea/Magallana gigas),https://ahuffmyer.github.io/ASH_Putnam_Lab_Notebook/Preparations-for-winter-at-Point-Whitney/,https://github.com/RobertsLab/paper-gigas-metaanalysis
November 2025 Goals,project-sc-RNAseq,0.2,Weak overlap: RNA-seq,https://ahuffmyer.github.io/ASH_Putnam_Lab_Notebook/November-2025-Goals/,https://github.com/RobertsLab/project-sc-RNAseq
Outplanting final PolyIC seed at Baywater,project-gigas-conditioning,0.2,Weak overlap: Pacific oyster (Crassostrea/Magallana gigas),https://ahuffmyer.github.io/ASH_Putnam_Lab_Notebook/Outplanting-final-PolyIC-seed-at-Baywater/,https://github.com/RobertsLab/project-gigas-conditioning
Outplanting final PolyIC seed at Baywater,project-gigas-carryover,0.2,Weak overlap: Pacific oyster (Crassostrea/Magallana gigas),https://ahuffmyer.github.io/ASH_Putnam_Lab_Notebook/Outplanting-final-PolyIC-seed-at-Baywater/,https://github.com/RobertsLab/project-gigas-carryover
Outplanting final PolyIC seed at Baywater,pgc-edc-oyster,0.2,Weak overlap: Pacific oyster (Crassostrea/Magallana gigas),https://ahuffmyer.github.io/ASH_Putnam_Lab_Notebook/Outplanting-final-PolyIC-seed-at-Baywater/,https://github.com/RobertsLab/pgc-edc-oyster
Outplanting final PolyIC seed at Baywater,oyster-ploidy-hardening,0.2,Weak overlap: Pacific oyster (Crassostrea/Magallana gigas),https://ahuffmyer.github.io/ASH_Putnam_Lab_Notebook/Outplanting-final-PolyIC-seed-at-Baywater/,https://github.com/RobertsLab/oyster-ploidy-hardening
Outplanting final PolyIC seed at Baywater,project-gigas-oa-meth,0.2,"Weak overlap: Pacific oyster (Crassostrea/Magallana gigas), larvae",https://ahuffmyer.github.io/ASH_Putnam_Lab_Notebook/Outplanting-final-PolyIC-seed-at-Baywater/,https://github.com/RobertsLab/project-gigas-oa-meth
Outplanting final PolyIC seed at Baywater,project-gigas-ploidy-oa,0.2,Weak overlap: Pacific oyster (Crassostrea/Magallana gigas),https://ahuffmyer.github.io/ASH_Putnam_Lab_Notebook/Outplanting-final-PolyIC-seed-at-Baywater/,https://github.com/RobertsLab/project-gigas-ploidy-oa
Outplanting final PolyIC seed at Baywater,project-gigas_ploidy,0.2,Weak overlap: Pacific oyster (Crassostrea/Magallana gigas),https://ahuffmyer.github.io/ASH_Putnam_Lab_Notebook/Outplanting-final-PolyIC-seed-at-Baywater/,https://github.com/RobertsLab/project-gigas_ploidy
Outplanting final PolyIC seed at Baywater,paper-gigas-early-gametogenic-exposure,0.2,Weak overlap: Pacific oyster (Crassostrea/Magallana gigas),https://ahuffmyer.github.io/ASH_Putnam_Lab_Notebook/Outplanting-final-PolyIC-seed-at-Baywater/,https://github.com/RobertsLab/paper-gigas-early-gametogenic-exposure
Outplanting final PolyIC seed at Baywater,paper-gigas-DNR-proteomics,0.2,Weak overlap: Pacific oyster (Crassostrea/Magallana gigas),https://ahuffmyer.github.io/ASH_Putnam_Lab_Notebook/Outplanting-final-PolyIC-seed-at-Baywater/,https://github.com/RobertsLab/paper-gigas-DNR-proteomics
Outplanting final PolyIC seed at Baywater,paper-gigas-metaanalysis,0.2,Weak overlap: Pacific oyster (Crassostrea/Magallana gigas),https://ahuffmyer.github.io/ASH_Putnam_Lab_Notebook/Outplanting-final-PolyIC-seed-at-Baywater/,https://github.com/RobertsLab/paper-gigas-metaanalysis
ASCA Analysis of Temperature and Parent Effects on Gene Expression,polyIC-larvae,0.2,Weak overlap: larvae,https://ahuffmyer.github.io/ASH_Putnam_Lab_Notebook/ASCA-RNAseq-Analysis-Temperature-Parent-Effects/,https://github.com/RobertsLab/polyIC-larvae
ASCA Analysis of Temperature and Parent Effects on Gene Expression,project-cod-temperature,0.2,Weak overlap: temperature,https://ahuffmyer.github.io/ASH_Putnam_Lab_Notebook/ASCA-RNAseq-Analysis-Temperature-Parent-Effects/,https://github.com/RobertsLab/project-cod-temperature
ASCA Analysis of Temperature and Parent Effects on Gene Expression,manchester-hardening,0.2,Weak overlap: thermal,https://ahuffmyer.github.io/ASH_Putnam_Lab_Notebook/ASCA-RNAseq-Analysis-Temperature-Parent-Effects/,https://github.com/RobertsLab/manchester-hardening
ASCA Analysis of Temperature and Parent Effects on Gene Expression,project-sc-RNAseq,0.2,Weak overlap: RNA-seq,https://ahuffmyer.github.io/ASH_Putnam_Lab_Notebook/ASCA-RNAseq-Analysis-Temperature-Parent-Effects/,https://github.com/RobertsLab/project-sc-RNAseq
ASCA Analysis of Temperature and Parent Effects on Gene Expression,project-gigas-oa-meth,0.2,Weak overlap: larvae,https://ahuffmyer.github.io/ASH_Putnam_Lab_Notebook/ASCA-RNAseq-Analysis-Temperature-Parent-Effects/,https://github.com/RobertsLab/project-gigas-oa-meth
ASCA Analysis of Temperature and Parent Effects on Gene Expression,project-pacific.oyster-larvae,0.2,Weak overlap: larvae,https://ahuffmyer.github.io/ASH_Putnam_Lab_Notebook/ASCA-RNAseq-Analysis-Temperature-Parent-Effects/,https://github.com/RobertsLab/project-pacific.oyster-larvae
ASCA Analysis of Temperature and Parent Effects on Lipid Profiles,polyIC-larvae,0.2,Weak overlap: larvae,https://ahuffmyer.github.io/ASH_Putnam_Lab_Notebook/ASCA-Lipids-Analysis-Temperature-Parent-Effects/,https://github.com/RobertsLab/polyIC-larvae
ASCA Analysis of Temperature and Parent Effects on Lipid Profiles,project-cod-temperature,0.2,Weak overlap: temperature,https://ahuffmyer.github.io/ASH_Putnam_Lab_Notebook/ASCA-Lipids-Analysis-Temperature-Parent-Effects/,https://github.com/RobertsLab/project-cod-temperature
ASCA Analysis of Temperature and Parent Effects on Lipid Profiles,project-sc-RNAseq,0.2,Weak overlap: RNA-seq,https://ahuffmyer.github.io/ASH_Putnam_Lab_Notebook/ASCA-Lipids-Analysis-Temperature-Parent-Effects/,https://github.com/RobertsLab/project-sc-RNAseq
ASCA Analysis of Temperature and Parent Effects on Lipid Profiles,project-gigas-oa-meth,0.2,Weak overlap: larvae,https://ahuffmyer.github.io/ASH_Putnam_Lab_Notebook/ASCA-Lipids-Analysis-Temperature-Parent-Effects/,https://github.com/RobertsLab/project-gigas-oa-meth
ASCA Analysis of Temperature and Parent Effects on Lipid Profiles,project-pacific.oyster-larvae,0.2,Weak overlap: larvae,https://ahuffmyer.github.io/ASH_Putnam_Lab_Notebook/ASCA-Lipids-Analysis-Temperature-Parent-Effects/,https://github.com/RobertsLab/project-pacific.oyster-larvae
Plan for Westcott Oyster Survival Testing,project-cod-temperature,0.2,Weak overlap: temperature,https://ahuffmyer.github.io/ASH_Putnam_Lab_Notebook/Plan-for-Westcott-Oyster-Survival-Testing/,https://github.com/RobertsLab/project-cod-temperature
Plan for Westcott Oyster Survival Testing,manchester-hardening,0.2,"Weak overlap: hardening, thermal",https://ahuffmyer.github.io/ASH_Putnam_Lab_Notebook/Plan-for-Westcott-Oyster-Survival-Testing/,https://github.com/RobertsLab/manchester-hardening
Plan for Westcott Oyster Survival Testing,project-gigas-carryover,0.2,Weak overlap: Pacific oyster (Crassostrea/Magallana gigas),https://ahuffmyer.github.io/ASH_Putnam_Lab_Notebook/Plan-for-Westcott-Oyster-Survival-Testing/,https://github.com/RobertsLab/project-gigas-carryover
Plan for Westcott Oyster Survival Testing,pgc-edc-oyster,0.2,Weak overlap: Pacific oyster (Crassostrea/Magallana gigas),https://ahuffmyer.github.io/ASH_Putnam_Lab_Notebook/Plan-for-Westcott-Oyster-Survival-Testing/,https://github.com/RobertsLab/pgc-edc-oyster
Plan for Westcott Oyster Survival Testing,project-gigas-oa-meth,0.2,Weak overlap: Pacific oyster (Crassostrea/Magallana gigas),https://ahuffmyer.github.io/ASH_Putnam_Lab_Notebook/Plan-for-Westcott-Oyster-Survival-Testing/,https://github.com/RobertsLab/project-gigas-oa-meth
Plan for Westcott Oyster Survival Testing,project-gigas-ploidy-oa,0.2,Weak overlap: Pacific oyster (Crassostrea/Magallana gigas),https://ahuffmyer.github.io/ASH_Putnam_Lab_Notebook/Plan-for-Westcott-Oyster-Survival-Testing/,https://github.com/RobertsLab/project-gigas-ploidy-oa
Plan for Westcott Oyster Survival Testing,project-gigas_ploidy,0.2,Weak overlap: Pacific oyster (Crassostrea/Magallana gigas),https://ahuffmyer.github.io/ASH_Putnam_Lab_Notebook/Plan-for-Westcott-Oyster-Survival-Testing/,https://github.com/RobertsLab/project-gigas_ploidy
Plan for Westcott Oyster Survival Testing,paper-gigas-early-gametogenic-exposure,0.2,Weak overlap: Pacific oyster (Crassostrea/Magallana gigas),https://ahuffmyer.github.io/ASH_Putnam_Lab_Notebook/Plan-for-Westcott-Oyster-Survival-Testing/,https://github.com/RobertsLab/paper-gigas-early-gametogenic-exposure
Plan for Westcott Oyster Survival Testing,paper-gigas-DNR-proteomics,0.2,Weak overlap: Pacific oyster (Crassostrea/Magallana gigas),https://ahuffmyer.github.io/ASH_Putnam_Lab_Notebook/Plan-for-Westcott-Oyster-Survival-Testing/,https://github.com/RobertsLab/paper-gigas-DNR-proteomics
Plan for Westcott Oyster Survival Testing,paper-gigas-metaanalysis,0.2,Weak overlap: Pacific oyster (Crassostrea/Magallana gigas),https://ahuffmyer.github.io/ASH_Putnam_Lab_Notebook/Plan-for-Westcott-Oyster-Survival-Testing/,https://github.com/RobertsLab/paper-gigas-metaanalysis
Resazurin trials on gill tissue,project-gigas-conditioning,0.2,Weak overlap: Pacific oyster (Crassostrea/Magallana gigas),https://ahuffmyer.github.io/ASH_Putnam_Lab_Notebook/Resazurin-trials-of-gill-tissue/,https://github.com/RobertsLab/project-gigas-conditioning
Resazurin trials on gill tissue,project-cod-temperature,0.2,Weak overlap: temperature,https://ahuffmyer.github.io/ASH_Putnam_Lab_Notebook/Resazurin-trials-of-gill-tissue/,https://github.com/RobertsLab/project-cod-temperature
Resazurin trials on gill tissue,project-gigas-carryover,0.2,Weak overlap: Pacific oyster (Crassostrea/Magallana gigas),https://ahuffmyer.github.io/ASH_Putnam_Lab_Notebook/Resazurin-trials-of-gill-tissue/,https://github.com/RobertsLab/project-gigas-carryover
Resazurin trials on gill tissue,pgc-edc-oyster,0.2,Weak overlap: Pacific oyster (Crassostrea/Magallana gigas),https://ahuffmyer.github.io/ASH_Putnam_Lab_Notebook/Resazurin-trials-of-gill-tissue/,https://github.com/RobertsLab/pgc-edc-oyster
Resazurin trials on gill tissue,oyster-ploidy-hardening,0.2,Weak overlap: Pacific oyster (Crassostrea/Magallana gigas),https://ahuffmyer.github.io/ASH_Putnam_Lab_Notebook/Resazurin-trials-of-gill-tissue/,https://github.com/RobertsLab/oyster-ploidy-hardening
Resazurin trials on gill tissue,project-gigas-oa-meth,0.2,Weak overlap: Pacific oyster (Crassostrea/Magallana gigas),https://ahuffmyer.github.io/ASH_Putnam_Lab_Notebook/Resazurin-trials-of-gill-tissue/,https://github.com/RobertsLab/project-gigas-oa-meth
Resazurin trials on gill tissue,project-gigas-ploidy-oa,0.2,Weak overlap: Pacific oyster (Crassostrea/Magallana gigas),https://ahuffmyer.github.io/ASH_Putnam_Lab_Notebook/Resazurin-trials-of-gill-tissue/,https://github.com/RobertsLab/project-gigas-ploidy-oa
Resazurin trials on gill tissue,project-gigas_ploidy,0.2,Weak overlap: Pacific oyster (Crassostrea/Magallana gigas),https://ahuffmyer.github.io/ASH_Putnam_Lab_Notebook/Resazurin-trials-of-gill-tissue/,https://github.com/RobertsLab/project-gigas_ploidy
Resazurin trials on gill tissue,paper-gigas-early-gametogenic-exposure,0.2,Weak overlap: Pacific oyster (Crassostrea/Magallana gigas),https://ahuffmyer.github.io/ASH_Putnam_Lab_Notebook/Resazurin-trials-of-gill-tissue/,https://github.com/RobertsLab/paper-gigas-early-gametogenic-exposure
Resazurin trials on gill tissue,paper-gigas-DNR-proteomics,0.2,Weak overlap: Pacific oyster (Crassostrea/Magallana gigas),https://ahuffmyer.github.io/ASH_Putnam_Lab_Notebook/Resazurin-trials-of-gill-tissue/,https://github.com/RobertsLab/paper-gigas-DNR-proteomics
Resazurin trials on gill tissue,paper-gigas-metaanalysis,0.2,Weak overlap: Pacific oyster (Crassostrea/Magallana gigas),https://ahuffmyer.github.io/ASH_Putnam_Lab_Notebook/Resazurin-trials-of-gill-tissue/,https://github.com/RobertsLab/paper-gigas-metaanalysis
December 2025 Goals,project-sc-RNAseq,0.2,Weak overlap: RNA-seq,https://ahuffmyer.github.io/ASH_Putnam_Lab_Notebook/December-2025-Goals/,https://github.com/RobertsLab/project-sc-RNAseq
Westcott Oyster Final Assessment Dec 2025,project-cod-temperature,0.2,Weak overlap: temperature,https://ahuffmyer.github.io/ASH_Putnam_Lab_Notebook/Westcott-Oyster-Final-Assessment-Dec-2025/,https://github.com/RobertsLab/project-cod-temperature
Westcott Oyster Final Assessment Dec 2025,project-gigas-carryover,0.2,Weak overlap: Pacific oyster (Crassostrea/Magallana gigas),https://ahuffmyer.github.io/ASH_Putnam_Lab_Notebook/Westcott-Oyster-Final-Assessment-Dec-2025/,https://github.com/RobertsLab/project-gigas-carryover
Westcott Oyster Final Assessment Dec 2025,pgc-edc-oyster,0.2,Weak overlap: Pacific oyster (Crassostrea/Magallana gigas),https://ahuffmyer.github.io/ASH_Putnam_Lab_Notebook/Westcott-Oyster-Final-Assessment-Dec-2025/,https://github.com/RobertsLab/pgc-edc-oyster
Westcott Oyster Final Assessment Dec 2025,oyster-ploidy-hardening,0.2,Weak overlap: Pacific oyster (Crassostrea/Magallana gigas),https://ahuffmyer.github.io/ASH_Putnam_Lab_Notebook/Westcott-Oyster-Final-Assessment-Dec-2025/,https://github.com/RobertsLab/oyster-ploidy-hardening
Westcott Oyster Final Assessment Dec 2025,project-gigas-oa-meth,0.2,Weak overlap: Pacific oyster (Crassostrea/Magallana gigas),https://ahuffmyer.github.io/ASH_Putnam_Lab_Notebook/Westcott-Oyster-Final-Assessment-Dec-2025/,https://github.com/RobertsLab/project-gigas-oa-meth
Westcott Oyster Final Assessment Dec 2025,project-gigas-ploidy-oa,0.2,Weak overlap: Pacific oyster (Crassostrea/Magallana gigas),https://ahuffmyer.github.io/ASH_Putnam_Lab_Notebook/Westcott-Oyster-Final-Assessment-Dec-2025/,https://github.com/RobertsLab/project-gigas-ploidy-oa
Westcott Oyster Final Assessment Dec 2025,project-gigas_ploidy,0.2,Weak overlap: Pacific oyster (Crassostrea/Magallana gigas),https://ahuffmyer.github.io/ASH_Putnam_Lab_Notebook/Westcott-Oyster-Final-Assessment-Dec-2025/,https://github.com/RobertsLab/project-gigas_ploidy
Westcott Oyster Final Assessment Dec 2025,paper-gigas-early-gametogenic-exposure,0.2,Weak overlap: Pacific oyster (Crassostrea/Magallana gigas),https://ahuffmyer.github.io/ASH_Putnam_Lab_Notebook/Westcott-Oyster-Final-Assessment-Dec-2025/,https://github.com/RobertsLab/paper-gigas-early-gametogenic-exposure
Westcott Oyster Final Assessment Dec 2025,paper-gigas-DNR-proteomics,0.2,Weak overlap: Pacific oyster (Crassostrea/Magallana gigas),https://ahuffmyer.github.io/ASH_Putnam_Lab_Notebook/Westcott-Oyster-Final-Assessment-Dec-2025/,https://github.com/RobertsLab/paper-gigas-DNR-proteomics
Westcott Oyster Final Assessment Dec 2025,paper-gigas-metaanalysis,0.2,Weak overlap: Pacific oyster (Crassostrea/Magallana gigas),https://ahuffmyer.github.io/ASH_Putnam_Lab_Notebook/Westcott-Oyster-Final-Assessment-Dec-2025/,https://github.com/RobertsLab/paper-gigas-metaanalysis
Westcott oyster survival and resazurin lab testing,project-cod-temperature,0.2,Weak overlap: temperature,https://ahuffmyer.github.io/ASH_Putnam_Lab_Notebook/Westcott-Oyster-Survival-and-Resazurin-Lab-Testing/,https://github.com/RobertsLab/project-cod-temperature
Westcott oyster survival and resazurin lab testing,manchester-hardening,0.2,"Weak overlap: hardening, thermal",https://ahuffmyer.github.io/ASH_Putnam_Lab_Notebook/Westcott-Oyster-Survival-and-Resazurin-Lab-Testing/,https://github.com/RobertsLab/manchester-hardening
Westcott oyster survival and resazurin lab testing,project-gigas-carryover,0.2,Weak overlap: Pacific oyster (Crassostrea/Magallana gigas),https://ahuffmyer.github.io/ASH_Putnam_Lab_Notebook/Westcott-Oyster-Survival-and-Resazurin-Lab-Testing/,https://github.com/RobertsLab/project-gigas-carryover
Westcott oyster survival and resazurin lab testing,pgc-edc-oyster,0.2,Weak overlap: Pacific oyster (Crassostrea/Magallana gigas),https://ahuffmyer.github.io/ASH_Putnam_Lab_Notebook/Westcott-Oyster-Survival-and-Resazurin-Lab-Testing/,https://github.com/RobertsLab/pgc-edc-oyster
Westcott oyster survival and resazurin lab testing,project-gigas-oa-meth,0.2,Weak overlap: Pacific oyster (Crassostrea/Magallana gigas),https://ahuffmyer.github.io/ASH_Putnam_Lab_Notebook/Westcott-Oyster-Survival-and-Resazurin-Lab-Testing/,https://github.com/RobertsLab/project-gigas-oa-meth
Westcott oyster survival and resazurin lab testing,project-gigas-ploidy-oa,0.2,Weak overlap: Pacific oyster (Crassostrea/Magallana gigas),https://ahuffmyer.github.io/ASH_Putnam_Lab_Notebook/Westcott-Oyster-Survival-and-Resazurin-Lab-Testing/,https://github.com/RobertsLab/project-gigas-ploidy-oa
Westcott oyster survival and resazurin lab testing,project-gigas_ploidy,0.2,Weak overlap: Pacific oyster (Crassostrea/Magallana gigas),https://ahuffmyer.github.io/ASH_Putnam_Lab_Notebook/Westcott-Oyster-Survival-and-Resazurin-Lab-Testing/,https://github.com/RobertsLab/project-gigas_ploidy
Westcott oyster survival and resazurin lab testing,paper-gigas-early-gametogenic-exposure,0.2,Weak overlap: Pacific oyster (Crassostrea/Magallana gigas),https://ahuffmyer.github.io/ASH_Putnam_Lab_Notebook/Westcott-Oyster-Survival-and-Resazurin-Lab-Testing/,https://github.com/RobertsLab/paper-gigas-early-gametogenic-exposure
Westcott oyster survival and resazurin lab testing,paper-gigas-DNR-proteomics,0.2,Weak overlap: Pacific oyster (Crassostrea/Magallana gigas),https://ahuffmyer.github.io/ASH_Putnam_Lab_Notebook/Westcott-Oyster-Survival-and-Resazurin-Lab-Testing/,https://github.com/RobertsLab/paper-gigas-DNR-proteomics
Westcott oyster survival and resazurin lab testing,paper-gigas-metaanalysis,0.2,Weak overlap: Pacific oyster (Crassostrea/Magallana gigas),https://ahuffmyer.github.io/ASH_Putnam_Lab_Notebook/Westcott-Oyster-Survival-and-Resazurin-Lab-Testing/,https://github.com/RobertsLab/paper-gigas-metaanalysis
Next steps for SORMI assays,project-gigas-conditioning,0.2,Weak overlap: Pacific oyster (Crassostrea/Magallana gigas),https://ahuffmyer.github.io/ASH_Putnam_Lab_Notebook/Next-steps-for-SORMI-assays/,https://github.com/RobertsLab/project-gigas-conditioning
Next steps for SORMI assays,project-cod-temperature,0.2,Weak overlap: temperature,https://ahuffmyer.github.io/ASH_Putnam_Lab_Notebook/Next-steps-for-SORMI-assays/,https://github.com/RobertsLab/project-cod-temperature
Next steps for SORMI assays,manchester-hardening,0.2,Weak overlap: hardening,https://ahuffmyer.github.io/ASH_Putnam_Lab_Notebook/Next-steps-for-SORMI-assays/,https://github.com/RobertsLab/manchester-hardening
Next steps for SORMI assays,project-gigas-carryover,0.2,Weak overlap: Pacific oyster (Crassostrea/Magallana gigas),https://ahuffmyer.github.io/ASH_Putnam_Lab_Notebook/Next-steps-for-SORMI-assays/,https://github.com/RobertsLab/project-gigas-carryover
Next steps for SORMI assays,pgc-edc-oyster,0.2,Weak overlap: Pacific oyster (Crassostrea/Magallana gigas),https://ahuffmyer.github.io/ASH_Putnam_Lab_Notebook/Next-steps-for-SORMI-assays/,https://github.com/RobertsLab/pgc-edc-oyster
Next steps for SORMI assays,project-gigas-oa-meth,0.2,Weak overlap: Pacific oyster (Crassostrea/Magallana gigas),https://ahuffmyer.github.io/ASH_Putnam_Lab_Notebook/Next-steps-for-SORMI-assays/,https://github.com/RobertsLab/project-gigas-oa-meth
Next steps for SORMI assays,project-gigas-ploidy-oa,0.2,Weak overlap: Pacific oyster (Crassostrea/Magallana gigas),https://ahuffmyer.github.io/ASH_Putnam_Lab_Notebook/Next-steps-for-SORMI-assays/,https://github.com/RobertsLab/project-gigas-ploidy-oa
Next steps for SORMI assays,project-gigas_ploidy,0.2,Weak overlap: Pacific oyster (Crassostrea/Magallana gigas),https://ahuffmyer.github.io/ASH_Putnam_Lab_Notebook/Next-steps-for-SORMI-assays/,https://github.com/RobertsLab/project-gigas_ploidy
Next steps for SORMI assays,paper-gigas-early-gametogenic-exposure,0.2,Weak overlap: Pacific oyster (Crassostrea/Magallana gigas),https://ahuffmyer.github.io/ASH_Putnam_Lab_Notebook/Next-steps-for-SORMI-assays/,https://github.com/RobertsLab/paper-gigas-early-gametogenic-exposure
Next steps for SORMI assays,paper-gigas-DNR-proteomics,0.2,Weak overlap: Pacific oyster (Crassostrea/Magallana gigas),https://ahuffmyer.github.io/ASH_Putnam_Lab_Notebook/Next-steps-for-SORMI-assays/,https://github.com/RobertsLab/paper-gigas-DNR-proteomics
Next steps for SORMI assays,paper-gigas-metaanalysis,0.2,Weak overlap: Pacific oyster (Crassostrea/Magallana gigas),https://ahuffmyer.github.io/ASH_Putnam_Lab_Notebook/Next-steps-for-SORMI-assays/,https://github.com/RobertsLab/paper-gigas-metaanalysis
ASCA Analysis for RNAseq and Lipidomics Data for the 2023 Hawaii project,polyIC-larvae,0.2,Weak overlap: larvae,https://ahuffmyer.github.io/ASH_Putnam_Lab_Notebook/ASCA-Analysis-Methods-RNAseq-Lipids/,https://github.com/RobertsLab/polyIC-larvae
ASCA Analysis for RNAseq and Lipidomics Data for the 2023 Hawaii project,project-cod-temperature,0.2,Weak overlap: temperature,https://ahuffmyer.github.io/ASH_Putnam_Lab_Notebook/ASCA-Analysis-Methods-RNAseq-Lipids/,https://github.com/RobertsLab/project-cod-temperature
ASCA Analysis for RNAseq and Lipidomics Data for the 2023 Hawaii project,project-sc-RNAseq,0.2,Weak overlap: RNA-seq,https://ahuffmyer.github.io/ASH_Putnam_Lab_Notebook/ASCA-Analysis-Methods-RNAseq-Lipids/,https://github.com/RobertsLab/project-sc-RNAseq
ASCA Analysis for RNAseq and Lipidomics Data for the 2023 Hawaii project,project-gigas-oa-meth,0.2,Weak overlap: larvae,https://ahuffmyer.github.io/ASH_Putnam_Lab_Notebook/ASCA-Analysis-Methods-RNAseq-Lipids/,https://github.com/RobertsLab/project-gigas-oa-meth
ASCA Analysis for RNAseq and Lipidomics Data for the 2023 Hawaii project,project-pacific.oyster-larvae,0.2,Weak overlap: larvae,https://ahuffmyer.github.io/ASH_Putnam_Lab_Notebook/ASCA-Analysis-Methods-RNAseq-Lipids/,https://github.com/RobertsLab/project-pacific.oyster-larvae
ASCA Analysis for RNAseq and Lipidomics Data for the 2023 Hawaii project,paper-gigas-DNR-proteomics,0.2,"Weak overlap: Proteomics, proteomics",https://ahuffmyer.github.io/ASH_Putnam_Lab_Notebook/ASCA-Analysis-Methods-RNAseq-Lipids/,https://github.com/RobertsLab/paper-gigas-DNR-proteomics
ASCA Analysis for RNAseq and Lipidomics Data for the 2023 Hawaii project,Paper-DNR-Geoduck-Proteomics,0.2,"Weak overlap: Proteomics, proteomics",https://ahuffmyer.github.io/ASH_Putnam_Lab_Notebook/ASCA-Analysis-Methods-RNAseq-Lipids/,https://github.com/RobertsLab/Paper-DNR-Geoduck-Proteomics
January 2026 Goals,project-sc-RNAseq,0.2,Weak overlap: RNA-seq,https://ahuffmyer.github.io/ASH_Putnam_Lab_Notebook/January-2025-Goals/,https://github.com/RobertsLab/project-sc-RNAseq
Checking on field outplants at Manchester,project-gigas-conditioning,0.2,Weak overlap: Pacific oyster (Crassostrea/Magallana gigas),https://ahuffmyer.github.io/ASH_Putnam_Lab_Notebook/Checking-on-field-outplants-at-Manchester/,https://github.com/RobertsLab/project-gigas-conditioning
Checking on field outplants at Manchester,project-cod-temperature,0.2,Weak overlap: temperature,https://ahuffmyer.github.io/ASH_Putnam_Lab_Notebook/Checking-on-field-outplants-at-Manchester/,https://github.com/RobertsLab/project-cod-temperature
Checking on field outplants at Manchester,project-gigas-carryover,0.2,Weak overlap: Pacific oyster (Crassostrea/Magallana gigas),https://ahuffmyer.github.io/ASH_Putnam_Lab_Notebook/Checking-on-field-outplants-at-Manchester/,https://github.com/RobertsLab/project-gigas-carryover
Checking on field outplants at Manchester,pgc-edc-oyster,0.2,Weak overlap: Pacific oyster (Crassostrea/Magallana gigas),https://ahuffmyer.github.io/ASH_Putnam_Lab_Notebook/Checking-on-field-outplants-at-Manchester/,https://github.com/RobertsLab/pgc-edc-oyster
Checking on field outplants at Manchester,project-gigas-oa-meth,0.2,Weak overlap: Pacific oyster (Crassostrea/Magallana gigas),https://ahuffmyer.github.io/ASH_Putnam_Lab_Notebook/Checking-on-field-outplants-at-Manchester/,https://github.com/RobertsLab/project-gigas-oa-meth
Checking on field outplants at Manchester,project-gigas-ploidy-oa,0.2,Weak overlap: Pacific oyster (Crassostrea/Magallana gigas),https://ahuffmyer.github.io/ASH_Putnam_Lab_Notebook/Checking-on-field-outplants-at-Manchester/,https://github.com/RobertsLab/project-gigas-ploidy-oa
Checking on field outplants at Manchester,project-gigas_ploidy,0.2,Weak overlap: Pacific oyster (Crassostrea/Magallana gigas),https://ahuffmyer.github.io/ASH_Putnam_Lab_Notebook/Checking-on-field-outplants-at-Manchester/,https://github.com/RobertsLab/project-gigas_ploidy
Checking on field outplants at Manchester,paper-gigas-early-gametogenic-exposure,0.2,Weak overlap: Pacific oyster (Crassostrea/Magallana gigas),https://ahuffmyer.github.io/ASH_Putnam_Lab_Notebook/Checking-on-field-outplants-at-Manchester/,https://github.com/RobertsLab/paper-gigas-early-gametogenic-exposure
Checking on field outplants at Manchester,paper-gigas-DNR-proteomics,0.2,Weak overlap: Pacific oyster (Crassostrea/Magallana gigas),https://ahuffmyer.github.io/ASH_Putnam_Lab_Notebook/Checking-on-field-outplants-at-Manchester/,https://github.com/RobertsLab/paper-gigas-DNR-proteomics
Checking on field outplants at Manchester,paper-gigas-metaanalysis,0.2,Weak overlap: Pacific oyster (Crassostrea/Magallana gigas),https://ahuffmyer.github.io/ASH_Putnam_Lab_Notebook/Checking-on-field-outplants-at-Manchester/,https://github.com/RobertsLab/paper-gigas-metaanalysis
